2789c608-1b42-4ac4-bd51-fc5b9cd75d4b.mirbase21.mirnas.quantification.txt,Primary Tumor
47ef216a-9d73-442c-9cfb-d68a69262d91.mirbase21.mirnas.quantification.txt,Primary Tumor
29cc41ed-cb0a-4a47-8d3c-fcde53615d66.mirbase21.mirnas.quantification.txt,Primary Tumor
85e7497f-e19a-45ca-961f-65767a494206.mirbase21.mirnas.quantification.txt,Primary Tumor
79227daf-12ac-49c3-bf04-a31b5628d738.mirbase21.mirnas.quantification.txt,Primary Tumor
42bf4b58-a4eb-4cc2-9786-b1fc29aab334.mirbase21.mirnas.quantification.txt,Primary Tumor
6f8eb16a-a2f9-4362-9fdc-6f303e7b51f8.mirbase21.mirnas.quantification.txt,Primary Tumor
ef715b4a-c879-4528-856c-7a70e29b5819.mirbase21.mirnas.quantification.txt,Primary Tumor
e3360c02-09b9-45c5-ac58-894d045023e6.mirbase21.mirnas.quantification.txt,Primary Tumor
3f83180f-149c-495b-ae4b-de93542fd21c.mirbase21.mirnas.quantification.txt,Primary Tumor
6520f3db-0e25-4dac-8aae-d96da9712d85.mirbase21.mirnas.quantification.txt,Primary Tumor
0b71fcd9-5e03-40e5-ba24-ac08f512ba80.mirbase21.mirnas.quantification.txt,Primary Tumor
f5bac553-9032-42ca-9a24-ee4e6d6ff0c1.mirbase21.mirnas.quantification.txt,Primary Tumor
10660095-038a-4286-8aa8-25b0407e1db8.mirbase21.mirnas.quantification.txt,Primary Tumor
2ccae740-882e-4b4a-8f29-08e107b3cba5.mirbase21.mirnas.quantification.txt,Solid Tissue Normal
548aec72-9f53-43ba-99a2-269527fff069.mirbase21.mirnas.quantification.txt,Primary Tumor
cec5df7c-15a6-4467-849c-417c94a65523.mirbase21.mirnas.quantification.txt,Primary Tumor
ae26ba1b-2b15-4b4c-ba9a-2d7cddf5dda0.mirbase21.mirnas.quantification.txt,Primary Tumor
2a65e10a-5fd8-4e68-ad32-7283f1887c99.mirbase21.mirnas.quantification.txt,Primary Tumor
3040112b-f612-43bc-abfd-1cc992453fe6.mirbase21.mirnas.quantification.txt,Primary Tumor
d900f712-a98a-47fd-9a33-f13e57f5c343.mirbase21.mirnas.quantification.txt,Primary Tumor
f4cafe8e-81db-4c7e-aae4-765c52de2051.mirbase21.mirnas.quantification.txt,Primary Tumor
c44ddc23-7a57-4ed0-b864-c1b0d450224a.mirbase21.mirnas.quantification.txt,Primary Tumor
5464aa57-2b0e-493f-931a-9f356784032b.mirbase21.mirnas.quantification.txt,Primary Tumor
7348be0a-2a46-47df-b13e-2660f391a865.mirbase21.mirnas.quantification.txt,Primary Tumor
54b0dfa1-2cf6-4d98-9bf4-59099a11a20c.mirbase21.mirnas.quantification.txt,Primary Tumor
beabc7a5-9a42-4aa7-9282-630f4f090e8c.mirbase21.mirnas.quantification.txt,Primary Tumor
b2b0d26a-bdd8-48fb-b976-b28b5b09a6ec.mirbase21.mirnas.quantification.txt,Primary Tumor
0fa3037c-5ea6-4871-b10f-032ae42ae397.mirbase21.mirnas.quantification.txt,Primary Tumor
187a136b-89c4-4094-b363-5af5cbc92098.mirbase21.mirnas.quantification.txt,Primary Tumor
aef6719c-dc07-473c-8375-480f012e976a.mirbase21.mirnas.quantification.txt,Primary Tumor
a3a73623-b490-4e3d-a7d6-9e804a044b19.mirbase21.mirnas.quantification.txt,Primary Tumor
769b23dc-7cf7-4b57-afbd-d220597620ec.mirbase21.mirnas.quantification.txt,Primary Tumor
95c4d1f7-ab0a-4df4-9aec-1966544f2a83.mirbase21.mirnas.quantification.txt,Primary Tumor
b7564dd7-6455-4b84-af8e-d724c2c308ef.mirbase21.mirnas.quantification.txt,Primary Tumor
fcdd9d98-1f11-4d78-a03c-98ff4a546b81.mirbase21.mirnas.quantification.txt,Primary Tumor
a4f016a5-83f7-470a-845f-3d855dbbeff6.mirbase21.mirnas.quantification.txt,Primary Tumor
ec70a6ae-cf9f-450b-8ac3-05912d5d29dd.mirbase21.mirnas.quantification.txt,Primary Tumor
b6a3e82d-09c0-40f3-914d-cf5c611d90d2.mirbase21.mirnas.quantification.txt,Primary Tumor
9a2619fc-ff90-4b2c-8fe4-7ef7fbc41f87.mirbase21.mirnas.quantification.txt,Primary Tumor
a7843188-81d1-4b79-ac8b-2dfdaa40ac34.mirbase21.mirnas.quantification.txt,Primary Tumor
b9ae9879-7540-45b0-ad92-7a49e8d338dd.mirbase21.mirnas.quantification.txt,Primary Tumor
0de6a394-f157-47a9-8869-886b9d210b02.mirbase21.mirnas.quantification.txt,Primary Tumor
25cd83f0-ad99-4dd7-8a85-371a6ebbd24c.mirbase21.mirnas.quantification.txt,Primary Tumor
7d8d3302-af49-49e5-b7b4-298901074436.mirbase21.mirnas.quantification.txt,Primary Tumor
1868d917-37e4-4607-8162-1027cfed8dd7.mirbase21.mirnas.quantification.txt,Primary Tumor
404eb8e2-4087-4ba3-ba32-c187e0cbf6fd.mirbase21.mirnas.quantification.txt,Primary Tumor
0505444d-db68-420e-b673-960a7bb7a1e8.mirbase21.mirnas.quantification.txt,Primary Tumor
126450e0-dc9e-4f15-be39-e765f453d323.mirbase21.mirnas.quantification.txt,Primary Tumor
2aecf548-0be5-419c-b4fa-e3703ee657e3.mirbase21.mirnas.quantification.txt,Primary Tumor
2b3148fa-2b2c-4b23-9395-68e4b1b00da2.mirbase21.mirnas.quantification.txt,Primary Tumor
5ef7bc9b-ced2-49b9-95a9-f4cf6a2e7c0b.mirbase21.mirnas.quantification.txt,Primary Tumor
2d054bb5-2b8a-426b-a97a-530a90058b4a.mirbase21.mirnas.quantification.txt,Primary Tumor
e19e25fc-d85f-4caa-a22d-d48a461a735d.mirbase21.mirnas.quantification.txt,Primary Tumor
ea538070-5757-4691-9d6c-d8f05a6e6146.mirbase21.mirnas.quantification.txt,Primary Tumor
9b07c27e-6414-4b1d-b00a-9e5604cd78ee.mirbase21.mirnas.quantification.txt,Primary Tumor
d17c6479-4033-44b8-99bc-be590251ade6.mirbase21.mirnas.quantification.txt,Primary Tumor
645290eb-8d7e-4342-abdc-b1bb1ff4b545.mirbase21.mirnas.quantification.txt,Primary Tumor
89d575d1-1f24-4309-801e-cb1d77ba21bc.mirbase21.mirnas.quantification.txt,Primary Tumor
3040fbe6-fd9a-4586-956b-378ec47ec7eb.mirbase21.mirnas.quantification.txt,Primary Tumor
710fcec2-92a3-498e-88aa-87b2c547a036.mirbase21.mirnas.quantification.txt,Primary Tumor
56e6a35f-f01a-46d9-8318-c7e7f67c7f1a.mirbase21.mirnas.quantification.txt,Solid Tissue Normal
e8b29b5b-0a7a-41bb-8ad9-acda7cd467b4.mirbase21.mirnas.quantification.txt,Primary Tumor
d57591ec-4692-482d-89b2-6e34ea13ee54.mirbase21.mirnas.quantification.txt,Primary Tumor
eedd6d56-fc6e-445e-aaeb-9d891b98b8ba.mirbase21.mirnas.quantification.txt,Primary Tumor
85860c12-c406-46b4-af6f-088241784b10.mirbase21.mirnas.quantification.txt,Primary Tumor
316b1936-e040-4ea3-8346-d00b2b98cf0a.mirbase21.mirnas.quantification.txt,Solid Tissue Normal
9e365ec7-4d96-460d-9fed-928f05507fbe.mirbase21.mirnas.quantification.txt,Primary Tumor
afcbcae0-4df2-40d5-a815-47bb24980039.mirbase21.mirnas.quantification.txt,Primary Tumor
518c956a-abf6-4ad1-9209-7d0263ebe471.mirbase21.mirnas.quantification.txt,Primary Tumor
b11aa4ce-3b72-431e-abf8-6a18e0754275.mirbase21.mirnas.quantification.txt,Primary Tumor
676b95a0-38d6-4f95-ad71-e91e1078d90f.mirbase21.mirnas.quantification.txt,Primary Tumor
45d18678-bc95-4d3e-be11-3b66bd3c0129.mirbase21.mirnas.quantification.txt,Primary Tumor
44529a9f-4f49-470c-887e-6f22d149cfd1.mirbase21.mirnas.quantification.txt,Primary Tumor
2cb2115a-f00c-4d7f-a696-c9e1bc2e0227.mirbase21.mirnas.quantification.txt,Primary Tumor
d34c831f-a2f6-4dbc-aef0-34a75b21e0ba.mirbase21.mirnas.quantification.txt,Primary Tumor
3df93fe7-fb98-4c11-900b-03688856de4c.mirbase21.mirnas.quantification.txt,Primary Tumor
10e57695-3379-4a9b-ad01-f9b42be27d56.mirbase21.mirnas.quantification.txt,Primary Tumor
f97bcef9-266c-49ed-891f-0166708d1315.mirbase21.mirnas.quantification.txt,Primary Tumor
70a0f0c1-8544-4712-8f6c-7cb8c541f8fb.mirbase21.mirnas.quantification.txt,Primary Tumor
2d7d031e-bdc4-49c6-b7ac-576a342c713a.mirbase21.mirnas.quantification.txt,Primary Tumor
8f3f0c98-c8b8-4c96-bd6b-412d89c78ebe.mirbase21.mirnas.quantification.txt,Primary Tumor
fe8fc630-7521-4036-a30f-c3b6c3056499.mirbase21.mirnas.quantification.txt,Primary Tumor
52ced3b3-f4a7-41a2-bdf8-16fee8595bfd.mirbase21.mirnas.quantification.txt,Primary Tumor
4fbfc232-818f-48fb-83bc-6433c9207b09.mirbase21.mirnas.quantification.txt,Primary Tumor
d115579a-8f0d-4922-bb55-970f659a1a73.mirbase21.mirnas.quantification.txt,Primary Tumor
c8b8cbe8-571e-4b3e-bb55-0445ee45cc69.mirbase21.mirnas.quantification.txt,Primary Tumor
209d014b-eb5e-4d1d-a4ab-cdf8d9c285b2.mirbase21.mirnas.quantification.txt,Solid Tissue Normal
91e0ab4f-ae82-43f4-855d-bb9ea23dd665.mirbase21.mirnas.quantification.txt,Solid Tissue Normal
d77e712b-0dcd-4922-9f83-b0bdc87675fc.mirbase21.mirnas.quantification.txt,Primary Tumor
466218d9-e426-4808-bcf8-1feba56856ea.mirbase21.mirnas.quantification.txt,Primary Tumor
b276bd1c-fbaa-452a-b0a0-8a13ca1e57b6.mirbase21.mirnas.quantification.txt,Solid Tissue Normal
fa7aef3b-6a0e-4bfe-bb2a-86d477dbf724.mirbase21.mirnas.quantification.txt,Primary Tumor
b156f303-0e40-4bf4-a1ca-3dd024dcdcbc.mirbase21.mirnas.quantification.txt,Primary Tumor
7f81c4e4-c26a-414d-9a51-8d3a0e9aa335.mirbase21.mirnas.quantification.txt,Primary Tumor
e37c9ce4-f7bf-4632-98ad-767e9a22d073.mirbase21.mirnas.quantification.txt,Primary Tumor
e4be68bd-3e5d-4f67-839f-2d95987f55b3.mirbase21.mirnas.quantification.txt,Primary Tumor
8cecb9a1-c506-43d5-962f-532df0efe290.mirbase21.mirnas.quantification.txt,Primary Tumor
d577d55f-4f4c-4671-8a6c-5fbc1b55f274.mirbase21.mirnas.quantification.txt,Primary Tumor
0d8283a3-36ef-4d4a-8204-66864dba73eb.mirbase21.mirnas.quantification.txt,Primary Tumor
ed76555f-5f79-4b45-bc5f-1219e350ee1d.mirbase21.mirnas.quantification.txt,Primary Tumor
8ba0abab-da20-45a8-97c9-d53036c9e44f.mirbase21.mirnas.quantification.txt,Primary Tumor
09a8fbb6-a236-4c64-be34-932db3fd3f06.mirbase21.mirnas.quantification.txt,Primary Tumor
c5b3879a-c29a-4d5f-b0fa-fcfc3943443e.mirbase21.mirnas.quantification.txt,Primary Tumor
41a9b93b-bd57-49ee-a703-510e61dead63.mirbase21.mirnas.quantification.txt,Primary Tumor
d2ce94aa-73c0-4789-b5dd-442bc4f7125a.mirbase21.mirnas.quantification.txt,Primary Tumor
29cb59d1-59ba-4fc8-8783-0a3cea827132.mirbase21.mirnas.quantification.txt,Primary Tumor
fde057d2-bda8-4511-b82e-7959669d3281.mirbase21.mirnas.quantification.txt,Primary Tumor
ff5cd2c4-e5de-4eb8-b679-e65449ec323a.mirbase21.mirnas.quantification.txt,Primary Tumor
ebaf51d0-54fd-455b-91ca-95498917d93c.mirbase21.mirnas.quantification.txt,Primary Tumor
ee864d1e-d093-41d4-ad80-ae6294aadec2.mirbase21.mirnas.quantification.txt,Solid Tissue Normal
54518ec6-e4d3-4af5-9c0a-1494cc61b0fb.mirbase21.mirnas.quantification.txt,Primary Tumor
2717b73b-fb88-4bbf-8f8c-f0c9f2ede252.mirbase21.mirnas.quantification.txt,Primary Tumor
3b4fbdcf-e459-4229-8e56-79c26b3d2e98.mirbase21.mirnas.quantification.txt,Primary Tumor
e8d4c720-8d16-437f-b1bb-561dc3108800.mirbase21.mirnas.quantification.txt,Primary Tumor
b76eea33-d9ec-4265-a346-6d8dc037882a.mirbase21.mirnas.quantification.txt,Primary Tumor
b88c88bd-dc82-477f-bf28-6a79bc5700d1.mirbase21.mirnas.quantification.txt,Primary Tumor
54dcc280-1f79-4be5-961f-8c03ec2b4556.mirbase21.mirnas.quantification.txt,Solid Tissue Normal
f04164db-982b-4709-a9d7-e3bd277b94d2.mirbase21.mirnas.quantification.txt,Primary Tumor
8e19d16b-ee45-4d99-9a82-ed9dd6ed8c49.mirbase21.mirnas.quantification.txt,Primary Tumor
fff1c9a0-c06e-4b12-b917-9f895d38b5f0.mirbase21.mirnas.quantification.txt,Primary Tumor
cfcccec6-5ece-4b90-964d-e3446a8b03a3.mirbase21.mirnas.quantification.txt,Primary Tumor
2ce363dd-85eb-4d73-8f77-fe8c072203c0.mirbase21.mirnas.quantification.txt,Primary Tumor
427217a0-b24a-4c7f-bc17-c0094b490bdc.mirbase21.mirnas.quantification.txt,Metastatic
30671b2b-1583-4908-bfab-25a9ccb16997.mirbase21.mirnas.quantification.txt,Solid Tissue Normal
8e309508-8bf5-43d3-aa14-08eab48767f8.mirbase21.mirnas.quantification.txt,Primary Tumor
4260d816-2114-4a11-bfae-1e81c49c8c84.mirbase21.mirnas.quantification.txt,Primary Tumor
76c0b52e-617d-4b07-a295-2f9ed77aa2a9.mirbase21.mirnas.quantification.txt,Primary Tumor
e739cf02-fc80-451c-97ce-dc77cabed8f2.mirbase21.mirnas.quantification.txt,Primary Tumor
773e03a6-84d1-45a7-be91-07fe7ca08567.mirbase21.mirnas.quantification.txt,Primary Tumor
01629488-8b88-47fc-804d-dd5b78191c87.mirbase21.mirnas.quantification.txt,Primary Tumor
ed031645-7a24-48a1-a0d5-70ea334abf5f.mirbase21.mirnas.quantification.txt,Primary Tumor
d5e87214-6346-499a-91dd-1a6cd700e689.mirbase21.mirnas.quantification.txt,Solid Tissue Normal
a3e15438-3e52-4deb-ad35-0512c005dbfa.mirbase21.mirnas.quantification.txt,Primary Tumor
4a43baff-f305-4fd4-a221-464f68d40918.mirbase21.mirnas.quantification.txt,Primary Tumor
548b48fb-21d1-4f3f-8bf2-d5be9ff22cf4.mirbase21.mirnas.quantification.txt,Primary Tumor
e258ba88-a524-4978-9be7-47a2cc670fd3.mirbase21.mirnas.quantification.txt,Primary Tumor
7eef0fc9-b8b4-423e-9875-ea27a6935022.mirbase21.mirnas.quantification.txt,Solid Tissue Normal
3346e3c2-0458-4879-9522-d8c427b02b8c.mirbase21.mirnas.quantification.txt,Primary Tumor
6a3421eb-e823-4832-8445-bc1eee13be6c.mirbase21.mirnas.quantification.txt,Primary Tumor
1767471f-72bd-487e-991c-5e9e70140da1.mirbase21.mirnas.quantification.txt,Primary Tumor
e667bd43-c93e-4223-b968-2899f7160409.mirbase21.mirnas.quantification.txt,Primary Tumor
c074af13-a603-41f3-9537-375897680aaa.mirbase21.mirnas.quantification.txt,Primary Tumor
17baa13d-9eca-41cf-864c-b26978d8a563.mirbase21.mirnas.quantification.txt,Solid Tissue Normal
d99e16ae-7815-4b80-ac00-ff1c28bb08ec.mirbase21.mirnas.quantification.txt,Primary Tumor
851b1db7-ee34-4afb-97e4-1d9616c80f07.mirbase21.mirnas.quantification.txt,Solid Tissue Normal
88f58847-c85a-432d-b499-2d341e88082b.mirbase21.mirnas.quantification.txt,Primary Tumor
8990b539-193b-467a-b0f8-7c0bbcf6307a.mirbase21.mirnas.quantification.txt,Primary Tumor
e98561b7-d2a9-4d33-9163-490cbee4551e.mirbase21.mirnas.quantification.txt,Primary Tumor
5c264a93-9576-4742-8f90-8906b8d8e637.mirbase21.mirnas.quantification.txt,Primary Tumor
a433ddc2-90cd-4442-9342-24b820a13332.mirbase21.mirnas.quantification.txt,Primary Tumor
f51488b5-c09e-4f81-b255-3f59def8ef1d.mirbase21.mirnas.quantification.txt,Primary Tumor
7348e065-e569-4e3e-b99e-207708fed9ce.mirbase21.mirnas.quantification.txt,Primary Tumor
1e16919a-938e-4bd5-a925-179b05e058a3.mirbase21.mirnas.quantification.txt,Solid Tissue Normal
848c245c-b097-4d1d-8996-e945123d6c57.mirbase21.mirnas.quantification.txt,Primary Tumor
aa989d18-ba34-4085-87a6-3e56ba68c193.mirbase21.mirnas.quantification.txt,Primary Tumor
ac95539e-0d2f-4877-8e02-a12897f080e6.mirbase21.mirnas.quantification.txt,Solid Tissue Normal
a13d93f6-1cb4-4cbc-ae71-5d4b90c7fd4b.mirbase21.mirnas.quantification.txt,Primary Tumor
6e569a80-b5af-459f-afc2-aaa37ae5281e.mirbase21.mirnas.quantification.txt,Primary Tumor
fc453520-f6f1-4f4f-b3a6-0d4c6c4650c1.mirbase21.mirnas.quantification.txt,Primary Tumor
e13d83d7-5eb9-4f01-b554-072c580cd183.mirbase21.mirnas.quantification.txt,Primary Tumor
15b997e7-2e42-4446-8bee-eb6c233aac4b.mirbase21.mirnas.quantification.txt,Primary Tumor
0c7ed2c5-fb72-4496-924a-0c9c6c9999e6.mirbase21.mirnas.quantification.txt,Primary Tumor
8942dc17-5524-4fb7-8640-04c17a437ca2.mirbase21.mirnas.quantification.txt,Primary Tumor
b8480c0f-dfe8-4dc8-99f6-5f3806596e8d.mirbase21.mirnas.quantification.txt,Primary Tumor
00cdf835-e345-4027-a68e-64db83d1a01f.mirbase21.mirnas.quantification.txt,Primary Tumor
93a009ac-6568-44e6-b575-6f3f44bfc4a2.mirbase21.mirnas.quantification.txt,Solid Tissue Normal
e24f91ab-ae1b-45b5-98a7-f1f9308bba96.mirbase21.mirnas.quantification.txt,Primary Tumor
15a25b74-4b6a-45a7-bc48-6041f998b4a3.mirbase21.mirnas.quantification.txt,Primary Tumor
30d5997d-396b-4345-b490-4b0879b975ef.mirbase21.mirnas.quantification.txt,Primary Tumor
014ac73d-9fdb-43f9-8495-8dab01f24859.mirbase21.mirnas.quantification.txt,Primary Tumor
184deddc-0e07-46d4-bf99-5ad82e446300.mirbase21.mirnas.quantification.txt,Primary Tumor
786c731d-2ad4-4b24-ad77-29a85f94b953.mirbase21.mirnas.quantification.txt,Primary Tumor
5a15392e-9a0b-4549-b1d6-754247536f2f.mirbase21.mirnas.quantification.txt,Primary Tumor
d57cc591-96a7-4028-b449-31c5eb60de60.mirbase21.mirnas.quantification.txt,Primary Tumor
9f7e2939-8899-4732-b291-14075f697205.mirbase21.mirnas.quantification.txt,Primary Tumor
2055ecd9-a5d5-4855-bfe8-e072e8039a3a.mirbase21.mirnas.quantification.txt,Primary Tumor
0ef8f5bc-f13d-4053-b0e2-35b6e127e89a.mirbase21.mirnas.quantification.txt,Primary Tumor
2c44d562-19b6-497c-a17f-c619e332c342.mirbase21.mirnas.quantification.txt,Primary Tumor
4b9044c3-ebe6-4eaf-8057-2fcbe36cf0cd.mirbase21.mirnas.quantification.txt,Primary Tumor
8cd62039-c6d1-45a4-a78b-81babddb299e.mirbase21.mirnas.quantification.txt,Primary Tumor
80a9b510-e77a-4c8e-a236-dbd2187ad8be.mirbase21.mirnas.quantification.txt,Primary Tumor
d68be4db-0969-44e0-b0cc-1a0d7185c37a.mirbase21.mirnas.quantification.txt,Primary Tumor
0ee0d9df-0a66-4ea9-9535-7ef8cab950de.mirbase21.mirnas.quantification.txt,Primary Tumor
42df4965-7c01-49f7-8e90-e9c8de9209c1.mirbase21.mirnas.quantification.txt,Primary Tumor
67705fdb-4e19-4cd9-a922-3057938024bb.mirbase21.mirnas.quantification.txt,Primary Tumor
e820e224-df17-460f-8651-851bcbb600d3.mirbase21.mirnas.quantification.txt,Primary Tumor
b03d6309-cf50-4e2c-bb9b-e5630960858b.mirbase21.mirnas.quantification.txt,Primary Tumor
1514c3c3-5058-491b-91fa-60819cb67aec.mirbase21.mirnas.quantification.txt,Primary Tumor
eef7c20f-3ad4-40c6-8204-4bc59d2509c4.mirbase21.mirnas.quantification.txt,Primary Tumor
cf72c0cf-6136-4a13-8855-1cadcdf6ecc1.mirbase21.mirnas.quantification.txt,Primary Tumor
bb13e9f0-237d-4f95-8c4e-bd96cf27c50d.mirbase21.mirnas.quantification.txt,Primary Tumor
f7f6549c-bede-4215-a497-9269beedb457.mirbase21.mirnas.quantification.txt,Primary Tumor
e2d9e24b-17c5-4c7a-8bff-209a4c74d35a.mirbase21.mirnas.quantification.txt,Primary Tumor
70f44ce1-c5c2-42e3-aced-466aa7c181ad.mirbase21.mirnas.quantification.txt,Solid Tissue Normal
774c79a1-2cc5-458d-8635-b26ba30318ff.mirbase21.mirnas.quantification.txt,Solid Tissue Normal
b60aae02-5a04-4ee4-85ac-338a38b9c6ea.mirbase21.mirnas.quantification.txt,Primary Tumor
7972bd60-cce8-49c5-adc5-471e9f20f4ca.mirbase21.mirnas.quantification.txt,Primary Tumor
ffce9f25-8f9a-428d-8643-464b1471924c.mirbase21.mirnas.quantification.txt,Primary Tumor
322dab3b-6516-45af-b25e-00524b73e861.mirbase21.mirnas.quantification.txt,Primary Tumor
54b1b3ae-bdd2-432d-a499-56423e506822.mirbase21.mirnas.quantification.txt,Primary Tumor
ac40e8b0-eb84-44eb-b2e1-12fe5d065f00.mirbase21.mirnas.quantification.txt,Primary Tumor
6f43013b-11db-4fde-a8a4-0cc2b6f11855.mirbase21.mirnas.quantification.txt,Metastatic
b958f158-3e4c-458e-9b93-8db374a76d03.mirbase21.mirnas.quantification.txt,Primary Tumor
cbc857fa-4b6c-4b7a-8444-99375bfedab6.mirbase21.mirnas.quantification.txt,Primary Tumor
894abb27-5c0a-4693-965e-db48413db781.mirbase21.mirnas.quantification.txt,Primary Tumor
7565ff66-3ca8-42cc-9c84-fa5db304c850.mirbase21.mirnas.quantification.txt,Primary Tumor
89d64ad3-c182-4884-ba2a-db9c556ac0fb.mirbase21.mirnas.quantification.txt,Primary Tumor
c88241df-6b41-49fb-a862-f83529b9e56f.mirbase21.mirnas.quantification.txt,Primary Tumor
97cb5037-7eea-4ba7-86c3-d13dd91e5b1e.mirbase21.mirnas.quantification.txt,Primary Tumor
884f8b59-5fa4-4654-b7e0-2da583edb973.mirbase21.mirnas.quantification.txt,Primary Tumor
dde887a7-33ba-4274-9583-45c20e41d213.mirbase21.mirnas.quantification.txt,Solid Tissue Normal
dd2bf821-e0c1-4fa9-b8b7-4ec626233e4f.mirbase21.mirnas.quantification.txt,Primary Tumor
6298c258-6d98-4c11-8a60-35cf63e7af86.mirbase21.mirnas.quantification.txt,Primary Tumor
a766a74e-b48b-4569-a925-8d16794ff19a.mirbase21.mirnas.quantification.txt,Primary Tumor
02b0e3da-a3b0-4ad3-8001-ddd45cebf381.mirbase21.mirnas.quantification.txt,Primary Tumor
0139dd64-61be-43c9-a0cd-b1a2d2b2196c.mirbase21.mirnas.quantification.txt,Primary Tumor
a6a1eef7-20a5-4ddb-a73a-f24055f592dc.mirbase21.mirnas.quantification.txt,Metastatic
ae8cc59c-4a4e-4592-ae05-7d32f2b48e28.mirbase21.mirnas.quantification.txt,Primary Tumor
675a077d-9a82-403d-be50-7a22fbc201ac.mirbase21.mirnas.quantification.txt,Primary Tumor
e166435e-ba24-47db-aabc-8dba6769f171.mirbase21.mirnas.quantification.txt,Primary Tumor
ebe3c0b7-f9a5-4dc8-aa93-fe69e3a766f6.mirbase21.mirnas.quantification.txt,Primary Tumor
8d863205-e9c7-4292-a70a-6c7632e79619.mirbase21.mirnas.quantification.txt,Primary Tumor
ba7fc049-9e10-4a9e-9438-a4a289a9836f.mirbase21.mirnas.quantification.txt,Primary Tumor
a2d913ea-9c76-499e-b13a-0e308d4a1abc.mirbase21.mirnas.quantification.txt,Primary Tumor
68e91e63-e9ef-4403-a0f8-8961ffbdc162.mirbase21.mirnas.quantification.txt,Primary Tumor
9aa6415d-c34a-4f47-a7c8-eeeefa72c67d.mirbase21.mirnas.quantification.txt,Primary Tumor
eb4ec7fb-7d64-490f-90c9-08983fc5a2b6.mirbase21.mirnas.quantification.txt,Solid Tissue Normal
bffe5d89-f332-49ac-bd92-8271144ed37d.mirbase21.mirnas.quantification.txt,Primary Tumor
da03b00f-2c56-47fe-8534-bf561863e209.mirbase21.mirnas.quantification.txt,Primary Tumor
432312cc-b7c0-475b-b53a-d4172714a4fe.mirbase21.mirnas.quantification.txt,Primary Tumor
bdc9b6cc-c666-4f89-a993-d77e229d9f8b.mirbase21.mirnas.quantification.txt,Primary Tumor
f00dddc4-9a26-4569-aa6f-c6f65341283a.mirbase21.mirnas.quantification.txt,Primary Tumor
444f3c9d-5a59-4ca7-9f74-7bcac7dfa1b1.mirbase21.mirnas.quantification.txt,Primary Tumor
9e8f22c1-60cd-4c2b-8df7-90f62999e405.mirbase21.mirnas.quantification.txt,Primary Tumor
a20839d2-911e-4ccc-a472-706c135da766.mirbase21.mirnas.quantification.txt,Primary Tumor
19ff5c40-5fe4-444e-9a03-bf7e83a4ae71.mirbase21.mirnas.quantification.txt,Primary Tumor
20b0fead-adc2-4425-9348-e94c7b80c1dc.mirbase21.mirnas.quantification.txt,Primary Tumor
7711bed2-98cb-4150-93fe-e7e3d6e5e849.mirbase21.mirnas.quantification.txt,Primary Tumor
e9b562eb-d5d7-4a5b-885a-ca05a52a3c46.mirbase21.mirnas.quantification.txt,Primary Tumor
31268895-fd75-451e-8044-e1223555b79c.mirbase21.mirnas.quantification.txt,Primary Tumor
806cce25-d97f-4881-b549-ad89f310d639.mirbase21.mirnas.quantification.txt,Primary Tumor
6fffa9a6-d13b-4651-a518-2b81906eaabc.mirbase21.mirnas.quantification.txt,Primary Tumor
0a9ba940-6d73-458b-825f-c8c9f93f89da.mirbase21.mirnas.quantification.txt,Primary Tumor
3ffcb415-e185-47b4-8cab-b06c4206845e.mirbase21.mirnas.quantification.txt,Primary Tumor
8af6a25c-883c-4c6b-9044-cbdaac34aba8.mirbase21.mirnas.quantification.txt,Primary Tumor
3de3aa60-a593-4421-9cec-21da1a171366.mirbase21.mirnas.quantification.txt,Primary Tumor
4fbe4ee1-7efd-4ba4-8116-5ab3b4666b48.mirbase21.mirnas.quantification.txt,Primary Tumor
11c5ea50-2bce-4da6-b76f-548b9f64238f.mirbase21.mirnas.quantification.txt,Primary Tumor
2521e7ad-64be-4422-a75b-73ea130f727f.mirbase21.mirnas.quantification.txt,Primary Tumor
d2a22372-6fd9-4aa6-88b0-7bebb8a156d8.mirbase21.mirnas.quantification.txt,Solid Tissue Normal
3cbdea8d-8a71-4fe6-b605-b196e3abe55f.mirbase21.mirnas.quantification.txt,Primary Tumor
230acd8a-afc3-4bc1-87e7-1ac412f5782b.mirbase21.mirnas.quantification.txt,Primary Tumor
4d9f4eb9-c576-431b-a7e3-745cc18dd39c.mirbase21.mirnas.quantification.txt,Primary Tumor
91151f2d-1b98-4671-8e79-05e07931e325.mirbase21.mirnas.quantification.txt,Primary Tumor
bf40138a-2e16-4629-a933-d68a09ebac30.mirbase21.mirnas.quantification.txt,Primary Tumor
2596fddb-8ada-40da-95b1-e8631e9b48d1.mirbase21.mirnas.quantification.txt,Primary Tumor
e2edf21d-dcdb-49e6-a65b-bd1e555339ac.mirbase21.mirnas.quantification.txt,Primary Tumor
e4411582-e9d0-4816-a5ee-5eef14d82877.mirbase21.mirnas.quantification.txt,Primary Tumor
70873148-857e-4350-b2bc-80c27c48bcc5.mirbase21.mirnas.quantification.txt,Primary Tumor
bf04b853-9f33-4c8d-94b3-4a5533426a38.mirbase21.mirnas.quantification.txt,Primary Tumor
0a3e5b67-6fff-4825-b7dc-04546c68a999.mirbase21.mirnas.quantification.txt,Primary Tumor
37544806-94ab-49e6-8d36-f8f51baf77eb.mirbase21.mirnas.quantification.txt,Primary Tumor
57a2cdab-1167-42f0-8751-59e2833d0f0b.mirbase21.mirnas.quantification.txt,Primary Tumor
03f9932a-cfee-4671-8128-0110f58168e8.mirbase21.mirnas.quantification.txt,Primary Tumor
130cd04a-2901-4607-a539-0e1fe966e367.mirbase21.mirnas.quantification.txt,Primary Tumor
addaf3a8-26ce-45e8-b8b1-885f22e567a7.mirbase21.mirnas.quantification.txt,Primary Tumor
0a00ab98-e267-45f9-89af-5fecf427aca9.mirbase21.mirnas.quantification.txt,Primary Tumor
19475873-d8f4-4954-8339-d0f9f1ab2bdc.mirbase21.mirnas.quantification.txt,Solid Tissue Normal
01e271f0-6fca-4d52-9cb9-d080d0918337.mirbase21.mirnas.quantification.txt,Primary Tumor
efb16819-c795-4e94-b56d-ec857ee36902.mirbase21.mirnas.quantification.txt,Primary Tumor
cbf1e333-1b47-4c06-b034-b214ab5174fb.mirbase21.mirnas.quantification.txt,Primary Tumor
2d292e15-3557-409d-944d-2219cbf93308.mirbase21.mirnas.quantification.txt,Primary Tumor
e59acc4e-0c40-49ec-875b-d5b80af8f180.mirbase21.mirnas.quantification.txt,Primary Tumor
095e66bd-4ff8-41b0-aaa8-6a319513d70a.mirbase21.mirnas.quantification.txt,Primary Tumor
9a791d34-eea4-484f-b1ea-2bc8e6a3327c.mirbase21.mirnas.quantification.txt,Primary Tumor
0266681b-6a04-4dc4-a1be-296a42ab33d4.mirbase21.mirnas.quantification.txt,Primary Tumor
183b24a1-dc9a-4078-bf01-4633823704d0.mirbase21.mirnas.quantification.txt,Primary Tumor
48893613-7bf0-49f7-85bd-66a14889d0b6.mirbase21.mirnas.quantification.txt,Primary Tumor
20e1c930-2c11-4dd4-8562-071188d99864.mirbase21.mirnas.quantification.txt,Primary Tumor
5a6735aa-0777-4ed7-bdb2-9ba0fcea354a.mirbase21.mirnas.quantification.txt,Primary Tumor
bc0cacc9-e3b2-433b-8cd4-251c62e0acb5.mirbase21.mirnas.quantification.txt,Primary Tumor
edd4b22b-6ffb-48c7-bcca-7aa6f0cc4ad5.mirbase21.mirnas.quantification.txt,Primary Tumor
75134cfe-bc9d-4838-9a88-2ef2200b34ec.mirbase21.mirnas.quantification.txt,Primary Tumor
a1d221ec-a799-41aa-91f3-7e72d9bf69f6.mirbase21.mirnas.quantification.txt,Primary Tumor
b34c0985-ac8d-44a9-8b10-559279fda5f4.mirbase21.mirnas.quantification.txt,Primary Tumor
960e161b-c2da-496e-9aaf-f73a6e14ee46.mirbase21.mirnas.quantification.txt,Primary Tumor
ce6dc2ae-f00a-4843-a6f5-d1251e4c1b59.mirbase21.mirnas.quantification.txt,Primary Tumor
7c52a1aa-a0a5-4c5b-bec8-42da4906015f.mirbase21.mirnas.quantification.txt,Primary Tumor
b5f2e107-a0bb-4860-87e1-fa1506248597.mirbase21.mirnas.quantification.txt,Primary Tumor
ab9445db-6c24-4c4c-9773-a85df1e1547c.mirbase21.mirnas.quantification.txt,Primary Tumor
3478251c-ab08-4802-8384-a52c06dad91f.mirbase21.mirnas.quantification.txt,Primary Tumor
0307b922-a384-4b29-9969-22370817529f.mirbase21.mirnas.quantification.txt,Primary Tumor
6eea606f-98b7-4a4a-aaee-9a92f04821ae.mirbase21.mirnas.quantification.txt,Primary Tumor
94200681-04ca-41a2-ae07-5796f92ae566.mirbase21.mirnas.quantification.txt,Primary Tumor
d48be7b7-f1f7-4592-afd0-0c02a4b6a137.mirbase21.mirnas.quantification.txt,Primary Tumor
ef33e08b-a617-4815-a6c9-a78cb99c5591.mirbase21.mirnas.quantification.txt,Solid Tissue Normal
61aacfc5-1ec2-4164-a7d3-81fde03acfe4.mirbase21.mirnas.quantification.txt,Primary Tumor
4c99e2a0-fb81-4dc3-b453-ec5d433a6489.mirbase21.mirnas.quantification.txt,Primary Tumor
ae70879f-5cc0-43e5-b9ce-f3d7e4e54e0a.mirbase21.mirnas.quantification.txt,Primary Tumor
7c163f61-6549-4561-9f29-5eab31e150ac.mirbase21.mirnas.quantification.txt,Primary Tumor
a028c89f-72ce-4a05-b90d-bfc12067e9ee.mirbase21.mirnas.quantification.txt,Primary Tumor
c53d19da-b426-473b-86e9-a596894fdbbb.mirbase21.mirnas.quantification.txt,Primary Tumor
ad7d6f10-1dff-4bc8-a8c3-0b6ce7b45366.mirbase21.mirnas.quantification.txt,Primary Tumor
7b4e72f6-b11a-4a47-bc20-2415f07e7792.mirbase21.mirnas.quantification.txt,Primary Tumor
5b935cc4-bb46-40f9-82ce-fa3ffe15d8e3.mirbase21.mirnas.quantification.txt,Primary Tumor
21ee56ae-e76c-467c-b5ae-e13ad927a620.mirbase21.mirnas.quantification.txt,Primary Tumor
2af81517-e7ce-46b2-ae6d-c9b3f6ef809a.mirbase21.mirnas.quantification.txt,Primary Tumor
ec259690-dcb3-4bee-aea2-112035e3e446.mirbase21.mirnas.quantification.txt,Primary Tumor
508f1179-38e7-4ece-aabe-2c0c654f52d3.mirbase21.mirnas.quantification.txt,Primary Tumor
c357b7b6-593a-4450-b121-97f439ee58c2.mirbase21.mirnas.quantification.txt,Primary Tumor
dd3ab228-1c35-4710-aae3-68458bf959db.mirbase21.mirnas.quantification.txt,Primary Tumor
a6641781-4674-4068-a561-fb1be192eac0.mirbase21.mirnas.quantification.txt,Primary Tumor
763d5de0-c5f7-4595-8f14-a4b70ecfa455.mirbase21.mirnas.quantification.txt,Primary Tumor
b5d12e61-b86b-49c7-97a9-1f541d9c9fa4.mirbase21.mirnas.quantification.txt,Primary Tumor
0be45f47-9588-4d21-a0cb-26d8b8a6c7d8.mirbase21.mirnas.quantification.txt,Primary Tumor
5b53e3d3-80c2-4dc1-8876-03208c7ab292.mirbase21.mirnas.quantification.txt,Primary Tumor
2e749e54-519f-4dd5-842a-170891f8a619.mirbase21.mirnas.quantification.txt,Primary Tumor
39dd1c46-cf54-49eb-9737-b7709ff30434.mirbase21.mirnas.quantification.txt,Primary Tumor
5c214971-a5be-4a9c-96d3-0387d2e7bff9.mirbase21.mirnas.quantification.txt,Primary Tumor
121dd872-3ed8-4cc8-9db2-63aa2338b95a.mirbase21.mirnas.quantification.txt,Primary Tumor
8986832f-c0d3-49cd-87bb-e88670fcc217.mirbase21.mirnas.quantification.txt,Primary Tumor
86d1b9af-f22f-4993-8663-0d2c4febbde5.mirbase21.mirnas.quantification.txt,Solid Tissue Normal
a3e71637-f392-4d6f-9094-380cda452c32.mirbase21.mirnas.quantification.txt,Primary Tumor
19fc5bb1-97da-46f8-a179-15a6d18df711.mirbase21.mirnas.quantification.txt,Primary Tumor
3b799f1b-8ad6-4ed3-919e-d8eb8197ca88.mirbase21.mirnas.quantification.txt,Primary Tumor
87d84d73-132c-44dc-9aa0-155665590242.mirbase21.mirnas.quantification.txt,Primary Tumor
d261492c-49be-4689-b196-43a1c65d7245.mirbase21.mirnas.quantification.txt,Primary Tumor
5b44c055-7063-4573-a4bb-3f5d5ece5751.mirbase21.mirnas.quantification.txt,Solid Tissue Normal
1cc5e4d0-eb05-456b-ab19-a1091df50f16.mirbase21.mirnas.quantification.txt,Primary Tumor
dd418c99-460d-45dd-9ca2-6fc22415d36d.mirbase21.mirnas.quantification.txt,Primary Tumor
6544f274-643f-41bf-ae61-524f059dc7dc.mirbase21.mirnas.quantification.txt,Primary Tumor
a6698e9c-a8f3-4514-aaa5-1a9075690eb3.mirbase21.mirnas.quantification.txt,Primary Tumor
7c44c47d-abb9-4066-be94-95f848076bb6.mirbase21.mirnas.quantification.txt,Primary Tumor
e635ec45-ee5a-4fe8-b1ec-83dd075064d4.mirbase21.mirnas.quantification.txt,Primary Tumor
ac3ccdb6-84ee-43d7-afc4-8172e387b138.mirbase21.mirnas.quantification.txt,Primary Tumor
151bd6ce-103c-4f4c-9fe0-c88656cb80f7.mirbase21.mirnas.quantification.txt,Primary Tumor
a69aabab-de10-420b-89ca-722c2f9a7b27.mirbase21.mirnas.quantification.txt,Primary Tumor
d3564b0a-0dc7-440c-9894-b15a3ed321e4.mirbase21.mirnas.quantification.txt,Primary Tumor
11820238-6b3f-429b-b84a-3e6859edb184.mirbase21.mirnas.quantification.txt,Primary Tumor
78463e63-52b0-4454-93fb-9302f0130dea.mirbase21.mirnas.quantification.txt,Primary Tumor
b3a44bbc-15e3-4998-a67f-0cde43085d23.mirbase21.mirnas.quantification.txt,Primary Tumor
60121ce1-f24b-4eff-8bce-5d3378c72207.mirbase21.mirnas.quantification.txt,Primary Tumor
71f102d5-7d96-439b-961e-409c30c7d788.mirbase21.mirnas.quantification.txt,Primary Tumor
76020f39-2ad6-47ef-a7e2-5a1b360b15e0.mirbase21.mirnas.quantification.txt,Primary Tumor
af1bc933-2cb7-42c9-b718-ddcfbe66738c.mirbase21.mirnas.quantification.txt,Primary Tumor
23a722b0-50c3-4013-8533-e575722ac41d.mirbase21.mirnas.quantification.txt,Primary Tumor
977455de-d39f-42f0-9ab3-4e2741704c1b.mirbase21.mirnas.quantification.txt,Primary Tumor
be0624d3-76b4-49e4-85f2-3e8b8756e3fb.mirbase21.mirnas.quantification.txt,Primary Tumor
b47d9fb2-f0ba-47af-a6e3-06d522eb4495.mirbase21.mirnas.quantification.txt,Primary Tumor
643cef15-19c3-4317-bb16-7347c7c14b6e.mirbase21.mirnas.quantification.txt,Primary Tumor
af067056-d0d8-4843-97e2-3157c7ea8ce2.mirbase21.mirnas.quantification.txt,Primary Tumor
136b5504-6fe5-45ab-b0df-849339ebc18e.mirbase21.mirnas.quantification.txt,Primary Tumor
acc69d43-989d-4ee9-a767-9470c099ad78.mirbase21.mirnas.quantification.txt,Primary Tumor
8f0e8c64-6e23-41c2-8e40-29b06b27e4fb.mirbase21.mirnas.quantification.txt,Primary Tumor
504d9163-bf77-4ad0-8db9-dd2b7853e024.mirbase21.mirnas.quantification.txt,Primary Tumor
e9fbb4f4-c6a6-4801-a055-46fdec5c287c.mirbase21.mirnas.quantification.txt,Primary Tumor
66a96681-6581-4f79-8881-315cba4437b7.mirbase21.mirnas.quantification.txt,Solid Tissue Normal
2b32a24f-7922-4209-b7ef-2be0ec6a92a7.mirbase21.mirnas.quantification.txt,Solid Tissue Normal
fe03abe9-9aed-47aa-a0c5-ca3ed6017cc9.mirbase21.mirnas.quantification.txt,Primary Tumor
a622e5c6-982b-49d1-80bd-0844bc49d0e7.mirbase21.mirnas.quantification.txt,Primary Tumor
651dd4aa-adf0-4218-ba4e-ff12756ebab8.mirbase21.mirnas.quantification.txt,Solid Tissue Normal
e1f1e3de-a466-4cdf-89d2-3f5c0e86a304.mirbase21.mirnas.quantification.txt,Primary Tumor
a4967c46-39b0-4285-ad1d-6c758155017e.mirbase21.mirnas.quantification.txt,Primary Tumor
9293a93f-b3d1-41ab-8c18-3deed4cc776d.mirbase21.mirnas.quantification.txt,Primary Tumor
98e79fb9-6488-46b4-ac75-861e938370da.mirbase21.mirnas.quantification.txt,Primary Tumor
bc955921-6aac-485e-99c7-de5b9f4ce0ad.mirbase21.mirnas.quantification.txt,Primary Tumor
6b3b3af3-1050-4e42-9d1c-a3ac79087729.mirbase21.mirnas.quantification.txt,Primary Tumor
94fd6642-9ecb-49a8-a7f6-d74e7e152ad7.mirbase21.mirnas.quantification.txt,Primary Tumor
172d7b93-7598-474d-ba9b-adab46559176.mirbase21.mirnas.quantification.txt,Primary Tumor
a616435d-0b69-48ac-813d-5d75ad9b85eb.mirbase21.mirnas.quantification.txt,Solid Tissue Normal
6e2081b2-173e-4aa4-a731-e54cccf0cb6a.mirbase21.mirnas.quantification.txt,Primary Tumor
bbf45ab2-ba06-4575-ad9e-070bcb082afc.mirbase21.mirnas.quantification.txt,Primary Tumor
56a44d4e-bccb-4968-b6f9-be197ab7cd7c.mirbase21.mirnas.quantification.txt,Primary Tumor
62c3c334-cee3-4ac2-a904-9925497178a6.mirbase21.mirnas.quantification.txt,Primary Tumor
0c7574f5-083f-44d9-9d12-b624c6bcf904.mirbase21.mirnas.quantification.txt,Primary Tumor
59fb15e8-01ba-4b12-9c9e-f4da8b5a7604.mirbase21.mirnas.quantification.txt,Primary Tumor
f0bfa597-6d1c-4ade-b296-621e4fec45a1.mirbase21.mirnas.quantification.txt,Primary Tumor
7338f263-0842-4c79-9363-84a67a8e5a1a.mirbase21.mirnas.quantification.txt,Primary Tumor
a6d451b4-086a-446b-9048-11ececd8ba66.mirbase21.mirnas.quantification.txt,Solid Tissue Normal
19f69b7d-1548-428d-9486-787886d2f2b0.mirbase21.mirnas.quantification.txt,Primary Tumor
28478921-d0b0-4524-8ff6-7fe2231a8c7c.mirbase21.mirnas.quantification.txt,Primary Tumor
070f0629-644e-49d7-ac30-b7f2a532fa6f.mirbase21.mirnas.quantification.txt,Primary Tumor
de47d44c-221b-4663-8406-a2903ff64153.mirbase21.mirnas.quantification.txt,Primary Tumor
3ae4ccbf-699b-477b-be78-3b9a32f3ad1d.mirbase21.mirnas.quantification.txt,Primary Tumor
ef57b156-a03d-4d91-a7d7-c88f9142e037.mirbase21.mirnas.quantification.txt,Primary Tumor
7f03d36c-d7ca-4e6f-aa4f-95e92c930213.mirbase21.mirnas.quantification.txt,Primary Tumor
797067e6-151c-4cc7-9b51-0b4aefa58227.mirbase21.mirnas.quantification.txt,Primary Tumor
3c09ecc3-aa06-4750-9d76-88fc70dd6d2d.mirbase21.mirnas.quantification.txt,Primary Tumor
fd5deeaa-06ac-4528-a48a-36950c1df1f0.mirbase21.mirnas.quantification.txt,Primary Tumor
59a524d5-c467-418a-8abe-c3dfc82e4932.mirbase21.mirnas.quantification.txt,Primary Tumor
7805f137-58a8-4807-b783-d5b68eb3571b.mirbase21.mirnas.quantification.txt,Primary Tumor
f134347d-2168-4055-982f-ee572fa3704c.mirbase21.mirnas.quantification.txt,Primary Tumor
d5a46638-6cfc-4309-9190-5cf0066f5f01.mirbase21.mirnas.quantification.txt,Primary Tumor
754056b8-a73a-4e82-a649-58cb9bd819be.mirbase21.mirnas.quantification.txt,Primary Tumor
a570321c-7643-451e-9d26-1198eb34bab6.mirbase21.mirnas.quantification.txt,Primary Tumor
c0405ebb-1311-40b2-a5c4-522d2cc62988.mirbase21.mirnas.quantification.txt,Primary Tumor
5af377ab-7c3e-4a8d-9583-51b667d82700.mirbase21.mirnas.quantification.txt,Solid Tissue Normal
4b099e07-7a5a-4dc2-be63-c4971e3c3d8b.mirbase21.mirnas.quantification.txt,Primary Tumor
b53ba4fa-9b78-4e4c-8d92-933f27f9b48d.mirbase21.mirnas.quantification.txt,Primary Tumor
d3879d85-35ca-40f8-ae32-a4b0539943a8.mirbase21.mirnas.quantification.txt,Primary Tumor
7c76bebf-240a-455e-b13d-14c17eb82edb.mirbase21.mirnas.quantification.txt,Primary Tumor
ec15afce-2570-4e5f-8cc7-b329d1bbb2be.mirbase21.mirnas.quantification.txt,Primary Tumor
865207f2-81a5-4213-b165-fe1e27bf7f93.mirbase21.mirnas.quantification.txt,Primary Tumor
2cd420e8-e596-4572-a202-cb6d8f68e450.mirbase21.mirnas.quantification.txt,Primary Tumor
7b3ccedc-9170-4e97-84aa-d6cb4c6d0727.mirbase21.mirnas.quantification.txt,Primary Tumor
221da57e-41ea-4947-86ac-f648461a1e3a.mirbase21.mirnas.quantification.txt,Primary Tumor
9f6a2577-091a-4e4f-8752-2da502be5215.mirbase21.mirnas.quantification.txt,Primary Tumor
ab7fec4a-ad1f-4a2a-806b-fa5bd85a5e3a.mirbase21.mirnas.quantification.txt,Primary Tumor
aa4cdc70-f329-4065-a942-89596d9fef2a.mirbase21.mirnas.quantification.txt,Primary Tumor
4f569ea7-92d9-4a29-9f0e-8a5bfbdd717f.mirbase21.mirnas.quantification.txt,Primary Tumor
94f2861c-bd18-442c-8933-4f7cd3337883.mirbase21.mirnas.quantification.txt,Primary Tumor
66570de6-ebd0-4c9f-876f-f72bd942040c.mirbase21.mirnas.quantification.txt,Solid Tissue Normal
75dde8f6-5169-4282-85b8-3c6a18186cbc.mirbase21.mirnas.quantification.txt,Primary Tumor
5381bf1d-ff80-4259-96b0-441ab6181fd4.mirbase21.mirnas.quantification.txt,Solid Tissue Normal
054537e2-a827-41fa-90f9-b92f3da358c4.mirbase21.mirnas.quantification.txt,Primary Tumor
8606c17a-372f-4fbe-a57f-2679c1ab9c3b.mirbase21.mirnas.quantification.txt,Primary Tumor
1b8fc655-8f38-4d99-9945-131af673f31e.mirbase21.mirnas.quantification.txt,Solid Tissue Normal
dfb1fbb4-faab-4dc3-a7c2-9c2cd5838153.mirbase21.mirnas.quantification.txt,Primary Tumor
cd88d4aa-99b6-495e-97fb-1a062aed48a2.mirbase21.mirnas.quantification.txt,Primary Tumor
a380b15f-e510-4904-82e8-71cc1b48a72b.mirbase21.mirnas.quantification.txt,Primary Tumor
7acdc4dc-bd3e-467e-bd50-38b75d8580ed.mirbase21.mirnas.quantification.txt,Primary Tumor
b5800e72-e622-436c-9d60-85fd360877be.mirbase21.mirnas.quantification.txt,Primary Tumor
a651873b-1137-4c5f-ba89-3a16a47cf9d9.mirbase21.mirnas.quantification.txt,Primary Tumor
7b1a8de2-9eda-44fc-bb91-8afd83e7bf0d.mirbase21.mirnas.quantification.txt,Primary Tumor
19e0c53e-1598-4603-8a07-1304edcd5712.mirbase21.mirnas.quantification.txt,Primary Tumor
aa75cc8a-33cd-4ab2-9532-57180d6bda4e.mirbase21.mirnas.quantification.txt,Primary Tumor
13fb132a-d9af-4917-9e7d-a4d25fb08e9e.mirbase21.mirnas.quantification.txt,Primary Tumor
2cd7c54d-b120-43b5-8b04-385a8735e3eb.mirbase21.mirnas.quantification.txt,Primary Tumor
912bc7f5-fa03-4047-8edd-bd984a2a4d8d.mirbase21.mirnas.quantification.txt,Primary Tumor
f9a3b84f-3b73-4f5f-8b68-1aa1fa553ee7.mirbase21.mirnas.quantification.txt,Primary Tumor
b4e7dda5-9ba5-4312-9593-4f9a3baaba2e.mirbase21.mirnas.quantification.txt,Primary Tumor
e00a6fae-7110-40cd-90d9-8622f8a51f4c.mirbase21.mirnas.quantification.txt,Primary Tumor
cb8b631d-997d-40c3-bec6-384cb7dcfe1c.mirbase21.mirnas.quantification.txt,Primary Tumor
d30ca62b-ad24-49dd-be75-9b510fc57bd9.mirbase21.mirnas.quantification.txt,Primary Tumor
ece38c09-dcff-4ded-b5ed-166a387ce27a.mirbase21.mirnas.quantification.txt,Primary Tumor
1d7cf912-2317-4a12-aa3a-385c38e7c51b.mirbase21.mirnas.quantification.txt,Solid Tissue Normal
4f80ab99-6719-4626-92bc-c90a1b1ed724.mirbase21.mirnas.quantification.txt,Solid Tissue Normal
1f4d0bb9-23e8-4ba0-93cb-8e5efdcfcf9a.mirbase21.mirnas.quantification.txt,Solid Tissue Normal
7e3535bc-0156-4003-baa5-2f894e572dab.mirbase21.mirnas.quantification.txt,Primary Tumor
c98c66f5-f22a-41b2-968d-c8aadf462052.mirbase21.mirnas.quantification.txt,Primary Tumor
3be01c96-9c17-4285-9ac2-5b9bb0b7a718.mirbase21.mirnas.quantification.txt,Primary Tumor
0bb63e02-f74a-4acc-b000-b87bd5abcd71.mirbase21.mirnas.quantification.txt,Primary Tumor
18d4f9c3-6002-4cf8-a13e-c94b63fa44a5.mirbase21.mirnas.quantification.txt,Solid Tissue Normal
29ac21a4-5c3d-4ab4-b524-cf5f32b880bd.mirbase21.mirnas.quantification.txt,Primary Tumor
f122cf42-52e9-4fd1-8626-21aef93bdda9.mirbase21.mirnas.quantification.txt,Primary Tumor
9ffecd7e-a0f0-468d-a6d0-c1082fc32b40.mirbase21.mirnas.quantification.txt,Primary Tumor
418337d2-4f56-4bed-906a-b86d0eac9309.mirbase21.mirnas.quantification.txt,Primary Tumor
b83c2ddb-eeea-4c3e-8ed4-75bd4ea4bc7b.mirbase21.mirnas.quantification.txt,Primary Tumor
5780f34b-b8eb-4219-a12c-3479bac54f08.mirbase21.mirnas.quantification.txt,Primary Tumor
a647ecb5-5cb1-492e-9687-e5524d163d03.mirbase21.mirnas.quantification.txt,Primary Tumor
1136e4a5-de19-4bdf-9703-ca0eff84e21e.mirbase21.mirnas.quantification.txt,Primary Tumor
6a1b3d77-d77e-48c3-a5eb-df4d25d345e5.mirbase21.mirnas.quantification.txt,Primary Tumor
34f450f8-d7e0-46ce-adf2-98ee7fdacf92.mirbase21.mirnas.quantification.txt,Primary Tumor
a4508dad-24f1-427b-b43d-419d11467f9a.mirbase21.mirnas.quantification.txt,Primary Tumor
cbc60548-1428-4a17-a767-0f040cd24780.mirbase21.mirnas.quantification.txt,Solid Tissue Normal
4d70b2a9-7ca6-4784-9e9b-15562a679821.mirbase21.mirnas.quantification.txt,Solid Tissue Normal
8204d38d-337a-4cba-9482-c84b6e0134b5.mirbase21.mirnas.quantification.txt,Primary Tumor
a454e5bb-f633-4a6e-ad67-1d0effe7b352.mirbase21.mirnas.quantification.txt,Metastatic
710a638f-0d90-487d-8567-4975d895f09f.mirbase21.mirnas.quantification.txt,Primary Tumor
69b3464d-c50f-4f4e-9334-1d5ea055e2a5.mirbase21.mirnas.quantification.txt,Primary Tumor
9c5a4981-efd2-4c35-b6bd-a15fbf44f7c8.mirbase21.mirnas.quantification.txt,Solid Tissue Normal
10db26c3-20bd-4204-bbdc-eb1ad49e91c3.mirbase21.mirnas.quantification.txt,Primary Tumor
71280941-e24a-4041-a366-4430cf81614d.mirbase21.mirnas.quantification.txt,Primary Tumor
8927b32d-b478-4f7d-b2eb-ae7dfc5071b2.mirbase21.mirnas.quantification.txt,Primary Tumor
ab24cb18-c79f-48f4-8eec-6164ba4b5264.mirbase21.mirnas.quantification.txt,Primary Tumor
466215b5-4593-400d-8170-723de4a41428.mirbase21.mirnas.quantification.txt,Primary Tumor
677a908a-e9ba-41b0-a2a1-66a5ebf9a434.mirbase21.mirnas.quantification.txt,Primary Tumor
222342ac-43f6-4be5-8cde-4aedde052acd.mirbase21.mirnas.quantification.txt,Primary Tumor
a94d1ab5-6c8a-4437-8c99-20a6c44cd09a.mirbase21.mirnas.quantification.txt,Primary Tumor
7d2c016f-7763-4723-871b-cc2685d2299c.mirbase21.mirnas.quantification.txt,Primary Tumor
a956f9aa-d3f3-4130-8899-d7505e2a52e2.mirbase21.mirnas.quantification.txt,Primary Tumor
4d63ecc3-6cba-4893-88bf-d7b927b99cd4.mirbase21.mirnas.quantification.txt,Primary Tumor
2cda1e79-db79-4664-bf72-2e8327b61ae2.mirbase21.mirnas.quantification.txt,Primary Tumor
890ccbe0-193d-4c06-ac56-96a2794fa5a4.mirbase21.mirnas.quantification.txt,Primary Tumor
bfd9eb35-ba0d-4c4c-b466-60bb5a197723.mirbase21.mirnas.quantification.txt,Primary Tumor
a1c1f61f-b8cd-4567-bad3-5f28eb20d1be.mirbase21.mirnas.quantification.txt,Primary Tumor
92d667b3-1714-46a7-8553-c390bef83d14.mirbase21.mirnas.quantification.txt,Primary Tumor
c8042fb0-27e4-4d9a-9ada-acf485e4a4e6.mirbase21.mirnas.quantification.txt,Primary Tumor
21b5525d-dcf3-4768-97c7-c8c3593883cf.mirbase21.mirnas.quantification.txt,Primary Tumor
,
,
,
,
,
,
,
,
,
,
,
,
,
,
,
,
,
,
,
,
,
,
,
,
,
,
,
,
,
,
,
,
,
,
,
,
,
,
,
,
,
,
,
,
,
,
,
,
,
,
,
,
,
,
,
,
,
,
,
,
,
,
,
,
,
,
,
,
,
,
,
,
,
,
,
,
,
,
,
,
,
,
,
,
,
,
,
,
,
,
,
,
,
,
,
,
,
,
,
,
,
,
,
,
,
,
,
,
,
,
,
,
,
,
,
,
,
,
,
,
,
,
,
,
,
,
,
,
,
,
,
,
,
,
,
,
,
,
,
,
,
,
,
,
,
,
,
,
,
,
,
,
,
,
,
,
,
,
,
,
,
,
,
,
,
,
,
,
,
,
,
,
,
,
,
,
,
,
,
,
,
,
,
,
,
,
,
,
,
,
,
,
,
,
,
,
,
,
,
,
,
,
,
,
,
,
,
,
,
,
,
,
,
,
,
,
,
,
,
,
,
,
,
,
,
,
,
,
,
,
,
,
,
,
,
,
,
,
,
,
,
,
,
,
,
,
,
,
,
,
,
,
,
,
,
,
,
,
,
,
,
,
,
,
,
,
,
,
,
