5bff05d5-7770-48c1-b183-e3bb2ed03726.mirbase21.mirnas.quantification.txt,Primary Tumor
6d4e727f-5da6-4901-9ee0-0c5e066db04b.mirbase21.mirnas.quantification.txt,Primary Tumor
d5f25144-670d-489c-a183-2277bb7d415e.mirbase21.mirnas.quantification.txt,Primary Tumor
10d7b454-1968-4e9f-840c-cac49da2c521.mirbase21.mirnas.quantification.txt,Primary Tumor
d1aa22dd-ebc7-4181-830d-254885ecfe87.mirbase21.mirnas.quantification.txt,Primary Tumor
c395a94d-0882-42bd-81f2-347dc832f858.mirbase21.mirnas.quantification.txt,Primary Tumor
a2a92fe6-3b0e-44aa-8c51-40fb27ec50a2.mirbase21.mirnas.quantification.txt,Primary Tumor
895e3e43-7c54-4708-a647-f4d3c58eb278.mirbase21.mirnas.quantification.txt,Primary Tumor
7b4ed1f8-f1ef-4b9b-a5ae-f92830baab27.mirbase21.mirnas.quantification.txt,Primary Tumor
3f03c090-78c0-4b3c-9541-3fa95da8db86.mirbase21.mirnas.quantification.txt,Primary Tumor
17692abf-23c4-4a8d-bca7-d1f5fc50d9d2.mirbase21.mirnas.quantification.txt,Solid Tissue Normal
cefc0de0-beb1-4322-8a9c-0ecef62a980d.mirbase21.mirnas.quantification.txt,Primary Tumor
17200182-1dd4-4557-b435-dc0b9ac45ed3.mirbase21.mirnas.quantification.txt,Primary Tumor
347e3e9b-cbc9-4d49-ab5f-d3d4a109e982.mirbase21.mirnas.quantification.txt,Primary Tumor
b7897f0e-8156-480c-a069-0b48d436d748.mirbase21.mirnas.quantification.txt,Primary Tumor
85450773-7edc-4e68-9918-ad55b90905c8.mirbase21.mirnas.quantification.txt,Primary Tumor
298afe4b-7d00-4a31-bb20-120f228c6378.mirbase21.mirnas.quantification.txt,Primary Tumor
8b5c41d3-63a1-402a-9657-36d305ebfbc2.mirbase21.mirnas.quantification.txt,Solid Tissue Normal
21f37a4e-87b7-47df-b95f-40e0a3bcbaec.mirbase21.mirnas.quantification.txt,Primary Tumor
fa2ab0a0-e4b1-4717-9431-2a74b69982f6.mirbase21.mirnas.quantification.txt,Primary Tumor
a7a25077-94b2-447a-95b8-f2b097091d56.mirbase21.mirnas.quantification.txt,Primary Tumor
6ba4e857-c4f6-4276-b47b-ded41a3fe1d1.mirbase21.mirnas.quantification.txt,Primary Tumor
e7e7a2ea-c506-40a5-b70f-4eb0c9494306.mirbase21.mirnas.quantification.txt,Primary Tumor
3df21443-30a9-4f0e-b0e8-a65c36e41bf5.mirbase21.mirnas.quantification.txt,Primary Tumor
20d4d7ff-ffb1-410c-a782-029423b122b2.mirbase21.mirnas.quantification.txt,Primary Tumor
be0a149d-cb32-4117-8b80-a7cc81fa5c6b.mirbase21.mirnas.quantification.txt,Primary Tumor
04ddc014-525c-4e43-8897-418011edb859.mirbase21.mirnas.quantification.txt,Primary Tumor
5f0feb17-4be7-4144-9625-423d89eae22d.mirbase21.mirnas.quantification.txt,Solid Tissue Normal
2b700f8b-a316-431b-be6f-acc169fb8245.mirbase21.mirnas.quantification.txt,Primary Tumor
9dd6c1f0-a67f-44b9-ac42-0151104ef9b0.mirbase21.mirnas.quantification.txt,Primary Tumor
1347a7c1-5ff4-491d-9f9c-f32d960074b8.mirbase21.mirnas.quantification.txt,Primary Tumor
888f5963-c698-4d01-9981-e8505e214af2.mirbase21.mirnas.quantification.txt,Primary Tumor
b743c961-bbe1-4387-8fae-7119ef83491c.mirbase21.mirnas.quantification.txt,Primary Tumor
bfc51e34-dcbd-493d-9409-e18fccec6ed4.mirbase21.mirnas.quantification.txt,Primary Tumor
b6d9bf2d-15f1-497b-b6cc-427afe7fe6a4.mirbase21.mirnas.quantification.txt,Primary Tumor
3914c22b-df2e-4987-b407-81f0259b9eab.mirbase21.mirnas.quantification.txt,Primary Tumor
8af45c56-8b8f-4d18-b2ab-8e595dd94705.mirbase21.mirnas.quantification.txt,Primary Tumor
005a23d5-af82-47a9-9085-9c32ea8f0f36.mirbase21.mirnas.quantification.txt,Primary Tumor
42b80c01-3f4f-4af0-bb6d-b5d5b49d8d9d.mirbase21.mirnas.quantification.txt,Primary Tumor
8b2b97db-bda4-4598-92f5-443e45da2bc8.mirbase21.mirnas.quantification.txt,Primary Tumor
4ddda5d8-fa2d-430d-9929-c704d86789a1.mirbase21.mirnas.quantification.txt,Primary Tumor
178a09a6-e0ac-4156-b575-474f74064c64.mirbase21.mirnas.quantification.txt,Primary Tumor
64e1bd59-d30d-43cb-8450-30a7400bfb5f.mirbase21.mirnas.quantification.txt,Solid Tissue Normal
ae5ddb8d-ff9b-4707-b6aa-df7b3292ae44.mirbase21.mirnas.quantification.txt,Primary Tumor
08398747-e285-44a6-88f2-f39b74587a66.mirbase21.mirnas.quantification.txt,Primary Tumor
a5bb29e7-e53f-45f4-a040-d2ac3c3fff1d.mirbase21.mirnas.quantification.txt,Primary Tumor
3e8a63f2-6363-465e-be47-d52ee00ab7c9.mirbase21.mirnas.quantification.txt,Primary Tumor
da163643-5142-4b0f-8c81-0c556a2f9e77.mirbase21.mirnas.quantification.txt,Primary Tumor
f4956d88-4146-49b2-9a96-ad57b3b5f97a.mirbase21.mirnas.quantification.txt,Solid Tissue Normal
7d9576bb-a58d-4db8-a7af-251c96c832da.mirbase21.mirnas.quantification.txt,Primary Tumor
457eb90d-9827-4986-bcc1-053d0a4d43b1.mirbase21.mirnas.quantification.txt,Primary Tumor
a7bae2eb-334b-4798-a590-042d5ef5514f.mirbase21.mirnas.quantification.txt,Primary Tumor
2b69daf6-7d09-4a7e-9acd-3403931c3ba1.mirbase21.mirnas.quantification.txt,Primary Tumor
35b65134-1bef-4c64-8606-3df38c275dda.mirbase21.mirnas.quantification.txt,Primary Tumor
3ec4c0b1-2874-4bb2-9777-a33c986d3a07.mirbase21.mirnas.quantification.txt,Primary Tumor
83cec9cb-40e0-4f4a-94b5-43b8f60763a9.mirbase21.mirnas.quantification.txt,Primary Tumor
99238dd6-1b7d-477e-a1c2-e8b7224530e3.mirbase21.mirnas.quantification.txt,Primary Tumor
7653db89-aaf3-4197-aa50-a9e48ae8fcde.mirbase21.mirnas.quantification.txt,Primary Tumor
0451288e-d776-4c02-a544-4a521c35e531.mirbase21.mirnas.quantification.txt,Primary Tumor
99f3c12d-096d-4109-8b68-0436b23f15fd.mirbase21.mirnas.quantification.txt,Primary Tumor
b838f31a-077e-4476-8e28-10a4e85c0326.mirbase21.mirnas.quantification.txt,Primary Tumor
17447274-76ce-4b9c-8a28-b176807b9d25.mirbase21.mirnas.quantification.txt,Primary Tumor
a794989e-0c44-4629-9810-786e43427e4e.mirbase21.mirnas.quantification.txt,Primary Tumor
12c55be3-f760-4ec7-9e69-a8effbfa9466.mirbase21.mirnas.quantification.txt,Primary Tumor
42b6138c-e127-47ef-9f66-08171787eeb3.mirbase21.mirnas.quantification.txt,Primary Tumor
0d7b629e-468b-4361-9ee1-9708847b1293.mirbase21.mirnas.quantification.txt,Primary Tumor
44320586-49db-44a8-b309-ce0b956af6fc.mirbase21.mirnas.quantification.txt,Primary Tumor
39d4718c-ce53-4fe1-8ed2-2756781f9d2d.mirbase21.mirnas.quantification.txt,Primary Tumor
2bfe1d80-8823-41e3-926b-75a747bb6a60.mirbase21.mirnas.quantification.txt,Primary Tumor
ac82c832-6f4e-406b-8754-4aa680f37bc6.mirbase21.mirnas.quantification.txt,Primary Tumor
4536bec0-9e48-4b4d-a7f7-040969a03b2a.mirbase21.mirnas.quantification.txt,Primary Tumor
288d037b-f94d-499b-89de-522307024233.mirbase21.mirnas.quantification.txt,Primary Tumor
55e3e988-8feb-4894-b184-b9c7edc65481.mirbase21.mirnas.quantification.txt,Primary Tumor
f6455c78-238b-443b-ae11-bbc486ee3b0e.mirbase21.mirnas.quantification.txt,Primary Tumor
aa921501-cc9e-4545-915c-9c647f798660.mirbase21.mirnas.quantification.txt,Primary Tumor
37d2dab8-c309-4b69-91c3-cef436481af7.mirbase21.mirnas.quantification.txt,Primary Tumor
53b77a93-36d8-42e9-a0f3-c0f95ad2f172.mirbase21.mirnas.quantification.txt,Primary Tumor
23b71f6e-b11f-4536-a550-ea5c81ffe48e.mirbase21.mirnas.quantification.txt,Primary Tumor
bb7b5b83-056e-4c44-90fd-e50ed3b64e16.mirbase21.mirnas.quantification.txt,Solid Tissue Normal
f234ef37-3cd2-4bff-8bc0-a6ba58aff7a7.mirbase21.mirnas.quantification.txt,Primary Tumor
0d90613c-3d5b-478e-84d2-e4c20c6c7804.mirbase21.mirnas.quantification.txt,Primary Tumor
0343b3f6-c59a-4562-b833-4a7b83357e51.mirbase21.mirnas.quantification.txt,Primary Tumor
368f7854-2def-41fc-a75a-c684a387c3c1.mirbase21.mirnas.quantification.txt,Primary Tumor
e5e4d2e9-977f-4bc5-9805-e51e0fa6170e.mirbase21.mirnas.quantification.txt,Primary Tumor
5fe6f7d7-991c-4c29-8114-9632f635d48f.mirbase21.mirnas.quantification.txt,Primary Tumor
dacb634d-07ac-4e2d-a259-d950b9f82d8d.mirbase21.mirnas.quantification.txt,Primary Tumor
2288a1aa-8f29-4a29-a619-2c49fde819ae.mirbase21.mirnas.quantification.txt,Solid Tissue Normal
3f8f98b4-26f0-4391-aeb6-776697f7a135.mirbase21.mirnas.quantification.txt,Primary Tumor
3d064976-8d4b-41a4-9fc8-52b12d23888c.mirbase21.mirnas.quantification.txt,Primary Tumor
6c3b56e5-e29d-44ab-ac5a-65268fe4f5f1.mirbase21.mirnas.quantification.txt,Primary Tumor
80ba5897-8a92-4c15-affd-a78c9e1d5f2a.mirbase21.mirnas.quantification.txt,Primary Tumor
44b17a9e-73ba-4a61-8b94-e28a616637de.mirbase21.mirnas.quantification.txt,Primary Tumor
853e5acf-2710-4d13-989f-d977f5d3db51.mirbase21.mirnas.quantification.txt,Primary Tumor
e692e63d-53fa-43e0-95e0-2c9d5d9e14b1.mirbase21.mirnas.quantification.txt,Primary Tumor
dc2eb494-e316-4600-95be-19efc91ee2ca.mirbase21.mirnas.quantification.txt,Solid Tissue Normal
4eaebf2c-a385-4fcf-aff6-6fb21c942ec7.mirbase21.mirnas.quantification.txt,Primary Tumor
a671bc64-ca3d-4602-a4c2-8aeb04d8ec1b.mirbase21.mirnas.quantification.txt,Primary Tumor
b86b9b6e-eb56-49b1-ab40-b5610e90d5c4.mirbase21.mirnas.quantification.txt,Primary Tumor
ab2c8d52-9d50-44f0-ae60-074220d19b78.mirbase21.mirnas.quantification.txt,Primary Tumor
113343f0-5772-4c16-ab6d-3a33d01a24bf.mirbase21.mirnas.quantification.txt,Primary Tumor
63edc36c-55ac-4081-a307-11ba625c854c.mirbase21.mirnas.quantification.txt,Primary Tumor
5dc66e41-5d46-4dce-9d43-0f2d9d4a668e.mirbase21.mirnas.quantification.txt,Primary Tumor
4d869897-10d0-4f49-922d-f7ee9fc3c591.mirbase21.mirnas.quantification.txt,Primary Tumor
152ac88c-989d-48f0-8adb-f5e2a95c8657.mirbase21.mirnas.quantification.txt,Primary Tumor
7036fa73-ee49-4d70-9e30-a4eab8c1c08b.mirbase21.mirnas.quantification.txt,Primary Tumor
61a3b19b-fae2-434c-b3e7-5524a95bec0f.mirbase21.mirnas.quantification.txt,Primary Tumor
d8c630f2-62ba-4bad-beb6-c4f777d57dad.mirbase21.mirnas.quantification.txt,Primary Tumor
d35f5b5c-4c02-4510-a96a-0658aed6505d.mirbase21.mirnas.quantification.txt,Primary Tumor
f68f983a-5b3f-4cd6-ad5f-0521d90e3553.mirbase21.mirnas.quantification.txt,Primary Tumor
5f2cbe13-1d46-4271-b0b7-3b7abdc71c63.mirbase21.mirnas.quantification.txt,Primary Tumor
03f54564-65bb-4561-ad33-ec78b883c217.mirbase21.mirnas.quantification.txt,Solid Tissue Normal
50ab4792-b16a-4e4d-a0a0-ad917509711d.mirbase21.mirnas.quantification.txt,Primary Tumor
0ffaa6ae-cffa-4c73-993a-9b937737b7ef.mirbase21.mirnas.quantification.txt,Primary Tumor
e8ccf9b2-09cf-44ad-b064-15136fd12a1c.mirbase21.mirnas.quantification.txt,Primary Tumor
7d106bf8-d663-4fe6-9834-3ce0dcda7cf8.mirbase21.mirnas.quantification.txt,Solid Tissue Normal
d86360eb-f641-46b1-ae85-b9642f9d2258.mirbase21.mirnas.quantification.txt,Primary Tumor
6d1d3b8d-3c18-45c2-a35f-94de338fc1ca.mirbase21.mirnas.quantification.txt,Primary Tumor
ad4a715c-e9f7-4f9d-b7ef-009ae702e005.mirbase21.mirnas.quantification.txt,Primary Tumor
f692278d-a164-4645-b843-ce2bf6007a20.mirbase21.mirnas.quantification.txt,Primary Tumor
299d0d2a-db91-4921-9a86-42248c100971.mirbase21.mirnas.quantification.txt,Primary Tumor
df1f2f4e-6eb0-4c56-be6f-a7ef2721622d.mirbase21.mirnas.quantification.txt,Primary Tumor
b040c5ae-c2bd-42cc-b94f-784d57ecbfaf.mirbase21.mirnas.quantification.txt,Primary Tumor
8f9a2c61-64e2-4140-919c-157639d383d3.mirbase21.mirnas.quantification.txt,Primary Tumor
9fb0324a-992d-4d1e-9f04-76d307ccb754.mirbase21.mirnas.quantification.txt,Primary Tumor
d51ad5c8-3d3a-48a5-8db1-5ad75fdb42e0.mirbase21.mirnas.quantification.txt,Primary Tumor
3df4d603-d937-4b0a-a41c-dd2d02bde6d6.mirbase21.mirnas.quantification.txt,Primary Tumor
290a01d5-0516-4430-97e3-7f347e414664.mirbase21.mirnas.quantification.txt,Primary Tumor
bc2e1793-01a9-49fa-a2be-bee654a53116.mirbase21.mirnas.quantification.txt,Primary Tumor
7033c363-52fc-4ab5-acbf-a0d367bfecc6.mirbase21.mirnas.quantification.txt,Primary Tumor
90856054-862e-41ee-8305-984433fef9fe.mirbase21.mirnas.quantification.txt,Primary Tumor
576935e7-9c4c-4e30-912b-27e4429ffeae.mirbase21.mirnas.quantification.txt,Primary Tumor
1e325420-2b6f-45cc-bd6d-7748ff21e19f.mirbase21.mirnas.quantification.txt,Primary Tumor
ab9a2346-939f-4dea-ae9a-bbdb39e331b1.mirbase21.mirnas.quantification.txt,Primary Tumor
496d5850-be63-4ae8-8d5e-083f98d2d19e.mirbase21.mirnas.quantification.txt,Primary Tumor
d0f51e84-29be-4527-ad49-11dff47f084a.mirbase21.mirnas.quantification.txt,Primary Tumor
a0cdb8dc-1fb6-4096-85aa-5506f8ce2112.mirbase21.mirnas.quantification.txt,Primary Tumor
e7332f84-65eb-44bf-9d64-4775dfc6b0fe.mirbase21.mirnas.quantification.txt,Primary Tumor
1a11093b-ff9e-47a0-bbc9-ba7e15b0b27b.mirbase21.mirnas.quantification.txt,Primary Tumor
aaad49e5-7cbf-4833-bcd5-b8b974aa9620.mirbase21.mirnas.quantification.txt,Primary Tumor
e541ddf3-fe79-4712-9e6e-f42c1cda6444.mirbase21.mirnas.quantification.txt,Primary Tumor
199e8fcc-0aab-499e-b107-f01d8e3dbd77.mirbase21.mirnas.quantification.txt,Primary Tumor
ec483366-3d85-46ab-9b4f-5833f934f30d.mirbase21.mirnas.quantification.txt,Primary Tumor
4885aa0a-e3b0-4ecd-a57b-ca2bc9ad2453.mirbase21.mirnas.quantification.txt,Primary Tumor
a779feff-90ba-4f56-969f-eada0896ab07.mirbase21.mirnas.quantification.txt,Solid Tissue Normal
346401a1-9cfc-4535-91bc-764d01bb41a9.mirbase21.mirnas.quantification.txt,Primary Tumor
ac1d34ed-7d74-4fa5-9588-3be45680b064.mirbase21.mirnas.quantification.txt,Primary Tumor
1d832e5a-9da9-4ec2-b761-9854cf72aeea.mirbase21.mirnas.quantification.txt,Primary Tumor
02c17ea9-a26f-43e4-91d4-9993013b6e43.mirbase21.mirnas.quantification.txt,Primary Tumor
769b38f0-1e2d-4158-8d81-908744d47bfc.mirbase21.mirnas.quantification.txt,Primary Tumor
09b88587-a112-46d1-9551-d60154effdef.mirbase21.mirnas.quantification.txt,Primary Tumor
4c97f0be-c026-46af-83fc-6682e30b3a6c.mirbase21.mirnas.quantification.txt,Primary Tumor
5dc8e41f-b1b0-48c9-84a6-63f1a89fe498.mirbase21.mirnas.quantification.txt,Primary Tumor
51b1e78f-56a0-45dd-a892-89a9fed4c1c6.mirbase21.mirnas.quantification.txt,Primary Tumor
88f4ebd6-2bd0-4bed-bf1e-34883999c5ec.mirbase21.mirnas.quantification.txt,Primary Tumor
521604b6-47d8-4c18-9a5b-d146258e1647.mirbase21.mirnas.quantification.txt,Primary Tumor
62748187-c58c-4d26-9bac-d3bd348c7f9e.mirbase21.mirnas.quantification.txt,Primary Tumor
8a23ad95-afe7-40c9-a4a1-0377879c729e.mirbase21.mirnas.quantification.txt,Primary Tumor
446a207c-a17c-43bc-aa45-5306f7b86382.mirbase21.mirnas.quantification.txt,Primary Tumor
0ab7c85e-6967-4841-a56e-6f010edc2350.mirbase21.mirnas.quantification.txt,Primary Tumor
ee3ba8bf-a5c5-4552-9afe-69369e8cc303.mirbase21.mirnas.quantification.txt,Primary Tumor
0a7c73c7-0894-407a-bb48-9eebe2d27894.mirbase21.mirnas.quantification.txt,Primary Tumor
1c59746c-9d4a-4ee2-a168-8760ad63d397.mirbase21.mirnas.quantification.txt,Primary Tumor
86d68770-b597-494c-8488-8e0cd6780587.mirbase21.mirnas.quantification.txt,Primary Tumor
3341a686-53a6-47da-8ded-4092494b591f.mirbase21.mirnas.quantification.txt,Primary Tumor
6fbb9775-679f-499f-b7e9-6cf5c8daee4d.mirbase21.mirnas.quantification.txt,Primary Tumor
375367f9-2154-4b04-b044-81b9886dd92d.mirbase21.mirnas.quantification.txt,Primary Tumor
a6329885-d43d-4e05-ad66-fcc2e4a5b35b.mirbase21.mirnas.quantification.txt,Primary Tumor
2906ca67-74c0-4944-847c-54d25e7dcb87.mirbase21.mirnas.quantification.txt,Primary Tumor
ec758796-1248-4cf5-9788-99aea11834e9.mirbase21.mirnas.quantification.txt,Primary Tumor
05111cac-b52d-4da1-888f-7e346275e1a7.mirbase21.mirnas.quantification.txt,Primary Tumor
a99e2b03-b582-4d14-a4d8-5d152774eb15.mirbase21.mirnas.quantification.txt,Primary Tumor
44204414-ee82-4e8b-9570-3175be65ca11.mirbase21.mirnas.quantification.txt,Primary Tumor
9172fbd9-b1ca-46a6-8abf-950fb981aa32.mirbase21.mirnas.quantification.txt,Primary Tumor
0c0dabce-090a-4094-b111-211b0b543c5a.mirbase21.mirnas.quantification.txt,Primary Tumor
320f5d62-a2f8-43e7-9e5f-403c14218da0.mirbase21.mirnas.quantification.txt,Primary Tumor
5655ec51-8f1b-4232-a628-54ec0e311e7e.mirbase21.mirnas.quantification.txt,Primary Tumor
8bcc2c90-d3b9-48e7-bae5-2cdacab5a59d.mirbase21.mirnas.quantification.txt,Primary Tumor
aa6fa30d-df3b-471d-930f-c630fd74685d.mirbase21.mirnas.quantification.txt,Primary Tumor
0fb7d288-5596-4615-ba47-d8228c512e9f.mirbase21.mirnas.quantification.txt,Primary Tumor
fb6b7424-20e2-4426-9e7a-ce187d2cff86.mirbase21.mirnas.quantification.txt,Primary Tumor
6707ec34-37ed-48f7-8822-66f174a3424b.mirbase21.mirnas.quantification.txt,Primary Tumor
1a310af4-190e-4fe9-98ae-3f3c57d8a177.mirbase21.mirnas.quantification.txt,Primary Tumor
5c0b9478-30b0-4217-b5c1-14ae9bc54fdc.mirbase21.mirnas.quantification.txt,Solid Tissue Normal
d36aa33e-9c39-4635-9123-4a0ef8d6ccfa.mirbase21.mirnas.quantification.txt,Primary Tumor
74a84a90-2f65-4099-b832-f37b15ee1f8e.mirbase21.mirnas.quantification.txt,Primary Tumor
ea2dbc5a-1959-48f0-8cdb-878a332bc9c8.mirbase21.mirnas.quantification.txt,Primary Tumor
f5014638-8ef0-4f3b-b080-54b14fa272b9.mirbase21.mirnas.quantification.txt,Primary Tumor
ee101871-15a1-4bb0-83e4-d5a1ba3d047c.mirbase21.mirnas.quantification.txt,Primary Tumor
12fbd340-16a3-4163-99b3-8e7cc184984b.mirbase21.mirnas.quantification.txt,Primary Tumor
fc594f9f-85a1-4607-8865-31531bdf2594.mirbase21.mirnas.quantification.txt,Primary Tumor
75797069-0eee-4c51-ba37-89caec41ab33.mirbase21.mirnas.quantification.txt,Primary Tumor
f719f3da-96b2-4724-a6b9-ba19d17b8b29.mirbase21.mirnas.quantification.txt,Primary Tumor
f9146965-388d-4917-8752-e9d39649c050.mirbase21.mirnas.quantification.txt,Primary Tumor
20991135-5873-49b1-b738-6724d8750722.mirbase21.mirnas.quantification.txt,Primary Tumor
312a21fa-df30-4afd-bb51-f15b9ec42d78.mirbase21.mirnas.quantification.txt,Primary Tumor
3ebd7ed7-bf54-46e9-b731-e30dfef89df0.mirbase21.mirnas.quantification.txt,Primary Tumor
f219ec1a-e6e8-4c84-8525-e2fcd63b8d24.mirbase21.mirnas.quantification.txt,Primary Tumor
4883afa4-837c-482d-a1f2-6bfc35d49c47.mirbase21.mirnas.quantification.txt,Primary Tumor
a816b8cd-16f0-4a18-8896-013c3e65b2a6.mirbase21.mirnas.quantification.txt,Primary Tumor
af2f3a13-e04a-4448-965c-dcca6fd6c233.mirbase21.mirnas.quantification.txt,Primary Tumor
038cea02-cec0-4699-b18d-40a3428624d3.mirbase21.mirnas.quantification.txt,Primary Tumor
eb7a0e4c-4806-4b87-9df2-5b57118d4dcf.mirbase21.mirnas.quantification.txt,Primary Tumor
1d568b7c-6e90-4599-a84b-8ebc9fe2d67b.mirbase21.mirnas.quantification.txt,Primary Tumor
80f2cc47-40d6-4a5b-a59f-078b9bb4f9a3.mirbase21.mirnas.quantification.txt,Primary Tumor
0a5aa815-9305-4ed3-a0fb-7b6dc6fc503d.mirbase21.mirnas.quantification.txt,Primary Tumor
9d0b32c8-f592-45e6-9a82-3f39236c8d92.mirbase21.mirnas.quantification.txt,Primary Tumor
3def6952-49ad-4b8e-8bd1-b6fd8b19fc8f.mirbase21.mirnas.quantification.txt,Primary Tumor
03ec76a9-07ab-428e-bb1c-f3f5640ff454.mirbase21.mirnas.quantification.txt,Primary Tumor
2cdbb09c-096c-411d-a5c5-94fe1909a23b.mirbase21.mirnas.quantification.txt,Primary Tumor
c439ea64-6739-46d3-a6f0-e8569cf7e576.mirbase21.mirnas.quantification.txt,Primary Tumor
10b63379-7dfd-4f39-9453-e0e7c4d0ab2a.mirbase21.mirnas.quantification.txt,Primary Tumor
25024486-0b18-453d-8c24-ae20b95c13e5.mirbase21.mirnas.quantification.txt,Primary Tumor
c4d68a77-5759-4084-b7d5-db5bb606f726.mirbase21.mirnas.quantification.txt,Primary Tumor
ccde232f-1cfd-432c-bc68-d409107110e3.mirbase21.mirnas.quantification.txt,Primary Tumor
12259072-a244-4d24-baa6-b1df102099d3.mirbase21.mirnas.quantification.txt,Primary Tumor
f86235e2-c0d0-42c5-a52b-f027a29333e3.mirbase21.mirnas.quantification.txt,Primary Tumor
937cb8a4-7940-4c47-bfaa-115ef4115c87.mirbase21.mirnas.quantification.txt,Primary Tumor
5aa5502f-54a6-415f-9299-670ec3d24413.mirbase21.mirnas.quantification.txt,Primary Tumor
f4087ba8-85c0-4c70-9c6f-70c790a46b19.mirbase21.mirnas.quantification.txt,Primary Tumor
de70c307-0b20-49f6-8f19-b552e5204a81.mirbase21.mirnas.quantification.txt,Primary Tumor
0c28fb68-6372-4474-84ce-c2a01b697c2a.mirbase21.mirnas.quantification.txt,Primary Tumor
11bcc2fd-363e-4e66-9478-79d22955719e.mirbase21.mirnas.quantification.txt,Primary Tumor
e1950254-a850-44ae-8d0c-3efb75a8d275.mirbase21.mirnas.quantification.txt,Primary Tumor
049c8973-5621-4863-9fd4-3e8e7b47b9ea.mirbase21.mirnas.quantification.txt,Primary Tumor
55502b50-eb27-4a2a-9650-9b9d7364663c.mirbase21.mirnas.quantification.txt,Primary Tumor
f9ebf04d-77a8-42a4-a824-354f3fb06521.mirbase21.mirnas.quantification.txt,Primary Tumor
eef834c0-89f3-4c58-827e-74ea0b2a0d4c.mirbase21.mirnas.quantification.txt,Primary Tumor
bda7b530-af0c-4358-b939-13655eb9ff48.mirbase21.mirnas.quantification.txt,Solid Tissue Normal
46729ec7-ce1c-4595-bba7-fe0c53de8bd2.mirbase21.mirnas.quantification.txt,Primary Tumor
8db9ff9b-e55b-43f5-94c5-acb9741fc575.mirbase21.mirnas.quantification.txt,Primary Tumor
681038cd-6192-4e8e-a85a-0c91510d8198.mirbase21.mirnas.quantification.txt,Primary Tumor
2c05add9-aced-4dc5-a280-6ff2e7f69323.mirbase21.mirnas.quantification.txt,Primary Tumor
2409ea25-afdc-4084-8896-827f54ddce19.mirbase21.mirnas.quantification.txt,Primary Tumor
f7ef1918-8289-47e1-910a-a36457c44767.mirbase21.mirnas.quantification.txt,Primary Tumor
c302ef49-472f-4d8a-896e-490bd7b57c82.mirbase21.mirnas.quantification.txt,Primary Tumor
d7470b04-842a-472e-961f-6db63aeef316.mirbase21.mirnas.quantification.txt,Primary Tumor
3c07e310-27af-4428-82a6-b6e6dfb39d0a.mirbase21.mirnas.quantification.txt,Primary Tumor
c47d24d0-c37f-4e6e-be9e-a1e061808093.mirbase21.mirnas.quantification.txt,Primary Tumor
20572764-f33a-4fe9-8cc8-b5c7a2a3a0a6.mirbase21.mirnas.quantification.txt,Primary Tumor
46660faf-c388-4beb-8617-23852ccbea15.mirbase21.mirnas.quantification.txt,Primary Tumor
c16ca942-f7a5-4bc4-bc08-0a9cf9b77227.mirbase21.mirnas.quantification.txt,Primary Tumor
8a2a1e81-b891-4e87-95e7-41f7609e32d4.mirbase21.mirnas.quantification.txt,Primary Tumor
66fcaec7-a58a-413b-8b44-4fc1e4cf16f6.mirbase21.mirnas.quantification.txt,Primary Tumor
d5b0f557-c8c7-497d-88f0-8099fdea30f1.mirbase21.mirnas.quantification.txt,Primary Tumor
a0fcfa26-49be-40f3-9d9e-b8a938ed8c1e.mirbase21.mirnas.quantification.txt,Primary Tumor
ee026d04-15d0-4391-a4fd-32d1998cdaeb.mirbase21.mirnas.quantification.txt,Primary Tumor
7ee9263f-dfa1-485a-9292-308fb6316bff.mirbase21.mirnas.quantification.txt,Primary Tumor
22f30034-3e14-4dc4-ab60-e05dc4b9b39d.mirbase21.mirnas.quantification.txt,Primary Tumor
736f7d76-a7af-4d67-be9c-d7f94d568474.mirbase21.mirnas.quantification.txt,Primary Tumor
cc22f2ff-4115-4999-bacf-b118b0dd926d.mirbase21.mirnas.quantification.txt,Primary Tumor
98d69e90-3bc6-47d0-be09-6d7d8bb173b4.mirbase21.mirnas.quantification.txt,Primary Tumor
78ec4cda-26a0-41cf-9bfa-1e69ae2beab5.mirbase21.mirnas.quantification.txt,Solid Tissue Normal
c82fae78-8252-4384-80ac-bcf667d8798c.mirbase21.mirnas.quantification.txt,Primary Tumor
50a432f0-c317-4af8-9a5a-0a89475a2fee.mirbase21.mirnas.quantification.txt,Primary Tumor
17c71a02-8c5c-46c9-a083-cbcf1f6fe55a.mirbase21.mirnas.quantification.txt,Primary Tumor
a123c120-7a99-48f1-88d3-7af89f9421b9.mirbase21.mirnas.quantification.txt,Primary Tumor
3dcd0ae3-1cb2-4056-b2cf-184758b7fc24.mirbase21.mirnas.quantification.txt,Primary Tumor
69fdec0f-ea1a-4495-91d2-f330c645af30.mirbase21.mirnas.quantification.txt,Primary Tumor
c92bd978-5a05-4815-9aed-9559d7d767e3.mirbase21.mirnas.quantification.txt,Primary Tumor
de0a3e50-4473-4d79-93bc-811317da98d7.mirbase21.mirnas.quantification.txt,Primary Tumor
f93f7c98-9f58-4a9d-8b2d-3818ebf851d1.mirbase21.mirnas.quantification.txt,Primary Tumor
93c41169-8026-4fd2-a5ad-1fe55cd4a1ed.mirbase21.mirnas.quantification.txt,Primary Tumor
aac267a8-e7b1-4afa-ad85-6c6f7ac448cd.mirbase21.mirnas.quantification.txt,Primary Tumor
02e669a4-b5fe-4825-8ee9-35e8cb65de4c.mirbase21.mirnas.quantification.txt,Primary Tumor
c768ee71-b97b-4e10-ae84-5643b72ccbb1.mirbase21.mirnas.quantification.txt,Primary Tumor
e78899ec-b13a-4fa2-a54e-e3c2d7becbe0.mirbase21.mirnas.quantification.txt,Primary Tumor
cb2846ab-d8f1-400b-a885-b66650162430.mirbase21.mirnas.quantification.txt,Primary Tumor
6c2322b7-97ad-4dc4-95ea-3b8813f1312d.mirbase21.mirnas.quantification.txt,Primary Tumor
5f0938d7-0a81-4276-85c5-4b1bce17d31a.mirbase21.mirnas.quantification.txt,Primary Tumor
1482eb4f-ab18-4053-8416-e7108b41f1cf.mirbase21.mirnas.quantification.txt,Primary Tumor
68ff8d8f-b876-499c-b125-cb852381ab4e.mirbase21.mirnas.quantification.txt,Primary Tumor
455f9de1-14cb-4b85-9366-000595d65ea9.mirbase21.mirnas.quantification.txt,Primary Tumor
6dfbacc4-bc16-4ee7-9a42-67621638b8f0.mirbase21.mirnas.quantification.txt,Primary Tumor
cf055912-bdef-44ac-bc4b-d9bdbc51e3ab.mirbase21.mirnas.quantification.txt,Solid Tissue Normal
3e38bcf8-f971-458e-97ee-cc3b6e9d71b0.mirbase21.mirnas.quantification.txt,Primary Tumor
a399108a-1498-4a36-9d1a-18aed61b44d4.mirbase21.mirnas.quantification.txt,Primary Tumor
81f760fa-232a-427e-a3e6-5d1af57fab71.mirbase21.mirnas.quantification.txt,Primary Tumor
da6f74c6-84e2-4252-b598-c601e881028b.mirbase21.mirnas.quantification.txt,Solid Tissue Normal
e3693434-67ad-4e46-ba52-12d675d54a22.mirbase21.mirnas.quantification.txt,Primary Tumor
b61c1708-a9ba-429f-b77a-5d90ae00801e.mirbase21.mirnas.quantification.txt,Primary Tumor
bbb0a08f-8a93-420b-b96c-58bb3e07c9e6.mirbase21.mirnas.quantification.txt,Primary Tumor
94748d32-8426-4ab7-be1c-aa22b451ea2a.mirbase21.mirnas.quantification.txt,Primary Tumor
239b5cf3-c149-49e2-8f5e-b6066e1ddb10.mirbase21.mirnas.quantification.txt,Primary Tumor
509bcdc0-baf4-4fc3-82ed-49e009e2f9c9.mirbase21.mirnas.quantification.txt,Primary Tumor
88396e96-e44e-456c-9220-55fcdfd83a93.mirbase21.mirnas.quantification.txt,Primary Tumor
424d5e55-9772-48ef-aebb-7c69cd6b0554.mirbase21.mirnas.quantification.txt,Primary Tumor
dfc2507b-2fab-4a95-8a7f-7b1115d877ef.mirbase21.mirnas.quantification.txt,Solid Tissue Normal
185e2931-8222-4e12-9a84-ec93076e0620.mirbase21.mirnas.quantification.txt,Primary Tumor
162bb5a8-806e-4d6b-9083-63b06c61ec63.mirbase21.mirnas.quantification.txt,Primary Tumor
82d9b15c-fe2e-4126-a538-4a9d4695ac9c.mirbase21.mirnas.quantification.txt,Primary Tumor
1caf2d0f-cbf7-4054-93ff-5815efaeda37.mirbase21.mirnas.quantification.txt,Primary Tumor
4d7d5e01-77e6-414c-941f-b5833c3d07c2.mirbase21.mirnas.quantification.txt,Primary Tumor
f4c7e201-e8c3-4f08-bc88-802007cc88a5.mirbase21.mirnas.quantification.txt,Solid Tissue Normal
d1d2233c-9c95-4e38-90ae-a0137bfb4aab.mirbase21.mirnas.quantification.txt,Solid Tissue Normal
b4b26844-1674-471f-8ff2-1391ea533685.mirbase21.mirnas.quantification.txt,Primary Tumor
3befce99-d1e0-4420-bd5d-7cdd3e8db66b.mirbase21.mirnas.quantification.txt,Primary Tumor
f2191dc4-2f53-45b1-8fb7-cd9b5d47d9d9.mirbase21.mirnas.quantification.txt,Primary Tumor
5890c719-8736-433a-a1e1-57a5b14c6215.mirbase21.mirnas.quantification.txt,Primary Tumor
1d859458-f851-46ff-8e82-912f40b2f938.mirbase21.mirnas.quantification.txt,Primary Tumor
85532c3d-6ab6-4e71-b3ac-31bf0e9f248c.mirbase21.mirnas.quantification.txt,Primary Tumor
70308338-9f2c-4592-986e-9b089bed8f3f.mirbase21.mirnas.quantification.txt,Primary Tumor
7bb27b9d-cd25-4ad2-9d78-0bbfb61e4458.mirbase21.mirnas.quantification.txt,Primary Tumor
0ce7bbc4-8258-4e88-afbd-26d99b8af1e1.mirbase21.mirnas.quantification.txt,Primary Tumor
83d5e4f8-a59f-4d2c-bf30-e021a25b4abc.mirbase21.mirnas.quantification.txt,Primary Tumor
5cd968a0-9bd4-48d0-9a07-cd460d2f49f4.mirbase21.mirnas.quantification.txt,Solid Tissue Normal
739c865e-fdac-4d7e-9bff-a230ccc6408d.mirbase21.mirnas.quantification.txt,Primary Tumor
f536469e-2f21-46bb-8c41-03d00be00dab.mirbase21.mirnas.quantification.txt,Primary Tumor
be87b64e-ad87-4134-8b08-63b6282a755a.mirbase21.mirnas.quantification.txt,Primary Tumor
91770d37-3335-4c4d-a16c-950c12bc18d2.mirbase21.mirnas.quantification.txt,Primary Tumor
901303e4-35e2-47aa-86b9-a5cb36922680.mirbase21.mirnas.quantification.txt,Primary Tumor
a4ec3a9d-1550-4c9d-8c79-3ae4121ed47f.mirbase21.mirnas.quantification.txt,Primary Tumor
d7b79fb1-a2cb-49a6-b191-0fa0456e40f8.mirbase21.mirnas.quantification.txt,Primary Tumor
0b19f7dc-7a5b-40a5-8be6-4a503be0d41d.mirbase21.mirnas.quantification.txt,Primary Tumor
69cf7c92-ca4b-4b08-bd02-60514f7c26ab.mirbase21.mirnas.quantification.txt,Primary Tumor
39bdbacc-7afc-4b5d-9910-0173551b913c.mirbase21.mirnas.quantification.txt,Primary Tumor
502ab737-7e31-47ed-b0ef-f8e036457ef1.mirbase21.mirnas.quantification.txt,Primary Tumor
3eb5e846-cffa-4548-a2b6-248a94674cd5.mirbase21.mirnas.quantification.txt,Solid Tissue Normal
11dd5c35-9d3c-4dac-a9d5-13c33c477c20.mirbase21.mirnas.quantification.txt,Primary Tumor
6add07eb-75b8-4a60-95f9-2292a6c4ba50.mirbase21.mirnas.quantification.txt,Primary Tumor
66f25b4e-6a0b-489f-a2c8-5b8bc573d97b.mirbase21.mirnas.quantification.txt,Primary Tumor
515fc037-6783-4940-9fde-1f9577b2a356.mirbase21.mirnas.quantification.txt,Primary Tumor
3b2f8ee9-ec7f-4010-bb37-a66b633b2aec.mirbase21.mirnas.quantification.txt,Primary Tumor
0791fcf6-698c-4bd9-8529-04a84c7f7dbd.mirbase21.mirnas.quantification.txt,Primary Tumor
6b15af34-e864-4582-8c37-88486734710c.mirbase21.mirnas.quantification.txt,Primary Tumor
db4c4676-c94f-4514-ba12-d9eb5c8b1277.mirbase21.mirnas.quantification.txt,Primary Tumor
c1053921-c53d-44e4-8d31-992b1789a7e9.mirbase21.mirnas.quantification.txt,Primary Tumor
e4a8f529-1820-4d7e-b700-0466410efc91.mirbase21.mirnas.quantification.txt,Primary Tumor
e771b3de-9158-4319-9359-244031ad83e0.mirbase21.mirnas.quantification.txt,Primary Tumor
9a095fa0-89fe-48ff-ae3a-68d2eb8e161b.mirbase21.mirnas.quantification.txt,Primary Tumor
83a91282-b4f3-4f48-89bc-76c41ec83891.mirbase21.mirnas.quantification.txt,Primary Tumor
dc15de49-9491-4c31-8965-ce8e81f68bbd.mirbase21.mirnas.quantification.txt,Primary Tumor
934c2c9a-6a5a-4218-8385-e694528ad058.mirbase21.mirnas.quantification.txt,Primary Tumor
718213cf-ae83-4007-9a51-9475249fb596.mirbase21.mirnas.quantification.txt,Primary Tumor
14b1c460-bdb2-44ee-881e-67669a0decfd.mirbase21.mirnas.quantification.txt,Primary Tumor
86a8048e-0a27-4df7-85a8-fb7af2664f29.mirbase21.mirnas.quantification.txt,Primary Tumor
26b07a30-a2f4-47b8-92c6-bd2e173a5ac8.mirbase21.mirnas.quantification.txt,Primary Tumor
33239bf2-49f3-48d4-a5f4-a17e9c4a1b2d.mirbase21.mirnas.quantification.txt,Primary Tumor
33568f1e-8704-4ea5-948b-564057e5a36b.mirbase21.mirnas.quantification.txt,Primary Tumor
069a358d-09bb-45b0-a5d5-b57571aeec5b.mirbase21.mirnas.quantification.txt,Primary Tumor
26d47d0e-422d-4ede-af36-d40725b1ce61.mirbase21.mirnas.quantification.txt,Primary Tumor
a3c89195-e8f9-4d4c-a44d-68c5f530c798.mirbase21.mirnas.quantification.txt,Solid Tissue Normal
22e7e8f8-94da-4bf8-9a9a-a2c33fc3c6f9.mirbase21.mirnas.quantification.txt,Solid Tissue Normal
63c71532-352e-4bac-89fc-312da703f7fc.mirbase21.mirnas.quantification.txt,Primary Tumor
689bafc1-252d-4d28-b6a2-6141b032ef7b.mirbase21.mirnas.quantification.txt,Primary Tumor
03c510e2-4891-484d-ba5b-16a852ae6533.mirbase21.mirnas.quantification.txt,Primary Tumor
ce379de0-5f44-4055-8048-4c48b45504cc.mirbase21.mirnas.quantification.txt,Primary Tumor
2d58d3bc-af87-4635-aee5-c07527502cb6.mirbase21.mirnas.quantification.txt,Primary Tumor
5cda9cc1-cd73-476b-9051-6bd08cea58aa.mirbase21.mirnas.quantification.txt,Primary Tumor
0ed6678a-b2ac-4f09-a2fc-88524a8256ab.mirbase21.mirnas.quantification.txt,Primary Tumor
c3c56dc0-dd8b-4344-aaa2-0b4b0f1f9c89.mirbase21.mirnas.quantification.txt,Primary Tumor
79a1f665-4862-411c-a7f1-d43310707b39.mirbase21.mirnas.quantification.txt,Primary Tumor
c7400ee1-5f40-49e7-9d62-fedeb2999cf0.mirbase21.mirnas.quantification.txt,Primary Tumor
70def25c-2d82-4cb5-af4b-6996114e5d79.mirbase21.mirnas.quantification.txt,Primary Tumor
7b838017-fe03-4770-9fb7-febbbbf1f4d8.mirbase21.mirnas.quantification.txt,Primary Tumor
098a98fb-a2ec-4a2b-9a28-6c99e5a0ad86.mirbase21.mirnas.quantification.txt,Primary Tumor
1b63d1da-3ff0-458b-bbd3-6235eb7a0021.mirbase21.mirnas.quantification.txt,Primary Tumor
eae50b8b-4f41-4cc0-a0b2-02d33f40363d.mirbase21.mirnas.quantification.txt,Primary Tumor
4793cc77-dfa5-4452-a88f-74920315e6f3.mirbase21.mirnas.quantification.txt,Primary Tumor
5c9a0420-521c-4b58-9dc7-0e0a0a671e7d.mirbase21.mirnas.quantification.txt,Primary Tumor
14e41141-da72-4939-a056-f3589b5c7663.mirbase21.mirnas.quantification.txt,Solid Tissue Normal
390bcfcc-b420-4020-b1dc-1a1073c25782.mirbase21.mirnas.quantification.txt,Primary Tumor
9ff44c45-7e42-41bb-bedb-067996511051.mirbase21.mirnas.quantification.txt,Primary Tumor
7ce9c448-aba7-46c3-a0ec-5c77b8b558bb.mirbase21.mirnas.quantification.txt,Primary Tumor
f8195d0b-2499-4d6a-a1f0-17b0897726dc.mirbase21.mirnas.quantification.txt,Primary Tumor
ded25808-29de-4486-850a-d026ac0ea2e2.mirbase21.mirnas.quantification.txt,Primary Tumor
994de651-0a52-4c90-a002-2de38d47b9fe.mirbase21.mirnas.quantification.txt,Primary Tumor
f22c50cc-a044-4ac3-bcd1-5ed18b0e8359.mirbase21.mirnas.quantification.txt,Primary Tumor
d4bd5ebc-ef30-47fa-af3f-3e5125ef8116.mirbase21.mirnas.quantification.txt,Primary Tumor
9a9889e1-c303-4bf3-9254-77d34dbe5c90.mirbase21.mirnas.quantification.txt,Primary Tumor
687d6f76-398d-4bf4-a914-29975a9b1f18.mirbase21.mirnas.quantification.txt,Primary Tumor
766b186c-fde6-4f3b-9989-475285614978.mirbase21.mirnas.quantification.txt,Primary Tumor
5ee983d1-8ec5-461c-aff8-4659ca158ef2.mirbase21.mirnas.quantification.txt,Primary Tumor
cda1df9a-9db8-47af-8ab1-4c558e9108af.mirbase21.mirnas.quantification.txt,Primary Tumor
c6aef95f-0b0a-48bf-9de5-50a81a2f2c77.mirbase21.mirnas.quantification.txt,Primary Tumor
ef1565a0-1499-42f4-b422-97870b6f1864.mirbase21.mirnas.quantification.txt,Primary Tumor
1ca3c30e-7173-416c-be5b-0b1e80e91d37.mirbase21.mirnas.quantification.txt,Primary Tumor
e3830f43-5efd-4651-9b3d-68b38d53b61c.mirbase21.mirnas.quantification.txt,Primary Tumor
e5a63f4b-d39d-476f-a3e6-81f8249fe85a.mirbase21.mirnas.quantification.txt,Primary Tumor
54d7ff25-2f98-4ae7-b7c9-175f304196d1.mirbase21.mirnas.quantification.txt,Primary Tumor
074fc035-2523-4c40-addb-c6bd016975a9.mirbase21.mirnas.quantification.txt,Primary Tumor
c85a9132-5f03-4aed-b69e-309e5f6742d0.mirbase21.mirnas.quantification.txt,Recurrent Tumor
445f15fb-9cae-4f5c-86d8-87cf19e7cf78.mirbase21.mirnas.quantification.txt,Primary Tumor
a2e9dd29-2f5f-49a7-9cdc-2a66eb998ee7.mirbase21.mirnas.quantification.txt,Primary Tumor
6308f034-7caa-4e71-8a85-63abbae57c32.mirbase21.mirnas.quantification.txt,Primary Tumor
5ee1aadd-029d-4ab5-85c1-fb10f4299884.mirbase21.mirnas.quantification.txt,Solid Tissue Normal
a03ddf72-f37c-4bd3-ae22-33de7091e227.mirbase21.mirnas.quantification.txt,Primary Tumor
b7a508dd-6a32-456d-910e-6f3fe75856d3.mirbase21.mirnas.quantification.txt,Solid Tissue Normal
c515ac5a-029c-4453-86cb-96da2ab9b714.mirbase21.mirnas.quantification.txt,Primary Tumor
83c90ddf-86be-4aa3-ae73-eac2bcac7994.mirbase21.mirnas.quantification.txt,Solid Tissue Normal
bd59f726-940d-4190-8d65-9e07f2788226.mirbase21.mirnas.quantification.txt,Primary Tumor
fd8137e0-9fe2-4480-996b-d5b787cc5e1d.mirbase21.mirnas.quantification.txt,Primary Tumor
742c8ec3-1e04-4294-9d55-08778ad7c900.mirbase21.mirnas.quantification.txt,Primary Tumor
bc802faf-8352-4c4e-8890-93d37af15071.mirbase21.mirnas.quantification.txt,Primary Tumor
ba4bf123-5354-4d06-9e2d-6c128e7c8df0.mirbase21.mirnas.quantification.txt,Primary Tumor
eb5c4332-cf82-4e1d-b609-9644b81efcc4.mirbase21.mirnas.quantification.txt,Solid Tissue Normal
efa9c92c-2953-4e09-ae54-b47ad9d02c53.mirbase21.mirnas.quantification.txt,Primary Tumor
4670bb8f-ac73-4d31-bf24-81188460c2af.mirbase21.mirnas.quantification.txt,Primary Tumor
612eb3e6-3a85-424a-b6be-c121c80499f0.mirbase21.mirnas.quantification.txt,Primary Tumor
1114830c-716b-430a-9ab0-15883cee82da.mirbase21.mirnas.quantification.txt,Primary Tumor
63b366ed-7d97-4f5d-8236-ffa23d5b98a8.mirbase21.mirnas.quantification.txt,Solid Tissue Normal
a42e9cd8-1566-4912-9982-fe423d9bbbf5.mirbase21.mirnas.quantification.txt,Primary Tumor
02256a7c-f2ee-4793-8ba1-845169defeae.mirbase21.mirnas.quantification.txt,Primary Tumor
a0b4f601-ad55-4955-b3a9-78e8797b2ad0.mirbase21.mirnas.quantification.txt,Primary Tumor
be90c334-4caa-4d97-95cc-f5f4f8208b50.mirbase21.mirnas.quantification.txt,Solid Tissue Normal
5ec7f862-d34b-46b4-92be-25257558e2cc.mirbase21.mirnas.quantification.txt,Primary Tumor
ac1a48dd-79fc-4081-a3ea-3fb926db043d.mirbase21.mirnas.quantification.txt,Primary Tumor
4d4b31af-5582-40eb-8423-fe153411eac3.mirbase21.mirnas.quantification.txt,Primary Tumor
204843fa-d98b-4ecd-b0e5-9419aab24d9d.mirbase21.mirnas.quantification.txt,Primary Tumor
5911b3b7-4477-40fe-b69d-c000867a38c1.mirbase21.mirnas.quantification.txt,Solid Tissue Normal
b31650ff-79b0-451b-a7a8-c0be784c0280.mirbase21.mirnas.quantification.txt,Primary Tumor
ca2103a3-79cd-46de-8e48-d74f396be37f.mirbase21.mirnas.quantification.txt,Solid Tissue Normal
9692278e-21e3-48ce-b642-02a7cd12a028.mirbase21.mirnas.quantification.txt,Primary Tumor
a387c86c-33f5-4973-b434-e8786ed5e42e.mirbase21.mirnas.quantification.txt,Primary Tumor
2eae09ca-76e6-45a8-abd2-39d084b3f5f5.mirbase21.mirnas.quantification.txt,Primary Tumor
72ff3991-dabc-49ae-af7f-2ee98cc67ba5.mirbase21.mirnas.quantification.txt,Primary Tumor
5ed1e5e7-e783-4c3f-ade5-8886a58982a8.mirbase21.mirnas.quantification.txt,Primary Tumor
2c30a06f-91e2-4d1d-8059-1e5ffddc21dc.mirbase21.mirnas.quantification.txt,Primary Tumor
73df89ef-2e69-4632-8c0d-5c6e83847a1c.mirbase21.mirnas.quantification.txt,Primary Tumor
0cb5581b-d4cf-41f9-8c0c-ca1a9a70952e.mirbase21.mirnas.quantification.txt,Primary Tumor
4033c3c6-e7bf-4853-b59c-a2cee542518a.mirbase21.mirnas.quantification.txt,Primary Tumor
a132214f-bc9b-4af3-9c4a-3bda5117d1b8.mirbase21.mirnas.quantification.txt,Primary Tumor
cff49249-3902-4863-98b0-89637c627019.mirbase21.mirnas.quantification.txt,Primary Tumor
c35ee127-c889-4cb6-b865-c447a87833fc.mirbase21.mirnas.quantification.txt,Primary Tumor
88400fe3-74c6-48aa-b017-c0c00e7fe223.mirbase21.mirnas.quantification.txt,Primary Tumor
b53d253a-e416-4bcc-8c75-a994229d8de7.mirbase21.mirnas.quantification.txt,Primary Tumor
5eb9bb4c-34a8-43b9-9540-edf67a730cf0.mirbase21.mirnas.quantification.txt,Primary Tumor
4ad5bf21-d9ad-4be7-a6f5-a0e8dd4095da.mirbase21.mirnas.quantification.txt,Primary Tumor
200fd26c-3340-4eaf-aa10-d66f9222739f.mirbase21.mirnas.quantification.txt,Primary Tumor
49d788ae-36df-4cbb-99f4-db23b95e6759.mirbase21.mirnas.quantification.txt,Primary Tumor
0988bd9e-3c61-4796-a369-c7ebf840cc95.mirbase21.mirnas.quantification.txt,Primary Tumor
9eae7c0a-fb86-48d1-bc5d-cd77a93c03b2.mirbase21.mirnas.quantification.txt,Primary Tumor
5012b013-c3cc-42f7-9765-57564d080e77.mirbase21.mirnas.quantification.txt,Primary Tumor
b5020bc4-3ea3-439f-baf5-b976682caa69.mirbase21.mirnas.quantification.txt,Primary Tumor
a9dd6671-35c1-4e5a-8b21-adc94fe91dea.mirbase21.mirnas.quantification.txt,Primary Tumor
964adbaf-ff01-4e9b-806c-6a78123e2b95.mirbase21.mirnas.quantification.txt,Primary Tumor
4ee41626-2422-44cf-8415-3fdc7227bd97.mirbase21.mirnas.quantification.txt,Primary Tumor
c86af67e-b25a-4dcb-b436-bdfe7a5428c2.mirbase21.mirnas.quantification.txt,Primary Tumor
872ff828-53a2-4c1f-8732-4212e710c9ed.mirbase21.mirnas.quantification.txt,Primary Tumor
6abf035b-c4b7-4f11-b75d-73ca19dea554.mirbase21.mirnas.quantification.txt,Solid Tissue Normal
fd4548a2-1469-4b95-b436-e8cf6780af7d.mirbase21.mirnas.quantification.txt,Primary Tumor
63ddf182-d8df-4a46-9231-6090272d2afa.mirbase21.mirnas.quantification.txt,Primary Tumor
3e3f9169-2aae-46ee-9c85-4f25f1376838.mirbase21.mirnas.quantification.txt,Primary Tumor
1584fe52-c12d-408a-8df4-48a66d876b19.mirbase21.mirnas.quantification.txt,Primary Tumor
e1188986-4105-4b07-94c3-f01522e7f6ef.mirbase21.mirnas.quantification.txt,Primary Tumor
1259658a-952b-494d-a9de-81fbf6908e8d.mirbase21.mirnas.quantification.txt,Primary Tumor
b7f7085e-e0f3-4189-9595-ca3e157efbb7.mirbase21.mirnas.quantification.txt,Primary Tumor
e8f248c5-dc4b-4bad-acd9-0a4a17ff1cbf.mirbase21.mirnas.quantification.txt,Primary Tumor
d9e52c67-ed95-43d9-8a0b-240dbf6f08a8.mirbase21.mirnas.quantification.txt,Solid Tissue Normal
6c1f16dd-1895-4519-8106-13b4ea57960c.mirbase21.mirnas.quantification.txt,Primary Tumor
29c61bef-0f5d-45ad-99f8-d8cf0e2b49b3.mirbase21.mirnas.quantification.txt,Primary Tumor
36899d7a-8e6b-4907-9b11-5380bc35c470.mirbase21.mirnas.quantification.txt,Solid Tissue Normal
020016c0-1d2c-4e49-8162-69aba65b653a.mirbase21.mirnas.quantification.txt,Primary Tumor
24a4c436-eafd-40e8-8a33-08e465c197ec.mirbase21.mirnas.quantification.txt,Primary Tumor
be1adfd1-db23-411d-97cf-2f4e03cfac9e.mirbase21.mirnas.quantification.txt,Primary Tumor
121c4753-434c-4b81-9cd2-4669dec366ac.mirbase21.mirnas.quantification.txt,Primary Tumor
fafcd5c7-d4d4-46cf-bccf-d46ed2ba0d5e.mirbase21.mirnas.quantification.txt,Primary Tumor
2c4515da-34ae-4a94-b511-de6c8aa2b075.mirbase21.mirnas.quantification.txt,Primary Tumor
f267890f-4882-48d2-8bf3-cd164b2aaa0b.mirbase21.mirnas.quantification.txt,Primary Tumor
7df24545-215d-480c-95c2-8df7b8c1e5a9.mirbase21.mirnas.quantification.txt,Primary Tumor
110fa573-76d1-4db3-bcd9-b83bb23bd368.mirbase21.mirnas.quantification.txt,Solid Tissue Normal
d8a956de-aeb9-4b8f-826b-b52022e6c75e.mirbase21.mirnas.quantification.txt,Primary Tumor
b8459445-a84e-4328-953f-476fdc3a1c81.mirbase21.mirnas.quantification.txt,Primary Tumor
eb92eb5e-5d0b-4b0e-b0c2-7aa7bf999c35.mirbase21.mirnas.quantification.txt,Primary Tumor
92b25422-ea11-4b60-bc35-e86c0d73db9f.mirbase21.mirnas.quantification.txt,Primary Tumor
8a107ef1-2701-4c39-aec0-5e37e8986ac2.mirbase21.mirnas.quantification.txt,Primary Tumor
de982c0d-24df-4960-8aab-20205736b09f.mirbase21.mirnas.quantification.txt,Primary Tumor
676c50b6-de5b-41f1-9b61-72161e844bdf.mirbase21.mirnas.quantification.txt,Primary Tumor
d08ddae8-90b8-4172-838d-87948300414a.mirbase21.mirnas.quantification.txt,Primary Tumor
cbab6148-7e7d-42f7-a881-7714f01f60a9.mirbase21.mirnas.quantification.txt,Primary Tumor
5a9f1911-3ee9-4d07-b05e-84999d9c65a1.mirbase21.mirnas.quantification.txt,Primary Tumor
537ee797-21dd-470f-a9b9-6a097dc1f319.mirbase21.mirnas.quantification.txt,Primary Tumor
fbfa8b28-c379-4d39-8cae-a420180d2b04.mirbase21.mirnas.quantification.txt,Recurrent Tumor
cc55bc9b-1c72-4fc4-876e-7b10c9062d96.mirbase21.mirnas.quantification.txt,Primary Tumor
90e38936-110f-47e0-bee3-c03a47bdbd14.mirbase21.mirnas.quantification.txt,Primary Tumor
83a03a9a-2cb2-4b35-bc80-b4c422ae7ccb.mirbase21.mirnas.quantification.txt,Primary Tumor
3a2e29a9-6b55-4e10-bbca-c9a152448c14.mirbase21.mirnas.quantification.txt,Primary Tumor
2be20d97-9773-49a3-adac-e158839cd8de.mirbase21.mirnas.quantification.txt,Primary Tumor
e8b1ce08-dd9c-4945-b0e2-d1e0310a12fe.mirbase21.mirnas.quantification.txt,Primary Tumor
1ed75de7-5314-4887-8fec-2d806c996e6f.mirbase21.mirnas.quantification.txt,Primary Tumor
c6c77422-6c55-4935-acb2-43ff5f523601.mirbase21.mirnas.quantification.txt,Solid Tissue Normal
9904d78b-b68f-4551-8d27-bc9f12936dda.mirbase21.mirnas.quantification.txt,Primary Tumor
27c3394e-528b-4ad7-8da6-8ccb90af8884.mirbase21.mirnas.quantification.txt,Primary Tumor
0cc13abd-570f-49a7-9212-6cc1ecf99412.mirbase21.mirnas.quantification.txt,Primary Tumor
a39895e0-3329-4255-8667-658fb67770fd.mirbase21.mirnas.quantification.txt,Primary Tumor
d9623f8c-6c76-42a1-89c4-f2c320a7c2d7.mirbase21.mirnas.quantification.txt,Primary Tumor
666f2619-6de9-44f3-9855-47d8d76a242c.mirbase21.mirnas.quantification.txt,Primary Tumor
afe96ef3-dffe-48c6-babc-08d3ea751b0c.mirbase21.mirnas.quantification.txt,Primary Tumor
104617c9-e4be-4742-960f-573220b7962c.mirbase21.mirnas.quantification.txt,Primary Tumor
b35e283c-20ac-43c9-a9d2-be4403426af9.mirbase21.mirnas.quantification.txt,Primary Tumor
1e135b20-6f4d-419e-8eb1-7d81ea12b839.mirbase21.mirnas.quantification.txt,Primary Tumor
8055772d-4175-4ce8-a804-cd9da12c3f0f.mirbase21.mirnas.quantification.txt,Primary Tumor
67e4fbcc-707c-417d-b673-c1a79ed899ae.mirbase21.mirnas.quantification.txt,Primary Tumor
98326dcd-1f34-4037-b0d9-3333f9798244.mirbase21.mirnas.quantification.txt,Primary Tumor
dfd17a07-ce28-4ce1-85b8-730f03304929.mirbase21.mirnas.quantification.txt,Primary Tumor
12d283f4-d513-49b2-9887-3707ffbc3d4b.mirbase21.mirnas.quantification.txt,Primary Tumor
00d98548-c721-497f-970a-10290db0d494.mirbase21.mirnas.quantification.txt,Primary Tumor
5b8ea495-5a70-4b40-8062-7cd5d205d926.mirbase21.mirnas.quantification.txt,Primary Tumor
1126aa95-5317-4b8e-b15f-dc549ed959d3.mirbase21.mirnas.quantification.txt,Primary Tumor
49d56cba-70c8-47a1-a890-9784ccfbb156.mirbase21.mirnas.quantification.txt,Primary Tumor
f187f1a5-26e4-4170-9536-61651275870a.mirbase21.mirnas.quantification.txt,Primary Tumor
e5b63f9c-341d-4f45-ab11-426aa7b1ca36.mirbase21.mirnas.quantification.txt,Primary Tumor
c491fbdd-5b99-4914-87d5-74642d77154c.mirbase21.mirnas.quantification.txt,Primary Tumor
2c0ff685-f2c8-4fae-ab12-d69f888db2cf.mirbase21.mirnas.quantification.txt,Primary Tumor
09060213-f4f0-4114-b7b8-9ac36c0673d9.mirbase21.mirnas.quantification.txt,Primary Tumor
35eaeea5-d89c-46fd-8a4b-f979bc3e2ae0.mirbase21.mirnas.quantification.txt,Primary Tumor
526ab1b4-f9bc-4c85-92fe-e8e7dd2ad3fc.mirbase21.mirnas.quantification.txt,Primary Tumor
c70fe972-a9dc-4902-bb3c-d5ed57b28d28.mirbase21.mirnas.quantification.txt,Primary Tumor
dc60267b-08e0-4a6e-b9f0-cd4b0d4a6c8b.mirbase21.mirnas.quantification.txt,Primary Tumor
78f69a9b-8fd5-49cc-be66-ebbc8e35ace3.mirbase21.mirnas.quantification.txt,Primary Tumor
add87cff-30ae-41e8-aef7-2b5c96be398e.mirbase21.mirnas.quantification.txt,Primary Tumor
d4f91d13-61c5-4ce8-9e94-6e7c0e5bbbbc.mirbase21.mirnas.quantification.txt,Primary Tumor
51288a7e-214d-4c13-94d2-4968f661fc01.mirbase21.mirnas.quantification.txt,Primary Tumor
d46da6c2-6690-4d1f-bc03-59da9d01bf85.mirbase21.mirnas.quantification.txt,Primary Tumor
6a6f20ce-cecf-42f2-8206-77e5a021496d.mirbase21.mirnas.quantification.txt,Primary Tumor
9167ab60-f09a-4de9-b827-91c282cd3ba7.mirbase21.mirnas.quantification.txt,Solid Tissue Normal
7e669183-bf15-48ae-8eb1-de24ef81f793.mirbase21.mirnas.quantification.txt,Primary Tumor
3e2478c8-d006-4546-9a5f-a9e6489d2f1a.mirbase21.mirnas.quantification.txt,Solid Tissue Normal
8345f95c-269f-476b-82a5-0630ee50b97b.mirbase21.mirnas.quantification.txt,Solid Tissue Normal
af29b644-b3a8-455b-9f07-b956d41f6ec4.mirbase21.mirnas.quantification.txt,Primary Tumor
28aeff63-ff53-417c-868c-156b9ee973c9.mirbase21.mirnas.quantification.txt,Primary Tumor
c7041cfd-eb5b-44c6-831a-74b8be1cdb96.mirbase21.mirnas.quantification.txt,Primary Tumor
db1e4b81-8aba-4fcd-be1a-ede009a7c3ff.mirbase21.mirnas.quantification.txt,Primary Tumor
ff6f8a58-1529-4c36-860a-1460c42d56f7.mirbase21.mirnas.quantification.txt,Primary Tumor
1e822541-10bb-4ac9-9012-601941426c10.mirbase21.mirnas.quantification.txt,Primary Tumor
089c5bc7-08b0-47c9-8ddd-e3c006e6b063.mirbase21.mirnas.quantification.txt,Primary Tumor
98328d74-04f8-431c-8c0c-73f537790c90.mirbase21.mirnas.quantification.txt,Primary Tumor
67479331-d0ea-422c-89bb-ee819e9dba2a.mirbase21.mirnas.quantification.txt,Primary Tumor
7fc2ef98-5caf-4fb6-9f80-04fef4739351.mirbase21.mirnas.quantification.txt,Primary Tumor
be429e5d-7de9-43f5-bed1-dfacbba548a3.mirbase21.mirnas.quantification.txt,Primary Tumor
46413345-7d95-4680-ae7f-5d7da532c7b8.mirbase21.mirnas.quantification.txt,Primary Tumor
5d1eb8ea-1d60-4a4a-a4cc-282251453247.mirbase21.mirnas.quantification.txt,Primary Tumor
f0b2d3da-f41b-4cf4-8532-a26755c293c0.mirbase21.mirnas.quantification.txt,Primary Tumor
3efaf7a3-ffcb-42d1-bd80-ebb7cf87b2a5.mirbase21.mirnas.quantification.txt,Primary Tumor
871862c9-2fb6-46f8-9d19-1f874901a3b5.mirbase21.mirnas.quantification.txt,Primary Tumor
3030272f-723b-4d68-9263-aeed6c23d1cb.mirbase21.mirnas.quantification.txt,Solid Tissue Normal
0765c335-1688-4d47-a05c-05213efa89b0.mirbase21.mirnas.quantification.txt,Primary Tumor
6a3fa1d9-70c2-4d2f-86c7-06cc17f4083c.mirbase21.mirnas.quantification.txt,Primary Tumor
fd609aaa-cce1-4132-b339-ea59263cf393.mirbase21.mirnas.quantification.txt,Primary Tumor
544f8d81-daea-4571-bac2-c46cdada8405.mirbase21.mirnas.quantification.txt,Primary Tumor
0ecc1e6d-75f5-4935-a0c5-bf8413dd85cb.mirbase21.mirnas.quantification.txt,Primary Tumor
819b4599-1bc1-4799-b63a-7258c64bb6f2.mirbase21.mirnas.quantification.txt,Primary Tumor
0bafd6a7-7c97-47a1-b9d5-feb79d1f4b6a.mirbase21.mirnas.quantification.txt,Primary Tumor
01382490-42b0-4007-adb9-1a536fa9553a.mirbase21.mirnas.quantification.txt,Solid Tissue Normal
b42d338c-504e-423a-9919-f21fab4eeb3d.mirbase21.mirnas.quantification.txt,Primary Tumor
5508b449-cf2f-438b-928a-e50fc7a05b43.mirbase21.mirnas.quantification.txt,Primary Tumor
0c662426-b862-48f8-b286-772a4ff629c0.mirbase21.mirnas.quantification.txt,Primary Tumor
316961b4-184c-4573-ab88-b94fff02ca76.mirbase21.mirnas.quantification.txt,Solid Tissue Normal
e0b77dd6-ec8d-4d98-8580-dc8d12c87e28.mirbase21.mirnas.quantification.txt,Primary Tumor
888c9616-312f-4792-a4e6-3a759e6b5384.mirbase21.mirnas.quantification.txt,Solid Tissue Normal
bee3beb2-3739-47a0-a6bb-1db22d0882aa.mirbase21.mirnas.quantification.txt,Primary Tumor
71f27603-0099-4509-b40f-a966c5a2098c.mirbase21.mirnas.quantification.txt,Primary Tumor
8b9bca54-500e-4539-98b9-52f1c2d77cfc.mirbase21.mirnas.quantification.txt,Primary Tumor
ef01154b-2fb7-4e97-8ecb-ceb1c93502bd.mirbase21.mirnas.quantification.txt,Primary Tumor
cde4bf66-5e18-4b7f-9556-2217ae9c8f58.mirbase21.mirnas.quantification.txt,Primary Tumor
53a157f6-51de-4826-977b-e9d945e21207.mirbase21.mirnas.quantification.txt,Primary Tumor
1e64f630-3282-4586-b015-e381417ed606.mirbase21.mirnas.quantification.txt,Primary Tumor
726b35f2-cf44-41f0-9525-d9c56e95a807.mirbase21.mirnas.quantification.txt,Solid Tissue Normal
384d3555-de17-4115-8c35-49bf8585aa95.mirbase21.mirnas.quantification.txt,Primary Tumor
262e9a3a-998d-48fb-b948-9c7ecaa9acf9.mirbase21.mirnas.quantification.txt,Solid Tissue Normal
b537111d-ad3e-499c-88a9-48d23841794d.mirbase21.mirnas.quantification.txt,Primary Tumor
f1902c48-d4a2-4432-b629-26c90f75ea16.mirbase21.mirnas.quantification.txt,Primary Tumor
5c7e5ecf-ec23-48d3-8947-70813d859e6e.mirbase21.mirnas.quantification.txt,Primary Tumor
7887145f-dcab-4c1d-abe3-e85bffd5321d.mirbase21.mirnas.quantification.txt,Primary Tumor
05417b04-aae6-479f-b564-0f5634180b90.mirbase21.mirnas.quantification.txt,Primary Tumor
1fd53b7c-6b51-4c9c-816a-1f68f2ed3c0b.mirbase21.mirnas.quantification.txt,Primary Tumor
ca1518ed-cdd9-4e6e-92a2-3c63a8f18c33.mirbase21.mirnas.quantification.txt,Primary Tumor
15cb60cb-b0ac-45e6-a52d-11a4cb3eeb6a.mirbase21.mirnas.quantification.txt,Primary Tumor