ce21551f-f07e-4ed9-9817-e737041a61a9.mirbase21.mirnas.quantification.txt,Primary Tumor
c24e0f5b-eee5-4889-be56-f124a80ad63e.mirbase21.mirnas.quantification.txt,Primary Tumor
56ab63a4-1343-4e13-a05c-4d67b25238ec.mirbase21.mirnas.quantification.txt,Primary Tumor
e4402573-dac6-47d4-bc80-9310fa7d4fbd.mirbase21.mirnas.quantification.txt,Primary Tumor
da13a1d5-d877-43b7-ac6a-a8cd777c03a1.mirbase21.mirnas.quantification.txt,Primary Tumor
a9228dd6-a736-4e04-8db4-ef356614e614.mirbase21.mirnas.quantification.txt,Primary Tumor
84e592e8-8828-4e85-b7cd-1232e0ea0eec.mirbase21.mirnas.quantification.txt,Primary Tumor
e0d1f328-f212-45f4-a28a-db89aa584697.mirbase21.mirnas.quantification.txt,Primary Tumor
7a34210b-80ac-4318-9317-d8d671a67473.mirbase21.mirnas.quantification.txt,Primary Tumor
bb95f367-6a65-476a-854e-94e2bc6676a6.mirbase21.mirnas.quantification.txt,Primary Tumor
ac8b732c-b63d-4c0d-a9df-ff1519ef15cf.mirbase21.mirnas.quantification.txt,Primary Tumor
9ce0e05a-f4b1-4ed0-a1ba-6e73e8e6df5f.mirbase21.mirnas.quantification.txt,Primary Tumor
0da81a0f-5fec-4bdb-bffe-554accd3e0f3.mirbase21.mirnas.quantification.txt,Primary Tumor
a394837d-2894-472e-9f65-663242e4e39f.mirbase21.mirnas.quantification.txt,Primary Tumor
24e2a196-df72-4ac3-b451-9e72a6f04d5e.mirbase21.mirnas.quantification.txt,Primary Tumor
7568969e-d36d-4fae-aab9-bd4809a4f3c8.mirbase21.mirnas.quantification.txt,Primary Tumor
6e87ec09-3028-46d0-addc-cf587a2efca8.mirbase21.mirnas.quantification.txt,Primary Tumor
fb28523b-f4e4-4196-8bbe-dae3a49eeb11.mirbase21.mirnas.quantification.txt,Primary Tumor
40c939f5-500e-4df6-a396-5bbe9b57022c.mirbase21.mirnas.quantification.txt,Primary Tumor
c3e0e184-5347-4c6b-8262-fc395e497560.mirbase21.mirnas.quantification.txt,Primary Tumor
f63a00c0-9fa2-463d-b10d-5b6e8a73d94f.mirbase21.mirnas.quantification.txt,Primary Tumor
43b27816-e587-4425-a52c-db6f7a633e65.mirbase21.mirnas.quantification.txt,Primary Tumor
e3f4c57a-45e8-4dd6-96b1-e12ba2bdb415.mirbase21.mirnas.quantification.txt,Primary Tumor
9b385a07-81b4-4adb-a355-196ee9d76e67.mirbase21.mirnas.quantification.txt,Primary Tumor
86c2ea58-bd1c-48fe-9c29-bc8f673c9bd7.mirbase21.mirnas.quantification.txt,Primary Tumor
5ae228a6-234a-456a-9b2a-9fd191622681.mirbase21.mirnas.quantification.txt,Primary Tumor
98694eb1-1282-4426-8fb2-001ac8190323.mirbase21.mirnas.quantification.txt,Primary Tumor
8527296e-dff9-4e41-a508-d9b305e473ce.mirbase21.mirnas.quantification.txt,Primary Tumor
5b8e665c-b0ff-4588-b343-461b74bfd87c.mirbase21.mirnas.quantification.txt,Primary Tumor
5744d644-89ec-4ede-9b7f-e5b3bace3e6d.mirbase21.mirnas.quantification.txt,Primary Tumor
23383459-77f9-4d10-8ff6-c83615a37d9d.mirbase21.mirnas.quantification.txt,Primary Tumor
39b40e33-84c7-496a-97ae-7111fd37f529.mirbase21.mirnas.quantification.txt,Primary Tumor
83901ff8-23bc-422d-8468-65dd2d06c248.mirbase21.mirnas.quantification.txt,Primary Tumor
647126c4-e99e-4238-9cfd-21f6329f9b27.mirbase21.mirnas.quantification.txt,Primary Tumor
b89bc160-f05a-431f-9bf5-f1e1d1cdfe8a.mirbase21.mirnas.quantification.txt,Primary Tumor
b35e929c-e25e-43c2-a39e-3300f60512af.mirbase21.mirnas.quantification.txt,Primary Tumor
e86a015d-1bad-459c-9abf-f720ccde888e.mirbase21.mirnas.quantification.txt,Primary Tumor
99be265c-c402-499a-bd94-7a52fb274252.mirbase21.mirnas.quantification.txt,Primary Tumor
acfd3fa0-7112-4ea3-8f81-0cdf19e81b8c.mirbase21.mirnas.quantification.txt,Primary Tumor
9736a3ca-070f-48d6-bde3-df58bc36ed41.mirbase21.mirnas.quantification.txt,Primary Tumor
e17b1426-32d0-43d7-9274-d922fb8055f9.mirbase21.mirnas.quantification.txt,Primary Tumor
27357a6a-aa7f-411d-a86c-0ae2fabe2b5a.mirbase21.mirnas.quantification.txt,Primary Tumor
fa7c3ae2-0c6b-4e96-9d30-b58878a00e74.mirbase21.mirnas.quantification.txt,Primary Tumor
de287072-5483-4d63-8a08-40a2c46d629e.mirbase21.mirnas.quantification.txt,Primary Tumor
b8f9d5d7-1fa6-4a37-a1b9-3b76c433ad3f.mirbase21.mirnas.quantification.txt,Primary Tumor
7b3fc0f2-5dbb-4a7e-a980-1e0a0184bb4b.mirbase21.mirnas.quantification.txt,Primary Tumor
689a1b85-c8d6-49c7-9741-b92660a4806f.mirbase21.mirnas.quantification.txt,Primary Tumor
2469a988-9557-4d27-8fc5-0367fecef997.mirbase21.mirnas.quantification.txt,Primary Tumor
cb16faf9-5fdd-4905-b1b8-9cf0b245022c.mirbase21.mirnas.quantification.txt,Primary Tumor
125707e0-9fa1-46bb-8638-534cae0ea0e6.mirbase21.mirnas.quantification.txt,Primary Tumor
8b2dd6af-6b82-4a43-9395-8227e1c1e557.mirbase21.mirnas.quantification.txt,Primary Tumor
2c488d75-381a-4a90-a6b1-e131630a0619.mirbase21.mirnas.quantification.txt,Primary Tumor
cef2e9e3-add6-4978-89e5-2b64d856d4ad.mirbase21.mirnas.quantification.txt,Primary Tumor
811d447a-5e2c-424e-9e50-9c0c2dc76549.mirbase21.mirnas.quantification.txt,Primary Tumor
ede5f315-4049-4eaf-90d6-bdda3e2c279e.mirbase21.mirnas.quantification.txt,Primary Tumor
7fdc3ebd-cf19-4e04-a891-9375d6ee21b2.mirbase21.mirnas.quantification.txt,Primary Tumor
0f4508f5-caaf-46c7-b2dc-163241f10f80.mirbase21.mirnas.quantification.txt,Primary Tumor
e4454241-4af1-4393-9e81-f262c538cc43.mirbase21.mirnas.quantification.txt,Primary Tumor
82794a96-a34f-4f14-9e93-f40e343ea552.mirbase21.mirnas.quantification.txt,Primary Tumor
96b411ef-2cdd-4613-8a9a-a6cbab80bf74.mirbase21.mirnas.quantification.txt,Primary Tumor
ed970506-4257-4e6e-bc48-4736daa7dd86.mirbase21.mirnas.quantification.txt,Primary Tumor
17600d0e-2ff6-48fb-bbfc-290535befa55.mirbase21.mirnas.quantification.txt,Primary Tumor
bc1a0208-4ce8-4ce6-bf37-ee83e5a202e9.mirbase21.mirnas.quantification.txt,Primary Tumor
3b9414d9-2f25-4c2e-972d-416a07e7ab73.mirbase21.mirnas.quantification.txt,Primary Tumor
ba152b23-014c-4ca5-b498-d90eff050a5c.mirbase21.mirnas.quantification.txt,Primary Tumor
68f36ff8-dcc9-4781-95e5-2a2c8a3bd326.mirbase21.mirnas.quantification.txt,Primary Tumor
92c73c1f-64e0-4c94-b5a6-3d55f35961fb.mirbase21.mirnas.quantification.txt,Primary Tumor
da624b40-3db2-46cf-ab7d-936d731bd86b.mirbase21.mirnas.quantification.txt,Primary Tumor
c13e5ab1-f543-491a-bc28-73558b0403e5.mirbase21.mirnas.quantification.txt,Primary Tumor
57668f7f-9b34-4234-aa14-92e2b9dc6a94.mirbase21.mirnas.quantification.txt,Primary Tumor
df78f0a0-4eab-465d-8b7c-1f5a75ea9bfa.mirbase21.mirnas.quantification.txt,Primary Tumor
374a7327-7436-4b01-b4ad-daa1cc2f04e4.mirbase21.mirnas.quantification.txt,Primary Tumor
4a065215-4eee-46f1-a66f-ed2b2d90bb22.mirbase21.mirnas.quantification.txt,Primary Tumor
b7efd51e-428a-4f9d-91b2-ce5e2a94c19f.mirbase21.mirnas.quantification.txt,Primary Tumor
46504c87-5951-4ec5-8ceb-b617becac28e.mirbase21.mirnas.quantification.txt,Solid Tissue Normal
76dc0a6e-25f0-4a6a-9746-a51bd9fa1551.mirbase21.mirnas.quantification.txt,Primary Tumor
9115c717-eaf9-4f4e-8df1-8d47a0c32058.mirbase21.mirnas.quantification.txt,Primary Tumor
584cf851-4e52-4146-abc7-39b277a3a321.mirbase21.mirnas.quantification.txt,Solid Tissue Normal
3476abaa-e76c-4050-8e14-34e4b789697d.mirbase21.mirnas.quantification.txt,Primary Tumor
e09802d9-0969-4b52-96ff-a90723b12763.mirbase21.mirnas.quantification.txt,Primary Tumor
e2f72b90-e66f-460c-931a-e610b081b688.mirbase21.mirnas.quantification.txt,Primary Tumor
6c061970-6ac0-4376-9084-3cb08ea9e266.mirbase21.mirnas.quantification.txt,Primary Tumor
6c83ad0a-746b-4d46-8a6d-eadd210cf29f.mirbase21.mirnas.quantification.txt,Primary Tumor
7763ebf6-d0d5-4cf4-876c-da65a3e306e6.mirbase21.mirnas.quantification.txt,Primary Tumor
9d7ec315-85ff-4971-9ae6-5c77068b24aa.mirbase21.mirnas.quantification.txt,Primary Tumor
e95d1f1a-82cc-474b-90c4-4315fa943eed.mirbase21.mirnas.quantification.txt,Primary Tumor
09646c79-7d00-409e-9989-7c65f8e9eeea.mirbase21.mirnas.quantification.txt,Solid Tissue Normal
6c14c1b9-df91-4b53-8fb0-2a22a23724d5.mirbase21.mirnas.quantification.txt,Primary Tumor
6eabf1c3-975c-41af-bb31-743945ad3c38.mirbase21.mirnas.quantification.txt,Primary Tumor
8ad984bf-421a-43c8-912e-a50bc605bb4e.mirbase21.mirnas.quantification.txt,Primary Tumor
28a9df9a-7dcc-45d6-8652-c533af9b04f2.mirbase21.mirnas.quantification.txt,Primary Tumor
c2dee0b1-fb45-47b1-a50e-6f7f78822e4e.mirbase21.mirnas.quantification.txt,Primary Tumor
6e847c45-a3eb-48f8-b08d-60565cbde582.mirbase21.mirnas.quantification.txt,Primary Tumor
99aba873-07dc-4a72-b1fd-f51285bd5024.mirbase21.mirnas.quantification.txt,Primary Tumor
756d37c2-4608-4625-ba84-4aece044e2ac.mirbase21.mirnas.quantification.txt,Primary Tumor
ab76a6e6-052e-4f4b-b75c-1f002cba8a30.mirbase21.mirnas.quantification.txt,Primary Tumor
282026c9-8a04-48cb-8a18-a7ebc57ebe8d.mirbase21.mirnas.quantification.txt,Primary Tumor
452f592f-e1be-410b-8794-61f32a2f1fda.mirbase21.mirnas.quantification.txt,Primary Tumor
fc70bb50-a378-433e-ad0a-7be69e53ba7f.mirbase21.mirnas.quantification.txt,Primary Tumor
078e5bfc-5f82-448f-9046-4a2522b28973.mirbase21.mirnas.quantification.txt,Primary Tumor
a995c320-8cfe-4982-977d-8805fa916ad3.mirbase21.mirnas.quantification.txt,Primary Tumor
b7ca7b22-c3d1-4202-b98f-9fc56cf23b1a.mirbase21.mirnas.quantification.txt,Primary Tumor
d9fdb6c5-99bb-447f-9d42-773b9210cd94.mirbase21.mirnas.quantification.txt,Primary Tumor
c0909556-f1ae-408e-895e-bbd589f3b68a.mirbase21.mirnas.quantification.txt,Primary Tumor
fd2e2249-ad76-4a06-8abc-92c6ace75890.mirbase21.mirnas.quantification.txt,Primary Tumor
cffc7974-f188-4859-a6b7-160edd1cf7a6.mirbase21.mirnas.quantification.txt,Primary Tumor
51f88560-0aad-492e-a005-11dad9944bb8.mirbase21.mirnas.quantification.txt,Primary Tumor
752a93c5-3bbf-44c6-9fde-d0d86ad1b19b.mirbase21.mirnas.quantification.txt,Primary Tumor
53784ced-bb20-41a3-a2ca-d63becf5475f.mirbase21.mirnas.quantification.txt,Primary Tumor
e6f2868b-fe78-4971-9f69-2d23445380b6.mirbase21.mirnas.quantification.txt,Primary Tumor
a2bf1625-419d-40b6-b8a6-701cae7f2501.mirbase21.mirnas.quantification.txt,Primary Tumor
a1ab1e56-478e-48ad-bb43-d1feda25e5d2.mirbase21.mirnas.quantification.txt,Primary Tumor
0c932497-f090-45ec-a28a-3ea91bd759ef.mirbase21.mirnas.quantification.txt,Primary Tumor
c3658b0c-a5bf-4451-8683-5d92b8dd881f.mirbase21.mirnas.quantification.txt,Primary Tumor
fffb6ca3-638d-45fa-ad10-8d8b4ecc2575.mirbase21.mirnas.quantification.txt,Solid Tissue Normal
b7b6e24b-1ea2-4de5-b84e-5045ec5878c6.mirbase21.mirnas.quantification.txt,Primary Tumor
7cf62bd7-13a7-4932-a2b5-706777d501af.mirbase21.mirnas.quantification.txt,Primary Tumor
383193d7-89b6-4024-8a61-a8cf7d5ec211.mirbase21.mirnas.quantification.txt,Primary Tumor
aa64824b-ae53-4e54-b03f-c0c73a454249.mirbase21.mirnas.quantification.txt,Primary Tumor
6e7de8aa-ffd0-4a94-aafb-03e338a9beae.mirbase21.mirnas.quantification.txt,Primary Tumor
6a974f77-04ea-413f-81a0-8adcbb26ac0f.mirbase21.mirnas.quantification.txt,Primary Tumor
12ec459d-c985-4c07-b830-e7d93a2deda1.mirbase21.mirnas.quantification.txt,Primary Tumor
e18430c9-7cea-4e7a-b3b6-fea2d120ef56.mirbase21.mirnas.quantification.txt,Primary Tumor
9620330d-ef1e-417e-835b-96ef1735e00e.mirbase21.mirnas.quantification.txt,Primary Tumor
2f27a7f0-64e9-4d85-8b46-0ff1cc5fe340.mirbase21.mirnas.quantification.txt,Primary Tumor
a66ee079-fc80-4461-be95-0f5e7a8161c9.mirbase21.mirnas.quantification.txt,Primary Tumor
2928f748-e8f0-4043-96ef-de184bdd9fc6.mirbase21.mirnas.quantification.txt,Primary Tumor
658bf802-370f-4254-bc39-182934ca3fff.mirbase21.mirnas.quantification.txt,Primary Tumor
44670eae-dd9b-492d-b58e-46f1bd370bd6.mirbase21.mirnas.quantification.txt,Primary Tumor
a2be229d-5238-4654-9a8b-a53a697a8cae.mirbase21.mirnas.quantification.txt,Primary Tumor
53107c0f-b8e9-41b6-adde-ab989a2355b6.mirbase21.mirnas.quantification.txt,Primary Tumor
5de1e8fe-1997-42f6-8b95-57f35e490c3f.mirbase21.mirnas.quantification.txt,Primary Tumor
78345b62-1975-48fc-8a35-ba5f38fcd85c.mirbase21.mirnas.quantification.txt,Primary Tumor
22a4c449-3234-436e-9523-5fa0bddc08b0.mirbase21.mirnas.quantification.txt,Primary Tumor
3d770d70-f7ae-443f-93b8-c01e9abceb3e.mirbase21.mirnas.quantification.txt,Primary Tumor
7db65f91-5261-4beb-9b74-a73e848e54dc.mirbase21.mirnas.quantification.txt,Primary Tumor
30906d94-1653-4d6a-8e59-e96c75a5967c.mirbase21.mirnas.quantification.txt,Primary Tumor
fbd84cbd-9184-4c53-bc02-928f252a87d1.mirbase21.mirnas.quantification.txt,Primary Tumor
b0a1edae-2318-483e-83d8-1139f94ad3d7.mirbase21.mirnas.quantification.txt,Primary Tumor
dccd3906-9e6a-4b31-9084-8a7d82b6633e.mirbase21.mirnas.quantification.txt,Primary Tumor
bea312d3-e393-489a-8b5e-f1d89cdf531c.mirbase21.mirnas.quantification.txt,Primary Tumor
04455772-b474-444e-a97f-f6a987f7d9bc.mirbase21.mirnas.quantification.txt,Primary Tumor
4e4d08ac-3de1-47ab-9904-1bd7dab079c1.mirbase21.mirnas.quantification.txt,Primary Tumor
1c0ee758-bc5a-4ca0-a286-5b352f8d9b8b.mirbase21.mirnas.quantification.txt,Primary Tumor
5be076c9-7bca-44a8-a6be-0f6476cb0bf2.mirbase21.mirnas.quantification.txt,Primary Tumor
4d328151-b37f-45a3-a702-90c8e6361f78.mirbase21.mirnas.quantification.txt,Primary Tumor
843eb030-25b2-4db2-9d4c-aff2de14a3a8.mirbase21.mirnas.quantification.txt,Primary Tumor
e729d455-774b-43ef-90ed-c44e9916e4a5.mirbase21.mirnas.quantification.txt,Primary Tumor
b06a5e7b-4177-4ca9-b720-d08ccc5e53c4.mirbase21.mirnas.quantification.txt,Primary Tumor
fa203a01-be24-49c9-bfcc-ea2d7094dbc4.mirbase21.mirnas.quantification.txt,Primary Tumor
78b7fec1-b7ef-4894-86d0-ae80003ffa3d.mirbase21.mirnas.quantification.txt,Primary Tumor
d6154796-9307-4501-9963-a37f9833dd69.mirbase21.mirnas.quantification.txt,Primary Tumor
3f02b8d2-b60a-4b7c-be7c-5bfa58297b41.mirbase21.mirnas.quantification.txt,Primary Tumor
7110786b-5b30-4315-a228-67937a022cdc.mirbase21.mirnas.quantification.txt,Primary Tumor
8e9d08c6-2f4a-4c96-9420-e13d29a99503.mirbase21.mirnas.quantification.txt,Primary Tumor
a6cf1f81-ac99-493d-8d94-269b92f07567.mirbase21.mirnas.quantification.txt,Primary Tumor
7a31e168-6c4e-4f50-9dd2-68e7254db832.mirbase21.mirnas.quantification.txt,Primary Tumor
257600d7-e6ad-4720-8499-361c0e0eec88.mirbase21.mirnas.quantification.txt,Primary Tumor
7b13c129-d656-4db6-ba1f-21377e256984.mirbase21.mirnas.quantification.txt,Primary Tumor
865a6869-6cf0-4375-b17d-abc0a29b4d88.mirbase21.mirnas.quantification.txt,Primary Tumor
e9c6a3b0-2ee2-4d0f-9f35-bcb00dfd7932.mirbase21.mirnas.quantification.txt,Primary Tumor
caa9f7f4-67f6-4cc3-92b6-d7aa69ecb11a.mirbase21.mirnas.quantification.txt,Primary Tumor
1a2a482f-70b4-4e6f-bfe9-604221368083.mirbase21.mirnas.quantification.txt,Primary Tumor
f6bd6b95-06aa-499d-a5ce-e39caaa2da35.mirbase21.mirnas.quantification.txt,Primary Tumor
1cff95fb-2e02-455f-a083-3f8ae7c76281.mirbase21.mirnas.quantification.txt,Primary Tumor
b8506324-aea5-4753-96ca-8ca317b10d19.mirbase21.mirnas.quantification.txt,Primary Tumor
2181325b-d13a-4623-83a8-e70f13e0429d.mirbase21.mirnas.quantification.txt,Primary Tumor
af826976-de0b-4b50-b9fe-676e3594216d.mirbase21.mirnas.quantification.txt,Primary Tumor
6ac924af-6487-4573-9a8e-0c9d4f082fce.mirbase21.mirnas.quantification.txt,Primary Tumor
c2d3c59c-061d-43b0-9e40-cd2f9a706ede.mirbase21.mirnas.quantification.txt,Primary Tumor
58c3d123-aa9c-4380-a8a2-f06fe7e89822.mirbase21.mirnas.quantification.txt,Primary Tumor
1b70e1ee-2e80-448a-adde-fe907a086216.mirbase21.mirnas.quantification.txt,Primary Tumor
d0a5282c-f115-45f7-ac74-a05c1772a8e4.mirbase21.mirnas.quantification.txt,Primary Tumor
f813c69c-97bc-473b-bfb6-fce1bc535704.mirbase21.mirnas.quantification.txt,Primary Tumor
b7a66133-da4d-4532-8288-df522d243a09.mirbase21.mirnas.quantification.txt,Primary Tumor
636c5dd7-6ae2-4dff-9844-5e5297ca915d.mirbase21.mirnas.quantification.txt,Primary Tumor
0a0583f9-0dc0-4e4f-8c88-198b9ca08a30.mirbase21.mirnas.quantification.txt,Primary Tumor
dba74ad8-a65f-41c1-9af3-1f9278f01809.mirbase21.mirnas.quantification.txt,Primary Tumor
dcf496dd-a7af-4387-a5dd-770f137746d7.mirbase21.mirnas.quantification.txt,Primary Tumor
e6327c47-5b2a-4444-9d43-84ee1b0f8b01.mirbase21.mirnas.quantification.txt,Primary Tumor
7036f68d-82b5-4623-a9a2-50eac2ceea72.mirbase21.mirnas.quantification.txt,Primary Tumor
ce1f3877-44be-4432-9dd6-d320b4859445.mirbase21.mirnas.quantification.txt,Primary Tumor
c12579e7-672b-45bc-b35b-6c4c709249f8.mirbase21.mirnas.quantification.txt,Primary Tumor
9bdc38ab-0bb7-45cc-812c-bf03d8b933c6.mirbase21.mirnas.quantification.txt,Primary Tumor
43d3f82b-7a8f-4a76-8f44-45550c60dde3.mirbase21.mirnas.quantification.txt,Primary Tumor
7627d41c-9cef-4be0-b30f-e9894759f13e.mirbase21.mirnas.quantification.txt,Primary Tumor
1d7d9986-d8df-46e9-94e0-0403d008b579.mirbase21.mirnas.quantification.txt,Primary Tumor
b10a89d3-9151-49d1-9898-19f27761a1fa.mirbase21.mirnas.quantification.txt,Primary Tumor
01b32d39-6ae2-4b39-a19e-02798264f70e.mirbase21.mirnas.quantification.txt,Primary Tumor
bb94da85-7429-4973-b94d-a5259975f2f2.mirbase21.mirnas.quantification.txt,Primary Tumor
035b88bb-0689-4470-bedd-e8ab86ae3c8f.mirbase21.mirnas.quantification.txt,Primary Tumor
212bde51-905a-408f-89eb-8a7b2f8cbe14.mirbase21.mirnas.quantification.txt,Primary Tumor
54f1f5bc-95eb-46be-b4e8-bfd48cb5a912.mirbase21.mirnas.quantification.txt,Primary Tumor
b1ba5068-7046-4f85-beb6-a0a1ba635265.mirbase21.mirnas.quantification.txt,Primary Tumor
863b67ab-6c12-4a4e-883f-2988ef0f3c18.mirbase21.mirnas.quantification.txt,Primary Tumor
0319090e-a42a-4cc2-94e3-9e2b6c458f48.mirbase21.mirnas.quantification.txt,Primary Tumor
3cd62167-7962-44ea-8923-6e9c7fc97807.mirbase21.mirnas.quantification.txt,Primary Tumor
ae179622-baa9-49cd-bbef-fc944da833cc.mirbase21.mirnas.quantification.txt,Primary Tumor
0763a15a-6b82-4eee-8cb8-c8c34cd6bc47.mirbase21.mirnas.quantification.txt,Primary Tumor
44e71c96-8cbd-4c7f-98ba-ee734422e640.mirbase21.mirnas.quantification.txt,Primary Tumor
f6c54a88-8dfe-4ba2-a1c7-cdb47e866206.mirbase21.mirnas.quantification.txt,Metastatic
0e83ffdd-fea0-458f-8547-1a67f39a859f.mirbase21.mirnas.quantification.txt,Primary Tumor
37f03a7c-4387-4179-8e35-680e522a549b.mirbase21.mirnas.quantification.txt,Primary Tumor
28ead285-a8f4-4275-95b7-c00f6a1d4898.mirbase21.mirnas.quantification.txt,Primary Tumor
a8912425-e2a4-4c91-91fa-e21de6deced5.mirbase21.mirnas.quantification.txt,Primary Tumor
e8381313-89f8-480b-b2e8-53c69f3d0da1.mirbase21.mirnas.quantification.txt,Primary Tumor
d89004be-f82d-4f0d-8485-70ae9833fa94.mirbase21.mirnas.quantification.txt,Primary Tumor
3eccd45c-b664-400f-9ed3-e0425b5e9ee8.mirbase21.mirnas.quantification.txt,Primary Tumor
62546a48-6ae1-4154-9549-941aab22e1c6.mirbase21.mirnas.quantification.txt,Primary Tumor
659eae36-9fb1-4a3d-80a8-edac2509f158.mirbase21.mirnas.quantification.txt,Primary Tumor
50e26729-4693-4362-9b4f-b1aac897302b.mirbase21.mirnas.quantification.txt,Primary Tumor
6b3e8026-3f97-465b-9865-17556bc7735d.mirbase21.mirnas.quantification.txt,Primary Tumor
ea5e4dd1-8cf4-448a-a494-2df251e67e3e.mirbase21.mirnas.quantification.txt,Primary Tumor
15e81180-df14-4d8d-88b9-1bed3e00af5b.mirbase21.mirnas.quantification.txt,Primary Tumor
8bcc9bcc-1427-43c7-bbcf-c5c0cf162f7c.mirbase21.mirnas.quantification.txt,Primary Tumor
eae01809-211a-4b69-a9cd-cdba4307c529.mirbase21.mirnas.quantification.txt,Primary Tumor
d4ac96e7-43e8-4f9d-9482-99529bd27e91.mirbase21.mirnas.quantification.txt,Primary Tumor
e4c73412-e592-4832-945c-6b6b106a6087.mirbase21.mirnas.quantification.txt,Primary Tumor
b0b15012-7b3b-448d-9432-dead4f504354.mirbase21.mirnas.quantification.txt,Primary Tumor
4ca76237-7021-428f-bee5-6c60d10b625a.mirbase21.mirnas.quantification.txt,Primary Tumor
27af7a86-9c4a-4bb7-aeb6-6fee63a964c7.mirbase21.mirnas.quantification.txt,Primary Tumor
d0e0f519-f79f-4ce8-9fdb-c3d207035a2e.mirbase21.mirnas.quantification.txt,Primary Tumor
4518135d-a7fd-4705-9599-375bb5937578.mirbase21.mirnas.quantification.txt,Primary Tumor
dae2f37f-99ca-4d61-8762-876f15aa63b8.mirbase21.mirnas.quantification.txt,Primary Tumor
1043fb21-8618-4436-a12d-1563d9e65037.mirbase21.mirnas.quantification.txt,Primary Tumor
99928dbe-c89f-4288-8d51-689959fa7c4a.mirbase21.mirnas.quantification.txt,Primary Tumor
7001cac3-630c-4886-a96a-53a6a4e2ffbf.mirbase21.mirnas.quantification.txt,Primary Tumor
dd717658-6d4b-4f78-8d4e-2c42b94aac47.mirbase21.mirnas.quantification.txt,Primary Tumor
4eb17da1-09da-4e7f-96bb-561f3006f75a.mirbase21.mirnas.quantification.txt,Primary Tumor
168b0eff-f855-47b6-91eb-d41034555911.mirbase21.mirnas.quantification.txt,Primary Tumor
31599311-fa63-426e-8f77-090878a95fab.mirbase21.mirnas.quantification.txt,Primary Tumor
2a67ffc3-4132-47ef-b89c-3c58117d73ff.mirbase21.mirnas.quantification.txt,Primary Tumor
30995902-7dce-46c9-b587-d75745f64f95.mirbase21.mirnas.quantification.txt,Primary Tumor
b858d3c3-f4a1-4046-9bcd-42c21488e404.mirbase21.mirnas.quantification.txt,Primary Tumor
e3c8eac3-7ca0-43a9-974c-f166b5ebfcd5.mirbase21.mirnas.quantification.txt,Primary Tumor
5563ced9-ac94-4226-967f-a7285330a4b5.mirbase21.mirnas.quantification.txt,Primary Tumor
dd46a4b3-0d1a-49fc-b7a2-712f4379d187.mirbase21.mirnas.quantification.txt,Recurrent Tumor
cdd8a243-9f28-46f4-a8dd-94880a2f76c9.mirbase21.mirnas.quantification.txt,Primary Tumor
062af888-9aa5-4f49-bfa5-42fd110a56bc.mirbase21.mirnas.quantification.txt,Primary Tumor
eda68b6d-5a05-4cee-9af6-880388549558.mirbase21.mirnas.quantification.txt,Primary Tumor
f7255d89-1d76-4c50-9d65-dedab75b022e.mirbase21.mirnas.quantification.txt,Primary Tumor
9db18730-cde6-4a92-b9aa-364d9808ae8d.mirbase21.mirnas.quantification.txt,Primary Tumor
455d3ab9-0865-46e5-b8cb-02fe77edc4e6.mirbase21.mirnas.quantification.txt,Primary Tumor
827835e8-b03c-491b-8301-e6fe2dbecc6a.mirbase21.mirnas.quantification.txt,Primary Tumor
74383ed6-a7bf-44fe-a1a7-b4411405b51e.mirbase21.mirnas.quantification.txt,Primary Tumor
bdb519f8-ae0e-4f0c-971f-e57f0ca6dfc8.mirbase21.mirnas.quantification.txt,Primary Tumor
fd8a7dc0-6189-49e3-a8b4-a27a0de400b3.mirbase21.mirnas.quantification.txt,Primary Tumor
4a7c2e27-b308-4782-bdb9-3a5eb205dbfd.mirbase21.mirnas.quantification.txt,Primary Tumor
c39927dd-9c6d-4a22-bb2d-7d045a84d2b5.mirbase21.mirnas.quantification.txt,Primary Tumor
73661e06-8140-4435-898f-57c453bf7349.mirbase21.mirnas.quantification.txt,Primary Tumor
39e2804e-dba5-43ce-8da7-a02306b7f6fc.mirbase21.mirnas.quantification.txt,Primary Tumor
d1628077-28e5-490b-bbac-7acd7caf600e.mirbase21.mirnas.quantification.txt,Primary Tumor
b8b0bbed-47c5-4f2a-ad99-e47967a65782.mirbase21.mirnas.quantification.txt,Primary Tumor
608e92ca-60e9-468a-b0ce-2538572d762a.mirbase21.mirnas.quantification.txt,Primary Tumor
997c9022-535f-4889-889d-b92426c560c9.mirbase21.mirnas.quantification.txt,Primary Tumor
7a2c54c5-aa5a-4667-8d39-60857add5227.mirbase21.mirnas.quantification.txt,Primary Tumor
2dce44bb-1403-4885-abd9-901224572ecb.mirbase21.mirnas.quantification.txt,Primary Tumor
0665763d-9bd3-4131-9253-e91ce139846a.mirbase21.mirnas.quantification.txt,Primary Tumor
80b4c1a4-cd7e-4dee-85bc-3b7a8810f90c.mirbase21.mirnas.quantification.txt,Primary Tumor
eef92344-8ece-4d3f-bc25-23e984b3cecb.mirbase21.mirnas.quantification.txt,Primary Tumor
9a4418cf-37e9-47e7-80a6-475b6e24101d.mirbase21.mirnas.quantification.txt,Primary Tumor
9614245b-758e-447e-8953-d460022e2efb.mirbase21.mirnas.quantification.txt,Primary Tumor
519abf49-e770-404c-bd74-623003bf6dc0.mirbase21.mirnas.quantification.txt,Primary Tumor
b75bd123-debd-4f6a-a06f-f36838dcc264.mirbase21.mirnas.quantification.txt,Primary Tumor
fc10cb32-06df-4470-9bab-9c4130fb2944.mirbase21.mirnas.quantification.txt,Primary Tumor
e2e057ea-09e1-4149-92ca-adf8deec5c13.mirbase21.mirnas.quantification.txt,Primary Tumor
46183230-ac41-4b86-88fa-ef627e5cdb59.mirbase21.mirnas.quantification.txt,Primary Tumor
5663389e-732c-49b8-a560-768426e4761e.mirbase21.mirnas.quantification.txt,Primary Tumor
b9969a5c-7576-4dcb-85c3-03f2b2b123ca.mirbase21.mirnas.quantification.txt,Primary Tumor
936b7f5e-8f2a-41b4-bfac-76164a2564a3.mirbase21.mirnas.quantification.txt,Primary Tumor
2584ed71-cd16-4ccf-b1af-943535185edb.mirbase21.mirnas.quantification.txt,Primary Tumor
75e9b770-4ccf-43b0-ba51-4079b646f1a6.mirbase21.mirnas.quantification.txt,Primary Tumor
ea141ffa-0c31-4898-84b1-8b8c91dc8493.mirbase21.mirnas.quantification.txt,Primary Tumor
817fd967-958e-433d-85d8-45d070438654.mirbase21.mirnas.quantification.txt,Primary Tumor
2d0a2625-3e0b-42d9-ae72-b5c24c3484d1.mirbase21.mirnas.quantification.txt,Primary Tumor
edaca154-e41a-4282-bab6-be278ef2bb1c.mirbase21.mirnas.quantification.txt,Primary Tumor
146570de-d8f4-4858-a6ed-687147ed0ca3.mirbase21.mirnas.quantification.txt,Primary Tumor
8f148423-12c4-403f-8f40-f665e9d48d3f.mirbase21.mirnas.quantification.txt,Primary Tumor
c6e3f932-5de4-4216-b15d-50a1bbd0952b.mirbase21.mirnas.quantification.txt,Primary Tumor
a5ffde79-50ed-4cba-86d1-e3bc17a65a4d.mirbase21.mirnas.quantification.txt,Primary Tumor
491c1bd0-5c1e-43ce-8f40-129321f878c0.mirbase21.mirnas.quantification.txt,Primary Tumor
77b211f2-f75c-486c-a6cd-8a8a5273878a.mirbase21.mirnas.quantification.txt,Primary Tumor
9bd697b0-7616-4e57-8cad-2f83115c1337.mirbase21.mirnas.quantification.txt,Primary Tumor
5d18b8e9-72fb-4e55-a3c7-c6fedde3436c.mirbase21.mirnas.quantification.txt,Primary Tumor
54b00e98-0e18-400e-984b-6e786dbddd5d.mirbase21.mirnas.quantification.txt,Primary Tumor
d9479da8-0df0-47e0-83ea-a8a825d94e35.mirbase21.mirnas.quantification.txt,Primary Tumor
4b77600a-0d5e-426f-879d-1c266b35f46c.mirbase21.mirnas.quantification.txt,Primary Tumor
85abd868-6e12-4d6f-8265-958d8f57dcf9.mirbase21.mirnas.quantification.txt,Primary Tumor
3444b47c-b8b4-43a6-9575-17fb749f0d32.mirbase21.mirnas.quantification.txt,Primary Tumor
55c2be6a-f040-4d7e-9b64-140f60c1a7b1.mirbase21.mirnas.quantification.txt,Primary Tumor
f8ffea0d-1b35-40d8-89b6-16c28681815e.mirbase21.mirnas.quantification.txt,Primary Tumor
e6843a8a-cade-4b45-9d8d-cd4de3b23f9a.mirbase21.mirnas.quantification.txt,Primary Tumor
9f18f931-9400-4b10-97f0-62bc00d1e563.mirbase21.mirnas.quantification.txt,Primary Tumor
d9c149d8-9366-48f9-ad9c-1177c1093499.mirbase21.mirnas.quantification.txt,Solid Tissue Normal
b7c909c7-4c29-4ccd-b18d-1a51f393e35d.mirbase21.mirnas.quantification.txt,Primary Tumor
fc5677ba-be3d-41ec-9ea6-a19a6393db3c.mirbase21.mirnas.quantification.txt,Primary Tumor
16ee7060-0d8d-4cf5-9891-e518c4fb0f61.mirbase21.mirnas.quantification.txt,Primary Tumor
3ebae3e0-b446-4c0f-8bd9-6d7c894a7924.mirbase21.mirnas.quantification.txt,Primary Tumor
f2ead0cb-8730-47f9-aced-54e2ac93f060.mirbase21.mirnas.quantification.txt,Primary Tumor
219c883a-a482-406e-bf63-c296ff3411b0.mirbase21.mirnas.quantification.txt,Primary Tumor
13455627-8c1a-4851-b91d-ec550068de20.mirbase21.mirnas.quantification.txt,Primary Tumor
edf3775d-e13f-461b-b5b8-5cb75ac09879.mirbase21.mirnas.quantification.txt,Primary Tumor
896abcb5-fd39-4a92-9c78-441aacadf821.mirbase21.mirnas.quantification.txt,Primary Tumor
a2f8ed97-7b8d-4bc3-8822-e389ced8ec49.mirbase21.mirnas.quantification.txt,Primary Tumor
73fa009d-60b2-41ba-a95f-3d319d9be1bb.mirbase21.mirnas.quantification.txt,Primary Tumor
3314646e-47a0-4490-b5de-932cd1355b44.mirbase21.mirnas.quantification.txt,Primary Tumor
528f542d-e945-41c9-a0a5-8ffb18a32a71.mirbase21.mirnas.quantification.txt,Primary Tumor
f49be4dd-ce51-4385-9d75-b5fbdc4998ea.mirbase21.mirnas.quantification.txt,Primary Tumor
1ee8831b-acae-48ef-82e0-8d204ee0e493.mirbase21.mirnas.quantification.txt,Primary Tumor
3e8d5340-2a84-4e89-9cae-f2a7ba91692e.mirbase21.mirnas.quantification.txt,Primary Tumor
e2204d12-772d-4d96-aad2-1935b12afa08.mirbase21.mirnas.quantification.txt,Primary Tumor
52513d48-cd68-41d2-a78a-11a0c2f9a0a1.mirbase21.mirnas.quantification.txt,Primary Tumor
21224a41-7f09-4d0b-9e18-ccb63a2b36be.mirbase21.mirnas.quantification.txt,Primary Tumor
b116111b-55ac-4841-8b7f-af476385c5f8.mirbase21.mirnas.quantification.txt,Primary Tumor
62d55a5f-9654-4a3a-985a-a6defd777bab.mirbase21.mirnas.quantification.txt,Primary Tumor
598013e6-be92-40e3-962d-254c80c8a681.mirbase21.mirnas.quantification.txt,Primary Tumor
1e604b21-6fc3-4aa6-a534-f6e7af0e0a4e.mirbase21.mirnas.quantification.txt,Primary Tumor
dd944e7d-204f-49ee-bb73-2927306e7d4c.mirbase21.mirnas.quantification.txt,Primary Tumor
eb77520b-26cb-45e6-8112-ff9807dee99e.mirbase21.mirnas.quantification.txt,Primary Tumor
4cd7fc00-b437-4714-b045-25c105e49975.mirbase21.mirnas.quantification.txt,Primary Tumor
3e9b0a30-2473-4b3e-9158-722a1e89a2f7.mirbase21.mirnas.quantification.txt,Primary Tumor
0e165348-ec8d-4cb9-bb7d-e91dd75f5174.mirbase21.mirnas.quantification.txt,Primary Tumor
df70444a-31be-488e-bb75-38c3d5d3b8ec.mirbase21.mirnas.quantification.txt,Solid Tissue Normal
fd97e00f-e4f8-4971-af4a-a70e65b03640.mirbase21.mirnas.quantification.txt,Primary Tumor
648f4db0-e5b4-40d6-8d58-4cc55be3cbe1.mirbase21.mirnas.quantification.txt,Primary Tumor
82914064-b00f-401a-9e6d-2bc9546202f1.mirbase21.mirnas.quantification.txt,Primary Tumor
053edd42-74d1-41e5-a322-7e873b99b143.mirbase21.mirnas.quantification.txt,Primary Tumor
b38775fa-8f53-4540-9d99-20bc1f3aec3f.mirbase21.mirnas.quantification.txt,Primary Tumor
61596008-c066-4d83-859e-1f8b83af7b06.mirbase21.mirnas.quantification.txt,Primary Tumor
f9d77b25-a137-48f5-af2a-331f9f320724.mirbase21.mirnas.quantification.txt,Primary Tumor
e24e97bf-e144-4283-9d42-da6501898b29.mirbase21.mirnas.quantification.txt,Primary Tumor
3ec373f1-2882-4a03-a222-9c7739e2e171.mirbase21.mirnas.quantification.txt,Primary Tumor
0898360f-2c2e-4d78-884f-4df135fb0b1e.mirbase21.mirnas.quantification.txt,Primary Tumor
e3619813-5cfd-41fb-9f29-cc9501addcc3.mirbase21.mirnas.quantification.txt,Primary Tumor
cd6378b2-9bdf-4b76-b714-d7f6c1ed0fdf.mirbase21.mirnas.quantification.txt,Primary Tumor
e20c9c5c-7dc9-4e72-b7a7-cda81eaa6caf.mirbase21.mirnas.quantification.txt,Primary Tumor
4926f76e-99b2-4917-af59-edbd7b07866b.mirbase21.mirnas.quantification.txt,Primary Tumor
cf0cb7b9-7833-49e7-b772-a5a4ffce5e34.mirbase21.mirnas.quantification.txt,Primary Tumor
295bf2af-8a10-43b5-a992-9b7553032b15.mirbase21.mirnas.quantification.txt,Primary Tumor
abd25bff-bf6a-48f6-92b2-9b015f58a5c0.mirbase21.mirnas.quantification.txt,Primary Tumor
5c85b31c-ccb6-4a3a-8116-f226ce3dba92.mirbase21.mirnas.quantification.txt,Primary Tumor
024f41f8-0709-4189-9bba-5b0daf0c62b0.mirbase21.mirnas.quantification.txt,Primary Tumor
3725b24d-9481-4737-bcd7-7c60c2e747e9.mirbase21.mirnas.quantification.txt,Primary Tumor
446c0cc0-44f5-493e-90d1-902cef04e9ae.mirbase21.mirnas.quantification.txt,Primary Tumor
927d8149-858c-4dfd-b868-6b727edc7c47.mirbase21.mirnas.quantification.txt,Primary Tumor
38d6ed8b-7cca-4d79-8288-16701af611c1.mirbase21.mirnas.quantification.txt,Primary Tumor
736352f7-d124-4282-8fb4-29e7f87693d9.mirbase21.mirnas.quantification.txt,Primary Tumor
0b3b49df-6f3f-407c-a9da-523d110c67a5.mirbase21.mirnas.quantification.txt,Primary Tumor
42c6ab46-2591-48e7-a81b-44399723852d.mirbase21.mirnas.quantification.txt,Primary Tumor
014626d7-eb0a-4999-bd8e-12383a4e6e9f.mirbase21.mirnas.quantification.txt,Primary Tumor
97a91378-776f-42e0-a085-7f4c28209649.mirbase21.mirnas.quantification.txt,Primary Tumor
2c6dd1ba-3dc3-4456-bacc-ae3a6ba08e32.mirbase21.mirnas.quantification.txt,Primary Tumor
043e4a8f-54b2-4846-bef4-94192ac7a949.mirbase21.mirnas.quantification.txt,Primary Tumor
a54ed194-2a13-4a10-a2c6-5f16d46920e3.mirbase21.mirnas.quantification.txt,Primary Tumor
28b6e082-a79d-4837-a71f-63a8d26312cc.mirbase21.mirnas.quantification.txt,Primary Tumor
fbaf6056-f76c-4197-afb0-9bc1c328961c.mirbase21.mirnas.quantification.txt,Primary Tumor
4cc73bfc-6e9b-4329-9226-85cff663dc16.mirbase21.mirnas.quantification.txt,Primary Tumor
68a2f254-2465-45c8-b8f4-8ca9e4cdf279.mirbase21.mirnas.quantification.txt,Primary Tumor
f282702a-0681-40e2-8bd3-c3c9aa5daecb.mirbase21.mirnas.quantification.txt,Primary Tumor
6912a25b-9d65-4b7d-8629-5deeed732cc2.mirbase21.mirnas.quantification.txt,Primary Tumor
be3c9484-e5b3-4280-9917-ffc2325e1349.mirbase21.mirnas.quantification.txt,Primary Tumor
5f378f63-58b7-4674-bc74-0937e1157517.mirbase21.mirnas.quantification.txt,Primary Tumor
d4ceb3cb-77c4-4e6b-b773-d4296087aff0.mirbase21.mirnas.quantification.txt,Primary Tumor
69059659-7106-437f-96c4-cf5e90bd04e8.mirbase21.mirnas.quantification.txt,Primary Tumor
17589a6b-c00a-4718-859d-9577575e53c1.mirbase21.mirnas.quantification.txt,Primary Tumor
2924e996-fde6-41d0-b1f9-3a5c32e01186.mirbase21.mirnas.quantification.txt,Primary Tumor
bfa61a22-dc64-4748-adbd-e2d99937147d.mirbase21.mirnas.quantification.txt,Primary Tumor
84d425d4-38f8-415a-95b8-80747277e1c9.mirbase21.mirnas.quantification.txt,Primary Tumor
9b4aa546-682c-4848-b98a-5ad3a40c8897.mirbase21.mirnas.quantification.txt,Primary Tumor
f15d9425-17d7-4a42-a7c3-6d860a726e22.mirbase21.mirnas.quantification.txt,Primary Tumor
6ff2a0cb-8889-496c-878b-2229be38512b.mirbase21.mirnas.quantification.txt,Primary Tumor
40c624fb-3a4b-4df9-8c8f-131dea2a7961.mirbase21.mirnas.quantification.txt,Primary Tumor
959b828b-af2c-40c8-af24-b7b5f613caa6.mirbase21.mirnas.quantification.txt,Primary Tumor
56f78d4e-71a7-4887-8195-47fc73f19fbe.mirbase21.mirnas.quantification.txt,Primary Tumor
90601fe1-1996-4a79-bca0-bdaba0784355.mirbase21.mirnas.quantification.txt,Primary Tumor
c6a70655-7fe9-4980-b9a2-56be0c514fef.mirbase21.mirnas.quantification.txt,Primary Tumor
a526c04c-d1cd-45b5-8cd8-c5506ec9beae.mirbase21.mirnas.quantification.txt,Primary Tumor
034e94cb-38ae-4826-aae5-39dadfc4a8cf.mirbase21.mirnas.quantification.txt,Primary Tumor
d73c943f-fcec-41e9-acc0-c92614e9f520.mirbase21.mirnas.quantification.txt,Primary Tumor
32738124-0213-4ace-931a-c898aae71574.mirbase21.mirnas.quantification.txt,Primary Tumor
a3ea1c76-c3eb-44d7-8e21-fb30d325d01e.mirbase21.mirnas.quantification.txt,Solid Tissue Normal
ce422278-bf23-4a61-9681-a2a77e91b91f.mirbase21.mirnas.quantification.txt,Solid Tissue Normal
427462eb-756b-4107-8cf5-eac33748054c.mirbase21.mirnas.quantification.txt,Primary Tumor
6013cbfa-0dd2-4895-b388-55a8018d09c1.mirbase21.mirnas.quantification.txt,Primary Tumor
616cff4f-a0ec-499b-919a-00ac56b961cb.mirbase21.mirnas.quantification.txt,Primary Tumor
8114c186-290b-4281-b529-595e422fa818.mirbase21.mirnas.quantification.txt,Primary Tumor
d4fd063e-0a6a-4d32-8f17-1f8aaaf3b70b.mirbase21.mirnas.quantification.txt,Primary Tumor
983b6ce7-af5d-492f-aff9-798195e93375.mirbase21.mirnas.quantification.txt,Primary Tumor
cb7af143-5713-456d-a569-932cd13794cd.mirbase21.mirnas.quantification.txt,Primary Tumor
02c42bb5-91b6-44ac-9f45-cdd310969dde.mirbase21.mirnas.quantification.txt,Primary Tumor
bcb70506-537f-49ad-8bd9-256c53017850.mirbase21.mirnas.quantification.txt,Primary Tumor
3dd482d9-11c5-4e6f-8ba8-e1502930a56e.mirbase21.mirnas.quantification.txt,Primary Tumor
ad38e9cf-792d-48f3-8723-cd97e070892a.mirbase21.mirnas.quantification.txt,Primary Tumor
9ec97512-3cf5-49e0-8eca-06feedb4e219.mirbase21.mirnas.quantification.txt,Primary Tumor
47c43ddf-dbe2-47d8-98b2-de65f9cb2876.mirbase21.mirnas.quantification.txt,Primary Tumor
5af2a874-67c8-430a-a9ee-ad87496af005.mirbase21.mirnas.quantification.txt,Primary Tumor
6a4f3e9f-7294-4743-9037-051fa4fa8d1e.mirbase21.mirnas.quantification.txt,Primary Tumor
1bd1614f-1d5e-477a-92c6-f743251a17b4.mirbase21.mirnas.quantification.txt,Primary Tumor
25d92134-143c-4d00-99dd-32c539f9b54b.mirbase21.mirnas.quantification.txt,Primary Tumor
1b948250-7238-403e-ac74-cbba741781d4.mirbase21.mirnas.quantification.txt,Primary Tumor
658e7fe1-53d4-4afb-8af1-0523b381bfe0.mirbase21.mirnas.quantification.txt,Primary Tumor
e2c2676f-f9e4-4019-9d27-ee345376900d.mirbase21.mirnas.quantification.txt,Primary Tumor
558cf9ee-c7c7-4bf2-b6bd-81dacf16a3e5.mirbase21.mirnas.quantification.txt,Primary Tumor
de0fd49f-602e-436b-a945-d30566f46be9.mirbase21.mirnas.quantification.txt,Primary Tumor
61071f73-13fe-4a33-b1bd-d622aa874b3d.mirbase21.mirnas.quantification.txt,Primary Tumor
5545dc13-3b4f-4052-97f7-7eb20d74fa79.mirbase21.mirnas.quantification.txt,Primary Tumor
ebef6f65-58cd-4c90-acfd-c33194bd85f9.mirbase21.mirnas.quantification.txt,Primary Tumor
ec919b45-e5d1-4884-b2e4-85df76fcf2e6.mirbase21.mirnas.quantification.txt,Primary Tumor
cd59806a-e746-4ba0-ab0d-c447d4e1c4ed.mirbase21.mirnas.quantification.txt,Primary Tumor
07d3b09f-07ec-4f82-8f76-ac3ca32ee535.mirbase21.mirnas.quantification.txt,Primary Tumor
ea36285b-19c7-4d37-8529-e7373ff5a058.mirbase21.mirnas.quantification.txt,Primary Tumor
396140d2-65c9-446d-a546-b36aa78fc4bd.mirbase21.mirnas.quantification.txt,Primary Tumor
9ac7defc-1065-4342-8617-1752076fd1f7.mirbase21.mirnas.quantification.txt,Primary Tumor
a8c39ada-c03e-4bf6-9095-ca1d38880c27.mirbase21.mirnas.quantification.txt,Primary Tumor
2eb894fa-f098-43bf-9181-77f049eec6a5.mirbase21.mirnas.quantification.txt,Primary Tumor
23a4119f-8c45-4391-b7d0-39d981cea5b6.mirbase21.mirnas.quantification.txt,Primary Tumor
9534d4e1-350c-4518-be33-d8a5291511e3.mirbase21.mirnas.quantification.txt,Primary Tumor
fb4fcfe0-4ac8-4cff-bfef-c096595ba3ee.mirbase21.mirnas.quantification.txt,Primary Tumor
7c705637-fa14-4872-8395-8d3b69758de2.mirbase21.mirnas.quantification.txt,Primary Tumor
af39ea5e-0a83-4986-9d0a-0508f24a57ab.mirbase21.mirnas.quantification.txt,Primary Tumor
be5ec646-cda1-4c21-8243-2c9089e37bb6.mirbase21.mirnas.quantification.txt,Primary Tumor
c079f26c-8ea4-422a-b8f8-9ac958b94175.mirbase21.mirnas.quantification.txt,Primary Tumor
5a2d3b47-2444-477c-b014-692fd8146e7c.mirbase21.mirnas.quantification.txt,Primary Tumor
9151bc86-6539-4861-8230-a4f9825726e2.mirbase21.mirnas.quantification.txt,Primary Tumor
8b3e62cf-cbf7-4a25-a98d-bc9f5d31dcdb.mirbase21.mirnas.quantification.txt,Primary Tumor
decdc1db-5618-49ba-9c24-918753d0962b.mirbase21.mirnas.quantification.txt,Primary Tumor
b6ddb669-a81d-4818-858e-4b2373e20ec0.mirbase21.mirnas.quantification.txt,Primary Tumor
75d8e569-8968-48b7-a483-92d53785cc0b.mirbase21.mirnas.quantification.txt,Primary Tumor
25ecf602-0cba-4343-962b-002ac30ad513.mirbase21.mirnas.quantification.txt,Primary Tumor
a686854a-6748-4f37-8783-571548817923.mirbase21.mirnas.quantification.txt,Primary Tumor
2388a6a2-03c9-4483-8f90-aeb45a8b4135.mirbase21.mirnas.quantification.txt,Primary Tumor
2ead2cf0-a083-428f-bcda-66f5a0d9cae9.mirbase21.mirnas.quantification.txt,Primary Tumor
14217625-8c5c-4205-a3e0-e29064b6609a.mirbase21.mirnas.quantification.txt,Primary Tumor
d877d857-7daf-428c-befe-3e6a87811ba7.mirbase21.mirnas.quantification.txt,Primary Tumor
f5e5683a-7508-4e34-9f34-65fdd5d293fc.mirbase21.mirnas.quantification.txt,Primary Tumor
84e42e48-1447-49c7-9198-88b24e814603.mirbase21.mirnas.quantification.txt,Primary Tumor
d7054e4e-f075-4f25-84ed-5c696daf72e6.mirbase21.mirnas.quantification.txt,Primary Tumor
2db1726f-0fb1-4f8f-aa33-b4930ffa3b23.mirbase21.mirnas.quantification.txt,Primary Tumor
913ec2b7-0685-4cc9-b372-3f3100143437.mirbase21.mirnas.quantification.txt,Primary Tumor
113ed838-aa95-4974-804c-893a3cebd0c1.mirbase21.mirnas.quantification.txt,Primary Tumor
d3efff30-126c-4b65-b0ee-33667392c2b8.mirbase21.mirnas.quantification.txt,Primary Tumor
bf939f3c-3cbb-41be-9b32-dbbdc5675d03.mirbase21.mirnas.quantification.txt,Primary Tumor
e02fe9b4-e28a-4fc0-af23-df1f3ff9270a.mirbase21.mirnas.quantification.txt,Primary Tumor
a6f1d4ee-b216-4b96-95a6-5705662254d7.mirbase21.mirnas.quantification.txt,Primary Tumor
863a0056-21c9-4719-9505-131b22987987.mirbase21.mirnas.quantification.txt,Primary Tumor
6b372c3a-e089-42c5-ae16-422fbcb70cbb.mirbase21.mirnas.quantification.txt,Primary Tumor
aa52cb4e-fabe-4679-8446-d66727e7ce4f.mirbase21.mirnas.quantification.txt,Primary Tumor
28601318-ef22-4e2e-95eb-b983a3cd14e6.mirbase21.mirnas.quantification.txt,Primary Tumor
e5d4e3c9-a94e-49dc-9f94-09e9be0e2e5e.mirbase21.mirnas.quantification.txt,Primary Tumor
82f5efc2-20d7-48d4-9913-16fa70b2ee57.mirbase21.mirnas.quantification.txt,Primary Tumor
f01cf7b4-b78e-4f5e-8bb6-57478110c912.mirbase21.mirnas.quantification.txt,Primary Tumor
0788bc76-03da-467e-895c-fec98b5a0448.mirbase21.mirnas.quantification.txt,Primary Tumor
c935315d-edc7-4fbe-ae8d-02696979e24d.mirbase21.mirnas.quantification.txt,Primary Tumor
dd5f7f24-5cc8-4db2-ab52-4f1f8f6a0a0c.mirbase21.mirnas.quantification.txt,Primary Tumor
21847061-2f16-42b2-b636-0b7e4b6cbe2a.mirbase21.mirnas.quantification.txt,Primary Tumor
77695f8a-3a82-4e6e-9240-ea1186df4775.mirbase21.mirnas.quantification.txt,Primary Tumor
c3ee2d72-ca3b-4ac8-9055-b5231c697d95.mirbase21.mirnas.quantification.txt,Primary Tumor
7320699b-a126-42db-82c8-c1783507c68f.mirbase21.mirnas.quantification.txt,Primary Tumor