a397fdd2-603c-42f7-a672-ecb30fe09edd.mirbase21.mirnas.quantification.txt,Primary Tumor
2eff77ac-ac54-4f8c-b78a-05dd0804899a.mirbase21.mirnas.quantification.txt,Primary Tumor
8be2c3f1-caf3-4aaa-8242-508d9accf8cf.mirbase21.mirnas.quantification.txt,Primary Tumor
85326585-03a3-48f9-b52e-11521cad27f8.mirbase21.mirnas.quantification.txt,Primary Tumor
60cfdb0c-95be-4ce8-b8c9-806de2258416.mirbase21.mirnas.quantification.txt,Primary Tumor
162e492f-17ca-422c-bdca-4abfad517fd2.mirbase21.mirnas.quantification.txt,Primary Tumor
68a22fbe-c6ce-4de7-b361-9bf7ad4bafe8.mirbase21.mirnas.quantification.txt,Primary Tumor
c8dbb7dd-2119-4873-897e-7295d8f6e26c.mirbase21.mirnas.quantification.txt,Primary Tumor
33c50b78-104e-46e6-9506-1442e8afd4e4.mirbase21.mirnas.quantification.txt,Primary Tumor
8c13377d-59ff-45e0-8172-42833f590033.mirbase21.mirnas.quantification.txt,Primary Tumor
05e6c81b-28ff-4ca3-adf0-a31465a1a6de.mirbase21.mirnas.quantification.txt,Primary Tumor
310b1519-2c54-4ac1-809f-bf5f2fdf3d45.mirbase21.mirnas.quantification.txt,Primary Tumor
ae7d3997-a701-41f9-bce4-e48d1c0bea5f.mirbase21.mirnas.quantification.txt,Primary Tumor
6878fb55-6299-445b-b7e7-5f99b94e8632.mirbase21.mirnas.quantification.txt,Primary Tumor
1b312a71-22be-476f-9a8e-ba7af304ba42.mirbase21.mirnas.quantification.txt,Primary Tumor
f01b6651-b3df-4fef-9ad9-cea5c5b4aa49.mirbase21.mirnas.quantification.txt,Primary Tumor
32832e34-9733-4ea2-87e8-1590b82fbeca.mirbase21.mirnas.quantification.txt,Primary Tumor
0c96f978-f704-4c12-9d90-3b58d6e74cb1.mirbase21.mirnas.quantification.txt,Primary Tumor
5d499385-7637-4042-b0ee-2f7f323873d3.mirbase21.mirnas.quantification.txt,Recurrent Tumor
900b448f-201f-4fde-b570-8256f4f1c1c1.mirbase21.mirnas.quantification.txt,Primary Tumor
be143303-9cea-4fb5-a34f-47604fc942d3.mirbase21.mirnas.quantification.txt,Primary Tumor
e75c7129-73ad-4962-8712-5e570811b07a.mirbase21.mirnas.quantification.txt,Primary Tumor
3f32d571-8632-4834-ad4c-d032cd8ceb8e.mirbase21.mirnas.quantification.txt,Primary Tumor
780536aa-b6aa-4044-a233-e1537359214f.mirbase21.mirnas.quantification.txt,Primary Tumor
4f0c13cb-9e0f-40f8-87b3-a2dcba9aca68.mirbase21.mirnas.quantification.txt,Primary Tumor
0e80b779-e18c-43ee-9071-3554d95e50f0.mirbase21.mirnas.quantification.txt,Solid Tissue Normal
7ecd1b85-42b3-4a0c-ab41-1ba2d2bb1589.mirbase21.mirnas.quantification.txt,Primary Tumor
1ca78e1d-2755-4832-b12a-4ebdabc7fa68.mirbase21.mirnas.quantification.txt,Primary Tumor
b4f98d09-8a46-44fa-aa6c-eb3f2bd05684.mirbase21.mirnas.quantification.txt,Primary Tumor
8787893d-0aa3-462e-b8ec-2adba534fcb5.mirbase21.mirnas.quantification.txt,Primary Tumor
e6bf5cd1-2917-4dcc-8f6d-8fc720bb510f.mirbase21.mirnas.quantification.txt,Primary Tumor
86fbad6a-682e-4203-9623-7b8c5dd3df78.mirbase21.mirnas.quantification.txt,Primary Tumor
afac684c-fa5d-466f-9cd2-ebdc9f24758d.mirbase21.mirnas.quantification.txt,Primary Tumor
6eb45b61-445f-483e-a31a-5af0eb41d979.mirbase21.mirnas.quantification.txt,Primary Tumor
a07c784a-2aed-4762-9180-03f2e4079f1b.mirbase21.mirnas.quantification.txt,Primary Tumor
4ed99a1d-0934-42cf-88de-9c05bf606de6.mirbase21.mirnas.quantification.txt,Primary Tumor
b1eabb8b-6637-413c-af35-ad3a816cbd11.mirbase21.mirnas.quantification.txt,Primary Tumor
f1b6a2f1-6602-4695-961a-95df225ce373.mirbase21.mirnas.quantification.txt,Primary Tumor
f5e88fac-41e4-4f35-b644-710a3f8e54cb.mirbase21.mirnas.quantification.txt,Primary Tumor
c77fc120-5543-4a2e-b73d-808634994c68.mirbase21.mirnas.quantification.txt,Primary Tumor
058e8697-09da-4a72-9c37-324d0ddd3d87.mirbase21.mirnas.quantification.txt,Primary Tumor
07f4d33e-3d09-44da-9398-a481a0d579f5.mirbase21.mirnas.quantification.txt,Primary Tumor
ba008467-e5e3-4132-93ec-c3d6cb93c25b.mirbase21.mirnas.quantification.txt,Primary Tumor
1bdc18b1-cd55-4e33-aece-554e4f1b905e.mirbase21.mirnas.quantification.txt,Primary Tumor
694df6a0-42dd-466d-9d39-5cefaaa072dd.mirbase21.mirnas.quantification.txt,Primary Tumor
5dd9da84-3bdf-41d9-acb8-b5585426a798.mirbase21.mirnas.quantification.txt,Primary Tumor
475eca61-817b-4855-b1dd-020e84de32ad.mirbase21.mirnas.quantification.txt,Primary Tumor
f3a6468f-06f7-4886-a30c-7730c37fba17.mirbase21.mirnas.quantification.txt,Solid Tissue Normal
c4a4981f-ff8d-4bf3-8c0c-3d2c7ebd89df.mirbase21.mirnas.quantification.txt,Primary Tumor
ca57c2c7-50e9-4dfc-9aec-137b60157c29.mirbase21.mirnas.quantification.txt,Primary Tumor
e6e7257e-574e-4212-8554-9e08e04bd90e.mirbase21.mirnas.quantification.txt,Primary Tumor
d8a80928-7d1c-489a-bdf2-7e3c29549c08.mirbase21.mirnas.quantification.txt,Primary Tumor
3c48affb-a406-4aef-9b8d-3a4dc994d67d.mirbase21.mirnas.quantification.txt,Primary Tumor
52b26d53-b7f4-4fb6-8860-9c8516d20590.mirbase21.mirnas.quantification.txt,Primary Tumor
9fe5774b-a8f5-452b-aa6a-a196f85fca5c.mirbase21.mirnas.quantification.txt,Primary Tumor
3fc4ea94-c993-4045-acc8-eb6bca4a0782.mirbase21.mirnas.quantification.txt,Primary Tumor
d50f9a89-7ab3-4c21-91df-f2d8a928eb7a.mirbase21.mirnas.quantification.txt,Primary Tumor
9066c1e7-acc1-4d08-91a1-c916e9d7388c.mirbase21.mirnas.quantification.txt,Primary Tumor
27a78635-1882-4008-9491-00ed065cb738.mirbase21.mirnas.quantification.txt,Primary Tumor
8e9f281c-77e3-4022-84ea-569e47134074.mirbase21.mirnas.quantification.txt,Primary Tumor
4c5a4a6f-cb73-4b4e-ad55-5e3a02cbafb3.mirbase21.mirnas.quantification.txt,Primary Tumor
5be480c6-3d5a-4551-8deb-d4a0e3dff07a.mirbase21.mirnas.quantification.txt,Primary Tumor
1240b089-c217-49d7-b7e9-45643264837b.mirbase21.mirnas.quantification.txt,Primary Tumor
82a39e7c-1952-41ac-a296-e4eaa3d94561.mirbase21.mirnas.quantification.txt,Primary Tumor
4c45d4be-ecd6-4d9e-9d85-f0ac3b580344.mirbase21.mirnas.quantification.txt,Primary Tumor
7fa98cbb-619e-47f2-90f9-fa4290f17fc4.mirbase21.mirnas.quantification.txt,Primary Tumor
9156b36b-efe8-4869-8c91-b78ab036a5a4.mirbase21.mirnas.quantification.txt,Primary Tumor
4f181ca3-4212-416f-a6c8-815ea86f59ad.mirbase21.mirnas.quantification.txt,Primary Tumor
326aa29e-dc5f-4123-aec8-a4a15d26968f.mirbase21.mirnas.quantification.txt,Primary Tumor
ecebf6c1-e925-4f54-bc1d-e8f21fd41129.mirbase21.mirnas.quantification.txt,Solid Tissue Normal
e41c6c5e-1528-4d31-99cf-09e366389dae.mirbase21.mirnas.quantification.txt,Primary Tumor
2521e5f6-b338-495f-9f1b-26e5950b487f.mirbase21.mirnas.quantification.txt,Primary Tumor
a47eae1d-b5d5-4ccd-b99c-cb34113a3914.mirbase21.mirnas.quantification.txt,Primary Tumor
b93202af-3a31-4b70-8e54-d66bdc4dee16.mirbase21.mirnas.quantification.txt,Solid Tissue Normal
c3c2ce4a-7265-42cb-817c-8f27ce973b4d.mirbase21.mirnas.quantification.txt,Primary Tumor
d582b7e0-6ed4-439a-a78e-84e0558beae3.mirbase21.mirnas.quantification.txt,Primary Tumor
0454da4a-c8bc-4846-a287-1ea6a1f73aef.mirbase21.mirnas.quantification.txt,Primary Tumor
716c5b90-8230-46ff-9074-a1f1a195cb26.mirbase21.mirnas.quantification.txt,Solid Tissue Normal
f2d4dfbf-a7c7-4a6a-a76a-24f528269364.mirbase21.mirnas.quantification.txt,Primary Tumor
766cc136-9459-4e9f-8c0c-abade3ca28ec.mirbase21.mirnas.quantification.txt,Primary Tumor
0c60c1e8-0aaa-4514-9ea5-f5cad558da6b.mirbase21.mirnas.quantification.txt,Primary Tumor
ce5e4c72-39cb-44d4-8d0e-d3a8866c1128.mirbase21.mirnas.quantification.txt,Primary Tumor
5117412d-aaed-44a9-a434-cafaac4d97b0.mirbase21.mirnas.quantification.txt,Primary Tumor
fce3d101-82ad-48aa-87c7-6a6bf37a62e5.mirbase21.mirnas.quantification.txt,Primary Tumor
43322df9-6c6b-4342-938c-623bc226dcc5.mirbase21.mirnas.quantification.txt,Primary Tumor
e2364bc9-4b87-4158-aa50-b5a14920c781.mirbase21.mirnas.quantification.txt,Primary Tumor
81a665d9-5647-434a-9541-5b390fd4750f.mirbase21.mirnas.quantification.txt,Primary Tumor
0dcad5a8-9d6c-4d42-8deb-6fd9533213c9.mirbase21.mirnas.quantification.txt,Primary Tumor
66ec16d3-6b77-4925-9135-1f5a77611a74.mirbase21.mirnas.quantification.txt,Primary Tumor
f24edd17-19b4-4146-ac66-05b3cb2287dc.mirbase21.mirnas.quantification.txt,Primary Tumor
25186d6e-c960-4ab2-a897-babe3c01d88d.mirbase21.mirnas.quantification.txt,Primary Tumor
c3dc7918-33b1-452e-9591-6674e961c102.mirbase21.mirnas.quantification.txt,Primary Tumor
1a782426-0045-4a00-bb7e-2de4f70fdbb7.mirbase21.mirnas.quantification.txt,Primary Tumor
2c5d60c9-e504-4dc4-a76c-c79aa66fdec8.mirbase21.mirnas.quantification.txt,Primary Tumor
886f097e-28d7-4249-9077-c089fe59b75b.mirbase21.mirnas.quantification.txt,Primary Tumor
3487e600-e9d2-455c-9d57-984c639ed8f1.mirbase21.mirnas.quantification.txt,Primary Tumor
2ad1dcca-8c08-4500-a282-98b81c1520b4.mirbase21.mirnas.quantification.txt,Primary Tumor
09762f52-2da3-4789-97f2-a945a1882a88.mirbase21.mirnas.quantification.txt,Primary Tumor
46609aad-92eb-4a2f-babc-78967f49576c.mirbase21.mirnas.quantification.txt,Primary Tumor
cb9a4f5b-2d60-4c0f-979b-f75dd2ca2b7e.mirbase21.mirnas.quantification.txt,Primary Tumor
7f47d3fe-517b-4756-b59e-96fe2a657f5f.mirbase21.mirnas.quantification.txt,Primary Tumor
576129e5-cc23-499d-8fc4-d48274bb8a16.mirbase21.mirnas.quantification.txt,Primary Tumor
52134e28-0b46-4637-9bb8-80ca05c5a913.mirbase21.mirnas.quantification.txt,Primary Tumor
b18113ea-dd62-4c38-9063-00918455f6a9.mirbase21.mirnas.quantification.txt,Primary Tumor
6fae2920-a75b-44b4-8403-58ede1c5af9d.mirbase21.mirnas.quantification.txt,Primary Tumor
906a0bc1-86dd-49c2-a52e-34d2167e7de5.mirbase21.mirnas.quantification.txt,Primary Tumor
c833ffc9-91c3-4c51-a4fe-b3d63a1406ef.mirbase21.mirnas.quantification.txt,Primary Tumor
a1576d40-b405-43df-8822-a9f6a3b689e5.mirbase21.mirnas.quantification.txt,Primary Tumor
ea1fada6-c2cc-4432-a873-131a7fa3b9a3.mirbase21.mirnas.quantification.txt,Primary Tumor
5aa882e9-11ad-4806-afaf-c0b04f04caea.mirbase21.mirnas.quantification.txt,Solid Tissue Normal
40ffc36c-22fa-4a99-a6e3-5335160f123b.mirbase21.mirnas.quantification.txt,Primary Tumor
a22e147f-1bd8-457e-87af-14e62d84fbd2.mirbase21.mirnas.quantification.txt,Primary Tumor
596baf61-cad4-4587-ba53-944dafe68a90.mirbase21.mirnas.quantification.txt,Primary Tumor
7f16b3c4-6820-41d5-88b6-f595302df34c.mirbase21.mirnas.quantification.txt,Primary Tumor
25750140-04e8-4e82-a777-feefd99e78d6.mirbase21.mirnas.quantification.txt,Primary Tumor
39f46b12-6ee7-4158-b562-305f4cda6d93.mirbase21.mirnas.quantification.txt,Primary Tumor
a14fde85-5232-4d8a-8c2f-819ff5dd4e6f.mirbase21.mirnas.quantification.txt,Primary Tumor
ba367eb5-897a-4d81-962f-d472cf77a885.mirbase21.mirnas.quantification.txt,Primary Tumor
4d1de32e-67ca-4e6d-9cf2-893b27354dc9.mirbase21.mirnas.quantification.txt,Primary Tumor
3b3eaa63-0ea2-4127-9925-a1590244902f.mirbase21.mirnas.quantification.txt,Primary Tumor
b06a06e4-59ea-4599-ba20-9ccc1ca8aa2b.mirbase21.mirnas.quantification.txt,Primary Tumor
1a01efb7-8f84-42ca-96cb-f03a29010889.mirbase21.mirnas.quantification.txt,Primary Tumor
907d9861-c523-441d-a956-d89b2bb93f7b.mirbase21.mirnas.quantification.txt,Primary Tumor
e73fd71b-c7bd-4804-8d66-35c407f50e4d.mirbase21.mirnas.quantification.txt,Primary Tumor
a3f900d2-be13-4cc4-9d17-5c4c2901f731.mirbase21.mirnas.quantification.txt,Primary Tumor
7a17173b-e15b-4930-b541-ada34855934c.mirbase21.mirnas.quantification.txt,Primary Tumor
a0773cdc-a18d-46d6-b092-2f2c6689b067.mirbase21.mirnas.quantification.txt,Primary Tumor
0e90ba3e-5308-4c10-b672-844f0599cae6.mirbase21.mirnas.quantification.txt,Primary Tumor
8084ca97-9170-4275-84f9-d9651e06e52a.mirbase21.mirnas.quantification.txt,Primary Tumor
8488d839-6d05-46dc-94fc-c30b11b243a2.mirbase21.mirnas.quantification.txt,Primary Tumor
5f288007-8680-4e55-8397-bc6946166887.mirbase21.mirnas.quantification.txt,Primary Tumor
44889c49-b25e-4890-93f6-b7c0039ef013.mirbase21.mirnas.quantification.txt,Primary Tumor
3fc76ff6-f6a3-4201-97d8-004d64558533.mirbase21.mirnas.quantification.txt,Primary Tumor
76086013-13f7-4147-ad5e-01b141aedbb5.mirbase21.mirnas.quantification.txt,Primary Tumor
11e3198f-e56c-455b-aec6-7eb229ba6554.mirbase21.mirnas.quantification.txt,Primary Tumor
51806c78-8428-48e6-8006-17f8d327b0e1.mirbase21.mirnas.quantification.txt,Primary Tumor
019979a0-18c3-45c7-91d2-904beb8faa43.mirbase21.mirnas.quantification.txt,Primary Tumor
e18ea5ac-cc9b-4365-b88f-50ac22d9e6f2.mirbase21.mirnas.quantification.txt,Primary Tumor
ffb99bdd-7945-4eac-a95c-1b27d6f65765.mirbase21.mirnas.quantification.txt,Primary Tumor
7e63e48c-17ff-490a-a411-e77fde193449.mirbase21.mirnas.quantification.txt,Primary Tumor
c28f9701-1fbb-4930-8e03-7f2b3eccdb6e.mirbase21.mirnas.quantification.txt,Solid Tissue Normal
6ddd8594-f888-40ce-bb54-47c7f550342f.mirbase21.mirnas.quantification.txt,Primary Tumor
553c8d15-dff9-4050-8975-ba3cd852212a.mirbase21.mirnas.quantification.txt,Primary Tumor
64ba9f12-1e00-4ca8-bcd2-a6927ba85f03.mirbase21.mirnas.quantification.txt,Primary Tumor
17c29ae5-9ab7-4d85-b5ce-eed667af18ef.mirbase21.mirnas.quantification.txt,Primary Tumor
344c1cd2-89f0-4004-b56d-fe4cdb59e9d7.mirbase21.mirnas.quantification.txt,Primary Tumor
1eb94e89-2f17-47d8-9e54-a3fcc30b4e3b.mirbase21.mirnas.quantification.txt,Primary Tumor
5fba27f7-f95e-43c2-b510-3e90de619246.mirbase21.mirnas.quantification.txt,Primary Tumor
a1d909f2-d9c1-4da5-b501-9d25e42a5952.mirbase21.mirnas.quantification.txt,Primary Tumor
2e48e9c2-2993-4b03-9364-ee047d9024fa.mirbase21.mirnas.quantification.txt,Primary Tumor
31ddf746-691e-4dfb-97c0-a0567945553b.mirbase21.mirnas.quantification.txt,Primary Tumor
7da392a7-d58e-48c8-b2bc-245bec5512ea.mirbase21.mirnas.quantification.txt,Primary Tumor
53fb6fe5-2303-4c9d-be4a-565613c81062.mirbase21.mirnas.quantification.txt,Primary Tumor
cbb1ce05-d422-46bd-ba61-60e7143e05f3.mirbase21.mirnas.quantification.txt,Primary Tumor
154b1c89-10e5-463e-b8e5-7c98f9d58aeb.mirbase21.mirnas.quantification.txt,Primary Tumor
9010d7ed-e710-487e-8448-dc1e8e0f49c6.mirbase21.mirnas.quantification.txt,Primary Tumor
62d134ba-13cf-41f8-aa26-febab689e37d.mirbase21.mirnas.quantification.txt,Primary Tumor
bdd986f8-b5c5-4f3e-bef7-723009ad3b5a.mirbase21.mirnas.quantification.txt,Primary Tumor
a101df80-8924-4503-a9e9-9c44be666643.mirbase21.mirnas.quantification.txt,Primary Tumor
69b7785d-2766-4031-9c34-c94eea64f9a3.mirbase21.mirnas.quantification.txt,Primary Tumor
c16b081e-f59a-4db2-a2b0-9c107540916f.mirbase21.mirnas.quantification.txt,Primary Tumor
d7a16a61-963f-4731-8503-554ca5184f6b.mirbase21.mirnas.quantification.txt,Primary Tumor
32cc5986-4f3f-4340-8b03-f7631e7678f9.mirbase21.mirnas.quantification.txt,Primary Tumor
c2eaa63b-e0c0-4eb3-8f8a-5c6f50f45932.mirbase21.mirnas.quantification.txt,Primary Tumor
3a1e4a23-d51c-4b64-99b6-11e5d9906ace.mirbase21.mirnas.quantification.txt,Primary Tumor
f776a9b2-dfcd-4230-a36a-4d5744c726ca.mirbase21.mirnas.quantification.txt,Primary Tumor
d5c1620d-d3f1-4068-bac0-e4dfd497cf41.mirbase21.mirnas.quantification.txt,Primary Tumor
3a0b0297-300e-4dd8-9ffc-2881877bb20c.mirbase21.mirnas.quantification.txt,Primary Tumor
af21d3df-0d7b-4d7f-9344-979267d6ee92.mirbase21.mirnas.quantification.txt,Primary Tumor
a7d51034-189c-44c0-8e38-b8c6af41b8c5.mirbase21.mirnas.quantification.txt,Primary Tumor
d42b547f-7f74-463d-9dc0-d7230cd347eb.mirbase21.mirnas.quantification.txt,Primary Tumor
067e20a4-e130-4c94-90fb-181e39a3d63e.mirbase21.mirnas.quantification.txt,Primary Tumor
c20ca590-209f-4d68-b9af-f5639e4fa000.mirbase21.mirnas.quantification.txt,Primary Tumor
1cf34340-cc4a-41f6-884d-96a884e91dfc.mirbase21.mirnas.quantification.txt,Primary Tumor
cd12fc89-d9d4-4119-9d56-886dc58c5ff1.mirbase21.mirnas.quantification.txt,Primary Tumor
57680101-e7d3-4167-8eef-ece5eb72a17f.mirbase21.mirnas.quantification.txt,Primary Tumor
9130efe3-99e8-4ce8-83fe-9f41408d0519.mirbase21.mirnas.quantification.txt,Primary Tumor
73cfd870-fe94-4c4a-b6db-f3332be291a4.mirbase21.mirnas.quantification.txt,Primary Tumor
3ad669eb-41cb-43c2-b776-e8d8013804ae.mirbase21.mirnas.quantification.txt,Primary Tumor
9490983e-835a-4fb6-a777-7f09ca242188.mirbase21.mirnas.quantification.txt,Primary Tumor
843d6b70-3dfa-495b-9dde-8e80cd33b3d5.mirbase21.mirnas.quantification.txt,Primary Tumor
b15d30a7-466b-4761-9c2f-c28e584c29db.mirbase21.mirnas.quantification.txt,Primary Tumor
afff696f-8382-4af1-a39c-5e8cf0611c6d.mirbase21.mirnas.quantification.txt,Primary Tumor
132bee08-fe78-4cf1-899d-4d3b9fd9608d.mirbase21.mirnas.quantification.txt,Primary Tumor
32e7cd20-6b12-4987-884f-274229cd9660.mirbase21.mirnas.quantification.txt,Primary Tumor
8e0a0684-f2d1-4889-b9bc-b73ae26ad8c8.mirbase21.mirnas.quantification.txt,Primary Tumor
44dfc895-1681-4e57-ab4e-ab3b823f1fa7.mirbase21.mirnas.quantification.txt,Primary Tumor
c49930d3-96d7-4074-8170-98d674186fdd.mirbase21.mirnas.quantification.txt,Primary Tumor
ddb0d880-15c3-44e8-b9ef-e2e354806e16.mirbase21.mirnas.quantification.txt,Primary Tumor
f9b6a9f5-213b-445e-8f58-96c15e3b5671.mirbase21.mirnas.quantification.txt,Primary Tumor
a0c000c5-b840-42d1-a09b-7a3a3db91891.mirbase21.mirnas.quantification.txt,Primary Tumor
4a2870e4-9010-48ec-a202-b4e7a30979c9.mirbase21.mirnas.quantification.txt,Primary Tumor
13abd368-3086-4098-b158-066ccce8aa88.mirbase21.mirnas.quantification.txt,Primary Tumor
c4971209-6cc3-4906-8336-0595838af31d.mirbase21.mirnas.quantification.txt,Primary Tumor
96bd3849-2411-4ae3-899e-a431467779fb.mirbase21.mirnas.quantification.txt,Primary Tumor
f45be8c4-8d92-485c-9442-cd9611b234bc.mirbase21.mirnas.quantification.txt,Primary Tumor
02913f82-ed2f-479a-a9c0-d254894a388b.mirbase21.mirnas.quantification.txt,Primary Tumor
343ca70f-e74b-4a8b-bc1d-59bad0472f61.mirbase21.mirnas.quantification.txt,Primary Tumor
3be5b933-68c8-4b7e-bf2d-e08e1700be94.mirbase21.mirnas.quantification.txt,Primary Tumor
de245a3b-c3e2-446c-9501-4d338dba549a.mirbase21.mirnas.quantification.txt,Primary Tumor
5d594e6f-43e1-42a0-9950-4ff2885cd4f3.mirbase21.mirnas.quantification.txt,Primary Tumor
bc4cfad8-421a-4850-b887-27cf11826573.mirbase21.mirnas.quantification.txt,Primary Tumor
8d81e4ac-b205-4808-96e7-3d2d989b6828.mirbase21.mirnas.quantification.txt,Primary Tumor
676299b4-638c-4066-b25d-497daded432a.mirbase21.mirnas.quantification.txt,Primary Tumor
e24ea871-eff4-4243-82d3-86cc50269182.mirbase21.mirnas.quantification.txt,Primary Tumor
4f5d3c84-b9d4-48c3-b9c1-352290840c49.mirbase21.mirnas.quantification.txt,Primary Tumor
76aa124e-6f88-4b6d-837b-345f1a560f7a.mirbase21.mirnas.quantification.txt,Primary Tumor
c6302a8f-106f-4e4f-a24e-657e9847afc6.mirbase21.mirnas.quantification.txt,Primary Tumor
25112403-da12-4b7f-8ee6-4204049d38d4.mirbase21.mirnas.quantification.txt,Primary Tumor
21954900-475a-4e91-a12d-6eeae1447017.mirbase21.mirnas.quantification.txt,Primary Tumor
6ce19504-f57b-4e87-8297-49e12e2e0026.mirbase21.mirnas.quantification.txt,Primary Tumor
8f47c49d-f523-4a65-a497-660306d97aa6.mirbase21.mirnas.quantification.txt,Primary Tumor
62b00230-26bf-4759-8355-1c4171c625db.mirbase21.mirnas.quantification.txt,Primary Tumor
a974c2b1-7884-4385-90cd-4f2148782bfe.mirbase21.mirnas.quantification.txt,Primary Tumor
7552c980-ab73-4cab-8b27-b78568803fce.mirbase21.mirnas.quantification.txt,Primary Tumor
5c33b1b0-399a-4658-a7db-251c7bead5f9.mirbase21.mirnas.quantification.txt,Primary Tumor
40e8b01c-e6f2-4773-868e-34d7ead754c8.mirbase21.mirnas.quantification.txt,Primary Tumor
415e22aa-e0a6-4065-b936-7e51f6077311.mirbase21.mirnas.quantification.txt,Primary Tumor
268e1441-2766-44c7-b550-f52ca232f996.mirbase21.mirnas.quantification.txt,Primary Tumor
72519cec-0dce-47f4-870b-f406b2bc9904.mirbase21.mirnas.quantification.txt,Primary Tumor
7b3eba09-54be-4a41-b89e-c78bb8125383.mirbase21.mirnas.quantification.txt,Primary Tumor
06b88467-569b-4672-8ce0-57260376a664.mirbase21.mirnas.quantification.txt,Primary Tumor
0cacc633-294a-4ce1-8584-5a9e68bcaa6d.mirbase21.mirnas.quantification.txt,Primary Tumor
5d2110c2-8b95-42e1-9296-b3b588145111.mirbase21.mirnas.quantification.txt,Primary Tumor
d9d54d4e-37a1-4b62-bd2f-748b865d47b5.mirbase21.mirnas.quantification.txt,Primary Tumor
e6087fcc-9219-4c82-acc5-91d289d835b0.mirbase21.mirnas.quantification.txt,Primary Tumor
db0a7edb-a84f-4115-ae8e-0ce25c8f43b5.mirbase21.mirnas.quantification.txt,Primary Tumor
301f5118-aadc-47a5-a796-664d137e4cd6.mirbase21.mirnas.quantification.txt,Primary Tumor
9b694cbd-4e60-4851-b198-b609f1cd5849.mirbase21.mirnas.quantification.txt,Primary Tumor
baf76ad6-9a0e-4be9-a574-6cc17591accd.mirbase21.mirnas.quantification.txt,Primary Tumor
48a31d2c-6f09-4c11-8a44-b3de6e699620.mirbase21.mirnas.quantification.txt,Primary Tumor
1af46e44-e0c2-48ca-ace9-89ed28565818.mirbase21.mirnas.quantification.txt,Solid Tissue Normal
d408a63d-f451-4cda-a979-7fc414a5228e.mirbase21.mirnas.quantification.txt,Primary Tumor
5a0dd7ea-2a17-4176-9b26-c8291bc72bb1.mirbase21.mirnas.quantification.txt,Primary Tumor
65123b69-a017-424b-807c-cb1580a399a1.mirbase21.mirnas.quantification.txt,Primary Tumor
d15b9994-4cb5-4331-8189-0bb6dbb3be8b.mirbase21.mirnas.quantification.txt,Primary Tumor
6382855f-3f3f-402e-8cea-353471345732.mirbase21.mirnas.quantification.txt,Primary Tumor
b4b796bc-ca5d-4b04-a0be-d6dc6984e3b2.mirbase21.mirnas.quantification.txt,Primary Tumor
3391abfb-bb85-4f92-a55d-ac1d29123686.mirbase21.mirnas.quantification.txt,Primary Tumor
789ff075-df1d-4c8d-a465-d2b8baf33dd9.mirbase21.mirnas.quantification.txt,Primary Tumor
c0f02bc2-7b9f-4a80-8d8c-915a9efb9183.mirbase21.mirnas.quantification.txt,Primary Tumor
7e50976b-b466-4a9c-ae77-75264e859a45.mirbase21.mirnas.quantification.txt,Primary Tumor
1feec7f5-1f67-4ac4-8ca1-94fd84fbefb8.mirbase21.mirnas.quantification.txt,Primary Tumor
fb37e700-afa3-48f2-ae38-9098e6afba30.mirbase21.mirnas.quantification.txt,Solid Tissue Normal
ac275ac6-426c-42a9-9313-2526f9913876.mirbase21.mirnas.quantification.txt,Primary Tumor
353b51a0-7137-4425-88d2-013edc4261cf.mirbase21.mirnas.quantification.txt,Primary Tumor
a2b60739-b582-4595-b204-dd4f6ca5588e.mirbase21.mirnas.quantification.txt,Primary Tumor
460be0b0-2e39-42a1-beba-8f44d0688caf.mirbase21.mirnas.quantification.txt,Primary Tumor
cdd6a89a-cb02-4ca7-b093-782de5ce2a9f.mirbase21.mirnas.quantification.txt,Primary Tumor
93345c35-f39f-4383-bcb5-d7d15327235a.mirbase21.mirnas.quantification.txt,Primary Tumor
68075b29-d7e4-4129-95f5-26082fe3df82.mirbase21.mirnas.quantification.txt,Primary Tumor
4776f790-b62b-4bda-9d2e-5d9524a50aac.mirbase21.mirnas.quantification.txt,Primary Tumor
1a5fc8ca-c0d5-4316-a6ea-77dc0934e455.mirbase21.mirnas.quantification.txt,Primary Tumor
be2cb04e-c330-4263-aaac-4a79d3895700.mirbase21.mirnas.quantification.txt,Primary Tumor
7aaee7e5-1138-4a52-8ce1-95584af9c3a4.mirbase21.mirnas.quantification.txt,Primary Tumor
ea66c810-6942-4195-a384-47e1a8e8ac0c.mirbase21.mirnas.quantification.txt,Primary Tumor
748e1075-c8a8-4554-889f-da7c6ac28daf.mirbase21.mirnas.quantification.txt,Primary Tumor
cf598737-b7c7-4928-a9c7-e82617e726a9.mirbase21.mirnas.quantification.txt,Primary Tumor
2d22c281-64cc-4ec8-bc33-39277ebac0a5.mirbase21.mirnas.quantification.txt,Primary Tumor
99268476-8deb-498f-9797-7cc5b9261655.mirbase21.mirnas.quantification.txt,Primary Tumor
80d10736-f9a1-4747-a372-9f4565d6c660.mirbase21.mirnas.quantification.txt,Primary Tumor
aca8a36c-b7ac-456c-9d47-19a7736157b8.mirbase21.mirnas.quantification.txt,Primary Tumor
22595080-00b6-4d68-bcad-a1e67eab53fd.mirbase21.mirnas.quantification.txt,Primary Tumor
704623a6-bd62-4dc9-83d6-ad5267916a1c.mirbase21.mirnas.quantification.txt,Primary Tumor
86b82848-2366-4f98-ad0a-047761f26037.mirbase21.mirnas.quantification.txt,Primary Tumor
0fd95f76-85b0-4bf2-a361-c0af16d2e3fa.mirbase21.mirnas.quantification.txt,Primary Tumor
3b3f95a6-9864-4f45-9130-6d5c93b4a9ca.mirbase21.mirnas.quantification.txt,Primary Tumor
d9a5bb8c-7bac-4cbf-b195-1596a82bc9e7.mirbase21.mirnas.quantification.txt,Primary Tumor
301636a0-ad34-4cdb-a35c-6302c5e6f159.mirbase21.mirnas.quantification.txt,Primary Tumor
6f57746c-bd54-47bf-82b3-1d90d1db8c7c.mirbase21.mirnas.quantification.txt,Primary Tumor
c5343e62-e0c0-4622-b963-31051153973a.mirbase21.mirnas.quantification.txt,Primary Tumor
6185a801-b5dc-4abc-8fac-83e1a71efeb1.mirbase21.mirnas.quantification.txt,Primary Tumor
5ed3c109-9ecf-4d3b-be9a-5b9e60a4eca5.mirbase21.mirnas.quantification.txt,Primary Tumor
8a0213e3-55ea-4bb0-be23-648ec0bee2ec.mirbase21.mirnas.quantification.txt,Primary Tumor
c1d2ce49-4ca2-4e41-ae4f-808c1aea4d3a.mirbase21.mirnas.quantification.txt,Primary Tumor
8791087c-58f3-4ec2-9500-7f065fd79f5f.mirbase21.mirnas.quantification.txt,Primary Tumor
28bc99b3-be52-48d2-8a74-00574619d38d.mirbase21.mirnas.quantification.txt,Primary Tumor
291e5525-dd65-4cfe-bc0e-9b7c8f4646b5.mirbase21.mirnas.quantification.txt,Primary Tumor
27e85fde-53d1-4871-af0d-dd4200ddfb0c.mirbase21.mirnas.quantification.txt,Primary Tumor
5f039010-78a9-4c19-b305-d499519cc215.mirbase21.mirnas.quantification.txt,Primary Tumor
95813aff-2633-4224-bb85-9bdb2fe79bef.mirbase21.mirnas.quantification.txt,Primary Tumor
06738ab5-8fff-40e2-a4a0-923566f74cf9.mirbase21.mirnas.quantification.txt,Primary Tumor
6d889a42-86b7-4099-92e8-64b533f515eb.mirbase21.mirnas.quantification.txt,Solid Tissue Normal
abfb7cf5-9c86-46dc-a415-a234f0aaec6d.mirbase21.mirnas.quantification.txt,Primary Tumor
44393785-50b4-4961-ae5c-67f64f246589.mirbase21.mirnas.quantification.txt,Primary Tumor
a957e25d-1c18-46fd-95d0-81253a7a30cd.mirbase21.mirnas.quantification.txt,Solid Tissue Normal
82902e56-946d-413f-865b-f115edfaf807.mirbase21.mirnas.quantification.txt,Primary Tumor
89d5eaa6-50a3-417a-9575-3d909467b94c.mirbase21.mirnas.quantification.txt,Primary Tumor
7d0913e2-fdd4-4b21-9040-17e9bc7fd164.mirbase21.mirnas.quantification.txt,Primary Tumor
29cd9ebe-0f2d-4742-bf23-795438bea6fb.mirbase21.mirnas.quantification.txt,Primary Tumor
685e080b-4141-4183-8189-88993cdc28f0.mirbase21.mirnas.quantification.txt,Solid Tissue Normal
5a36b160-6947-4746-8cc3-f2d278ecfc0f.mirbase21.mirnas.quantification.txt,Primary Tumor
5685c354-6223-4056-ac97-4dbe21b26ed7.mirbase21.mirnas.quantification.txt,Primary Tumor
7db98874-ba52-4a59-8df8-0d7780b92a29.mirbase21.mirnas.quantification.txt,Primary Tumor
829e3e5f-dc1f-49f6-b5b3-8d6f9d23aa42.mirbase21.mirnas.quantification.txt,Primary Tumor
4f5cd103-3f8a-4801-982a-3cc5e0532277.mirbase21.mirnas.quantification.txt,Primary Tumor
2a91a829-24ed-4b68-9700-2ef3099e19eb.mirbase21.mirnas.quantification.txt,Primary Tumor
d22482a1-285c-466e-b558-c91c1948d7bc.mirbase21.mirnas.quantification.txt,Primary Tumor
c7956917-bbdf-433c-906c-407b81b61bf9.mirbase21.mirnas.quantification.txt,Primary Tumor
db3f5478-7b1d-43b7-abf5-b7d06438ef68.mirbase21.mirnas.quantification.txt,Primary Tumor
8d62efb0-9603-4aa9-a800-66f88e9dfe29.mirbase21.mirnas.quantification.txt,Primary Tumor
fbae684c-4230-47f6-987b-a03097628d11.mirbase21.mirnas.quantification.txt,Primary Tumor
53f967db-946f-41bb-a838-b6ab47cd2d13.mirbase21.mirnas.quantification.txt,Primary Tumor
f8255580-fce9-4917-a65d-41f76409aba8.mirbase21.mirnas.quantification.txt,Primary Tumor
b5966c17-4868-4662-9946-07ce8c6b01b1.mirbase21.mirnas.quantification.txt,Primary Tumor
7482d9ac-4205-48b1-97ef-533895ea8494.mirbase21.mirnas.quantification.txt,Primary Tumor
13a7c132-a6aa-42a8-bfda-16990a062b24.mirbase21.mirnas.quantification.txt,Primary Tumor
6f6edf9f-8a04-4e1d-a1d4-4e4ab9c244b2.mirbase21.mirnas.quantification.txt,Primary Tumor
3019ba61-9e22-46c0-91a2-22ca918536dd.mirbase21.mirnas.quantification.txt,Primary Tumor
c30b3af2-61b0-4bbf-bc51-446cf685f77b.mirbase21.mirnas.quantification.txt,Primary Tumor
fcede6b8-ba43-4c9d-a30e-bb2311f9eb02.mirbase21.mirnas.quantification.txt,Primary Tumor
6c4aabf6-b056-4061-aedc-acddeb7a3643.mirbase21.mirnas.quantification.txt,Primary Tumor
f898a6f7-0ac8-42f5-a02a-243d96fd4528.mirbase21.mirnas.quantification.txt,Primary Tumor
c26a3d65-ea02-4f79-8b2e-834a224b354e.mirbase21.mirnas.quantification.txt,Solid Tissue Normal
0b166eae-2cb7-4f11-85f0-de6103318d59.mirbase21.mirnas.quantification.txt,Primary Tumor
d8645b38-57ba-4e8a-aeaf-e843af170cbd.mirbase21.mirnas.quantification.txt,Primary Tumor
fd6f29e8-bdd5-4349-a18c-71200b367e85.mirbase21.mirnas.quantification.txt,Primary Tumor
a3475f58-2df1-44be-ad50-52fac22bbb9f.mirbase21.mirnas.quantification.txt,Primary Tumor
12cf5d5a-faf5-4518-a566-4e1fb6d0e5b6.mirbase21.mirnas.quantification.txt,Primary Tumor
5414b3ae-36b5-4288-817f-90c7a9436972.mirbase21.mirnas.quantification.txt,Primary Tumor
985fe983-7fe1-4579-ae12-66ce487f9fc0.mirbase21.mirnas.quantification.txt,Primary Tumor
258fa10f-d75c-448f-8df4-701009203207.mirbase21.mirnas.quantification.txt,Primary Tumor
415529de-84fa-4c84-ba5f-5d4a39d04041.mirbase21.mirnas.quantification.txt,Primary Tumor
4ad904fb-ab8f-49fc-95bf-23aaa5e5e3b6.mirbase21.mirnas.quantification.txt,Primary Tumor
2e466635-f9a5-42cb-b664-10fcc879b3e6.mirbase21.mirnas.quantification.txt,Primary Tumor
8e806422-9694-43b0-aa6e-d3342cec4300.mirbase21.mirnas.quantification.txt,Primary Tumor
a05a2f0f-d908-4b9a-b5b0-fd4cfb9b9209.mirbase21.mirnas.quantification.txt,Primary Tumor
f0ecc4fb-ea28-4616-9667-7daed5bb7cd4.mirbase21.mirnas.quantification.txt,Primary Tumor
16a35678-23e1-44f6-b58b-f63f8c1fd3ff.mirbase21.mirnas.quantification.txt,Primary Tumor
8c957580-2a4f-49a0-9383-ecd45fc22af8.mirbase21.mirnas.quantification.txt,Primary Tumor
66ab96e6-c93f-4702-80cf-e99dea36c664.mirbase21.mirnas.quantification.txt,Primary Tumor
ec675de6-e99b-4610-a8b1-98b9f2c2fea7.mirbase21.mirnas.quantification.txt,Primary Tumor
c178b36f-f81f-4ae6-8132-ee3e9a53c79e.mirbase21.mirnas.quantification.txt,Primary Tumor
4d59d49a-2a21-44a1-9f70-3771cd493945.mirbase21.mirnas.quantification.txt,Primary Tumor
97552faa-2b05-40ea-a97b-afa15dfd0dff.mirbase21.mirnas.quantification.txt,Primary Tumor
fa9180ad-a71d-4bf7-a00e-15fd6f0e157f.mirbase21.mirnas.quantification.txt,Primary Tumor
e418868b-f807-4fa6-9479-9c2d7b8c06a8.mirbase21.mirnas.quantification.txt,Primary Tumor
cac7c46e-fbba-479a-99b9-68d90e19f93b.mirbase21.mirnas.quantification.txt,Primary Tumor
cba78a83-9288-416a-ac41-77b1748bf994.mirbase21.mirnas.quantification.txt,Primary Tumor
18edcc3d-af55-44c4-b2d1-c89606cb2d2b.mirbase21.mirnas.quantification.txt,Primary Tumor
05d619c0-b0cd-43ec-a2cf-25421028202a.mirbase21.mirnas.quantification.txt,Primary Tumor
9e27bf86-e4ed-43a1-86d7-a7272f1031a9.mirbase21.mirnas.quantification.txt,Primary Tumor
ed9c3e23-570a-49ae-bd4c-0b1f25d16571.mirbase21.mirnas.quantification.txt,Primary Tumor
c03ea800-0194-4614-a425-488986d71450.mirbase21.mirnas.quantification.txt,Primary Tumor
0897d495-b169-4228-9a60-8a61088a9765.mirbase21.mirnas.quantification.txt,Primary Tumor
b5f34945-6b9d-4289-a1bb-ebbc42bca1db.mirbase21.mirnas.quantification.txt,Primary Tumor
4c6ce11f-cb75-4be3-85c8-8f580aa53f3d.mirbase21.mirnas.quantification.txt,Primary Tumor
1a7497b2-3d56-4137-ac9f-4d8c9e96f1f3.mirbase21.mirnas.quantification.txt,Primary Tumor
ae57da5d-27fc-47b8-b4b6-41ab3c880b5c.mirbase21.mirnas.quantification.txt,Primary Tumor
76bf45a3-97c7-4193-9aad-9f9e368e205f.mirbase21.mirnas.quantification.txt,Primary Tumor
d680c953-be0a-4d36-931f-35d0479c0a13.mirbase21.mirnas.quantification.txt,Primary Tumor
8fd64ed9-c8b2-40b5-a0d2-4c722f5c05e8.mirbase21.mirnas.quantification.txt,Primary Tumor
7c14b17c-43db-4e6b-867e-264a6d43dbeb.mirbase21.mirnas.quantification.txt,Primary Tumor
7c0a753c-e5db-4387-98da-f613200bd912.mirbase21.mirnas.quantification.txt,Primary Tumor
6d1d1046-e5c0-4690-8be6-29e976d3f4ff.mirbase21.mirnas.quantification.txt,Primary Tumor
ef765b1e-ac60-4c33-8cfe-83dd6119b6dd.mirbase21.mirnas.quantification.txt,Primary Tumor
1131510b-e428-421c-94d1-de6bb878d892.mirbase21.mirnas.quantification.txt,Primary Tumor
e5bf5183-fe74-4cfa-ab28-8964fe389022.mirbase21.mirnas.quantification.txt,Primary Tumor
3a90b03a-b495-43e5-a8ea-081f866fd922.mirbase21.mirnas.quantification.txt,Primary Tumor
a5c03b4e-4658-4718-875a-1a9ad9c2d907.mirbase21.mirnas.quantification.txt,Primary Tumor
190a7553-f9c4-4aae-9545-a5011b972802.mirbase21.mirnas.quantification.txt,Primary Tumor
4d819118-c4d3-42e4-9384-5463ef7f8856.mirbase21.mirnas.quantification.txt,Primary Tumor
766f8cb5-d6c0-41ab-b10f-d640e19e9d87.mirbase21.mirnas.quantification.txt,Primary Tumor
6626443f-6e4f-4014-a54f-f7cbd39b42b2.mirbase21.mirnas.quantification.txt,Primary Tumor
0b26e787-8218-4392-9eac-6e77098b338d.mirbase21.mirnas.quantification.txt,Primary Tumor
a576febf-8d51-4819-90e1-46fa44f0877a.mirbase21.mirnas.quantification.txt,Primary Tumor
874b7688-38b6-4d29-998f-585e50f85846.mirbase21.mirnas.quantification.txt,Primary Tumor
a3b91859-ff84-4ab7-969b-29986cb0b30d.mirbase21.mirnas.quantification.txt,Primary Tumor
ff01874e-25aa-49ce-8620-b5e4e27e2279.mirbase21.mirnas.quantification.txt,Primary Tumor
8bcc6264-9b79-4cf4-95fb-0c3ecd23de05.mirbase21.mirnas.quantification.txt,Primary Tumor
989c23ef-defc-4c4b-82f5-8ce2facfaba6.mirbase21.mirnas.quantification.txt,Primary Tumor
51652c4c-9c08-45bd-819c-0d297ee480f5.mirbase21.mirnas.quantification.txt,Primary Tumor
fd07c1de-d147-4b29-8333-8d3ed10f255b.mirbase21.mirnas.quantification.txt,Primary Tumor
79d74cbe-70a6-4faf-a861-a19e981ab8cc.mirbase21.mirnas.quantification.txt,Primary Tumor
b67d4e01-bcda-4074-b46c-c4ddd05c90c5.mirbase21.mirnas.quantification.txt,Primary Tumor
e561d788-ca51-4566-8590-b133b24e4210.mirbase21.mirnas.quantification.txt,Primary Tumor
5b690350-1510-411b-8a52-f91249d4f53f.mirbase21.mirnas.quantification.txt,Solid Tissue Normal
56b0b8b1-0dda-4d29-a79a-6e7a8d8a5084.mirbase21.mirnas.quantification.txt,Primary Tumor
50573bd3-5aab-40c8-abda-0db243b5a22b.mirbase21.mirnas.quantification.txt,Primary Tumor
002e36b5-ca18-476d-933c-b2fdae6e5f9d.mirbase21.mirnas.quantification.txt,Primary Tumor
ab01934a-36c3-4624-acbf-e7d2bc399cad.mirbase21.mirnas.quantification.txt,Primary Tumor
99ba90bb-1f34-443b-9707-67e569995b28.mirbase21.mirnas.quantification.txt,Primary Tumor
a2b64d48-0923-4a55-b5da-23381a899ae7.mirbase21.mirnas.quantification.txt,Primary Tumor
ea21b0f8-0ddb-4f50-857d-fdbefac5df9f.mirbase21.mirnas.quantification.txt,Primary Tumor
39b3d9b5-ffdb-4e8b-939e-1e74fc8bdffc.mirbase21.mirnas.quantification.txt,Primary Tumor
8aa897f2-c83e-43fa-a4e2-a81e52844149.mirbase21.mirnas.quantification.txt,Primary Tumor
9a94e6d7-7219-43fd-8fc3-7fb0a0c62b3c.mirbase21.mirnas.quantification.txt,Primary Tumor
db7e1458-f491-4c4d-b6b2-ef9b17301efa.mirbase21.mirnas.quantification.txt,Primary Tumor
ace54097-3a0e-4b2b-a84a-4f6e329ce568.mirbase21.mirnas.quantification.txt,Primary Tumor
82571e28-0df9-4282-a58a-bb992bbf719c.mirbase21.mirnas.quantification.txt,Primary Tumor
77ca69b5-6e6c-4b2c-b17d-5c12f531e229.mirbase21.mirnas.quantification.txt,Primary Tumor
72edddba-4404-4179-b1e2-ffbb0ebe6049.mirbase21.mirnas.quantification.txt,Primary Tumor
df68afd5-e8c0-4726-80a9-442baefab811.mirbase21.mirnas.quantification.txt,Primary Tumor
de65ff2e-5fa8-44bf-bdd9-16b49e1604f4.mirbase21.mirnas.quantification.txt,Primary Tumor
197d301c-9adb-42b2-959b-e88a227dbf6d.mirbase21.mirnas.quantification.txt,Primary Tumor
50acc5c5-8fb8-459f-8ff3-b62591cbd2e0.mirbase21.mirnas.quantification.txt,Primary Tumor
6171f029-6886-4cf8-bdb7-cb8c2fd9a455.mirbase21.mirnas.quantification.txt,Primary Tumor
90410533-bd13-4014-a9cb-dc276b254067.mirbase21.mirnas.quantification.txt,Primary Tumor
d91f1bf0-3d7b-418e-88fa-821cbd6cea79.mirbase21.mirnas.quantification.txt,Primary Tumor
f9ed009c-a452-407e-95db-e855d113e200.mirbase21.mirnas.quantification.txt,Primary Tumor
10e50437-a1ef-4951-a9ff-e7977c4cc2ea.mirbase21.mirnas.quantification.txt,Primary Tumor
017ab4e1-897b-47cf-88ab-5b251f22f3bf.mirbase21.mirnas.quantification.txt,Primary Tumor
0ecca1d1-a4a5-4f26-a129-d8cac6818d28.mirbase21.mirnas.quantification.txt,Solid Tissue Normal
706a0d48-c8db-4599-a363-db17a5525539.mirbase21.mirnas.quantification.txt,Primary Tumor
ecfe93a4-a584-455f-bf7a-a665be338c34.mirbase21.mirnas.quantification.txt,Primary Tumor
478d610f-8bab-4f1b-9e07-76cd5466baa3.mirbase21.mirnas.quantification.txt,Primary Tumor
0554711d-c687-452c-992c-0cdef3fa7454.mirbase21.mirnas.quantification.txt,Primary Tumor
b631fe0f-73e2-4b11-aecc-735b6edee970.mirbase21.mirnas.quantification.txt,Primary Tumor
f5492bde-313e-4747-b36f-ae67aef950cd.mirbase21.mirnas.quantification.txt,Primary Tumor
06c1f9bc-1fef-4f11-a8b4-80a88a5e7947.mirbase21.mirnas.quantification.txt,Primary Tumor
4fe92c86-a667-485c-9ec2-5d888bcd4f0f.mirbase21.mirnas.quantification.txt,Primary Tumor
2f1a2f87-5002-4eac-9e8f-51f27b85c890.mirbase21.mirnas.quantification.txt,Primary Tumor
462d8fe3-8241-4092-a72b-98a81135b0a6.mirbase21.mirnas.quantification.txt,Primary Tumor
6421f64f-0bca-488e-85d1-263295e400dd.mirbase21.mirnas.quantification.txt,Primary Tumor
f3b5db7b-026c-4e85-9b50-19f9cfcc0f79.mirbase21.mirnas.quantification.txt,Primary Tumor
8166befd-783a-4cf8-bd4c-17fbbaa42865.mirbase21.mirnas.quantification.txt,Primary Tumor
9d9b374e-3f91-4dd3-9a3b-cb27fe2c2713.mirbase21.mirnas.quantification.txt,Primary Tumor
963d82ea-d628-4ecb-bd7a-459340e13bb6.mirbase21.mirnas.quantification.txt,Primary Tumor
16777e3a-1111-46c5-be1b-63b7c5c5a3ee.mirbase21.mirnas.quantification.txt,Primary Tumor
9bb4bb18-1807-4baa-886c-2edeb291c8b0.mirbase21.mirnas.quantification.txt,Primary Tumor
ab03524b-bc4b-4d3b-8c3f-8bf69b67f4ad.mirbase21.mirnas.quantification.txt,Primary Tumor
4a3d7e91-e984-49be-a731-9955d809b061.mirbase21.mirnas.quantification.txt,Primary Tumor
16210747-7e0d-4f67-93be-dec06ed39dba.mirbase21.mirnas.quantification.txt,Primary Tumor
cba9bea6-a992-4beb-b81f-0d8235c5f7b9.mirbase21.mirnas.quantification.txt,Primary Tumor
c70151d2-9628-4eef-9d58-786b1be5599a.mirbase21.mirnas.quantification.txt,Primary Tumor
82f01bd3-ecf1-4a2b-9fab-f7ee2dda628f.mirbase21.mirnas.quantification.txt,Primary Tumor
70feb8ef-5427-4956-a6cd-e3023f0b8a3d.mirbase21.mirnas.quantification.txt,Primary Tumor
78c835b7-1510-4793-ace2-4b82cb6efd32.mirbase21.mirnas.quantification.txt,Primary Tumor
8c05b4dc-e436-407d-92f7-3a5fc2b3ecb7.mirbase21.mirnas.quantification.txt,Primary Tumor
298b3fd1-5b61-4d06-908a-87e7be4b2f98.mirbase21.mirnas.quantification.txt,Primary Tumor
3ba273c1-eb43-409f-8072-bb4bb8dcbd6b.mirbase21.mirnas.quantification.txt,Primary Tumor
4d03f2db-c2b7-4d30-82dc-606d658cd831.mirbase21.mirnas.quantification.txt,Primary Tumor
9d88d8ad-2e30-4883-8bde-cb42720f4850.mirbase21.mirnas.quantification.txt,Primary Tumor
5354e9b1-a1b0-4e86-96c1-f918a267b996.mirbase21.mirnas.quantification.txt,Primary Tumor
0b8403ce-e8d8-4e5c-982b-db7f76916961.mirbase21.mirnas.quantification.txt,Primary Tumor
2600cfd9-91fb-4f3a-b5a8-3b4aea204b99.mirbase21.mirnas.quantification.txt,Primary Tumor
23a963fb-ad7c-4b73-a18d-574cb53af344.mirbase21.mirnas.quantification.txt,Primary Tumor
7de310f0-5d00-4164-bb79-da856815655a.mirbase21.mirnas.quantification.txt,Primary Tumor
3bcb9c02-2b84-4cb0-b7d3-0aeb9543910f.mirbase21.mirnas.quantification.txt,Primary Tumor
411d3b88-f52b-4651-9f25-3e0046c06155.mirbase21.mirnas.quantification.txt,Primary Tumor
f0747914-7a51-496e-9a3d-6fd9a45b272e.mirbase21.mirnas.quantification.txt,Primary Tumor
93e7e053-5c81-4160-9bd0-74278807edf0.mirbase21.mirnas.quantification.txt,Primary Tumor
f9888050-7c69-4764-a28d-4eee4a8ecc80.mirbase21.mirnas.quantification.txt,Primary Tumor
72c75a03-9b48-4eca-aa29-a595ec3b1ccf.mirbase21.mirnas.quantification.txt,Primary Tumor
a67e4896-9be2-4507-80aa-b242fa1b55e2.mirbase21.mirnas.quantification.txt,Primary Tumor
3d1c8378-912a-42a3-a930-5a8dfd3f2391.mirbase21.mirnas.quantification.txt,Primary Tumor
7df87307-0b4f-49b7-a00c-07af5de0089c.mirbase21.mirnas.quantification.txt,Primary Tumor
d79ac6d9-9440-4cf4-ae9c-4bb05a188c98.mirbase21.mirnas.quantification.txt,Primary Tumor
d8d2cc79-d355-45a4-8c77-74737e07badb.mirbase21.mirnas.quantification.txt,Primary Tumor
985e7b74-d6fe-4378-93fd-bdf4a6716526.mirbase21.mirnas.quantification.txt,Primary Tumor
1b822b12-a291-4b00-9193-1bf35119ebba.mirbase21.mirnas.quantification.txt,Primary Tumor
ab4958f6-8b0f-4239-9167-512e02f34b6f.mirbase21.mirnas.quantification.txt,Primary Tumor
10997d59-417e-44e3-bc5f-276b574607a2.mirbase21.mirnas.quantification.txt,Primary Tumor
f7e05921-c459-470f-8e75-e2b79475420f.mirbase21.mirnas.quantification.txt,Primary Tumor
c7efe79a-eacb-4a4a-a793-88079354943e.mirbase21.mirnas.quantification.txt,Primary Tumor
07a35efc-0acd-494e-8df4-0e64471e192b.mirbase21.mirnas.quantification.txt,Primary Tumor
4bd01348-0760-4797-ae8a-99c995011107.mirbase21.mirnas.quantification.txt,Primary Tumor
c5bcc968-ff74-4c2c-86ce-21b718a8690f.mirbase21.mirnas.quantification.txt,Primary Tumor
916ada21-cfe9-4b5f-b923-91f1a2ef496a.mirbase21.mirnas.quantification.txt,Primary Tumor
db8db375-5670-4267-b3f1-b5021ea6ada8.mirbase21.mirnas.quantification.txt,Primary Tumor
ca63ac1b-2796-4449-b0fc-cd9bd5fb2191.mirbase21.mirnas.quantification.txt,Primary Tumor
c411c04b-263a-4e2c-96db-badd24db0f2b.mirbase21.mirnas.quantification.txt,Primary Tumor
51f7daaf-67ad-4a5b-8cb3-51b951d274bf.mirbase21.mirnas.quantification.txt,Primary Tumor
511c9705-d80a-4165-b8e2-d35b780962f7.mirbase21.mirnas.quantification.txt,Primary Tumor
afe4e918-27e8-464c-97d3-303727fe2f11.mirbase21.mirnas.quantification.txt,Primary Tumor
0d0d3708-fa33-4a33-b36c-c52e52597bc6.mirbase21.mirnas.quantification.txt,Primary Tumor
8dd1d12a-f1f4-4da6-b7dd-2537ffda465b.mirbase21.mirnas.quantification.txt,Primary Tumor
a6b0733a-d631-4de6-af7a-e180dd1abe10.mirbase21.mirnas.quantification.txt,Primary Tumor
a4adff2f-930c-44a4-a1bc-0202df5f7e8d.mirbase21.mirnas.quantification.txt,Solid Tissue Normal
38b52bc8-bd99-44d5-a5d8-b63dd8beb977.mirbase21.mirnas.quantification.txt,Primary Tumor
db4bc0da-5e60-4845-ad8b-ec6b46ba3eca.mirbase21.mirnas.quantification.txt,Primary Tumor
5993f4b0-c15c-4eb7-b3e9-fc986f9ec979.mirbase21.mirnas.quantification.txt,Primary Tumor
a113c8c1-0952-45cd-a704-6e5199fd1261.mirbase21.mirnas.quantification.txt,Primary Tumor
53a27a5f-38f0-4c60-8bc9-11954b08b3ea.mirbase21.mirnas.quantification.txt,Primary Tumor
b226c6a3-2353-4aa7-b47a-fe5182d05307.mirbase21.mirnas.quantification.txt,Primary Tumor
f585629a-266b-4601-9974-7f52c4791092.mirbase21.mirnas.quantification.txt,Primary Tumor
ade03bd7-42dd-4752-bd2f-b13870c580f7.mirbase21.mirnas.quantification.txt,Primary Tumor
8d04730d-0c10-48db-8d20-5a7b5aaab5f0.mirbase21.mirnas.quantification.txt,Primary Tumor
a689aeb1-fe75-40a1-b4cb-c71b3b33f5d1.mirbase21.mirnas.quantification.txt,Primary Tumor
97bd7dd9-6a6e-4099-9aba-ded469ab9cb3.mirbase21.mirnas.quantification.txt,Primary Tumor
74018c41-9311-4122-a275-17ea3c0bd07c.mirbase21.mirnas.quantification.txt,Primary Tumor
faf3d9c6-f6ad-4983-b374-696afa7bc9f2.mirbase21.mirnas.quantification.txt,Primary Tumor
a39cca0c-6610-4cd4-af7a-cd6a56b3d9cd.mirbase21.mirnas.quantification.txt,Primary Tumor
04ef6c93-5f5b-462d-bb22-ca07cd985149.mirbase21.mirnas.quantification.txt,Primary Tumor
51c2b1c5-e45f-4a7a-9db6-9256d25bbfbf.mirbase21.mirnas.quantification.txt,Primary Tumor
775e04d4-cdf0-4a3e-b262-03884f638ac4.mirbase21.mirnas.quantification.txt,Solid Tissue Normal
1a16c159-d218-485a-8f06-f6e1d4167212.mirbase21.mirnas.quantification.txt,Primary Tumor
a29c3a06-371d-4f65-8c8e-b522063614c2.mirbase21.mirnas.quantification.txt,Primary Tumor
6503ba21-0856-4313-9d8c-7f2aa5c54f4e.mirbase21.mirnas.quantification.txt,Primary Tumor
f1664c00-06d0-4317-b915-44bbd8dfa872.mirbase21.mirnas.quantification.txt,Primary Tumor
04f0b274-32e4-4b22-8605-d0fde665ce19.mirbase21.mirnas.quantification.txt,Primary Tumor
dd702509-63bf-4418-a38a-206aa6d07452.mirbase21.mirnas.quantification.txt,Primary Tumor
140f955e-9cd7-4ab6-8e7c-31e1f0fb69e7.mirbase21.mirnas.quantification.txt,Primary Tumor
ff55ad12-8e94-4ec6-8784-703be0ff6cf1.mirbase21.mirnas.quantification.txt,Primary Tumor
b7cdc26b-082e-44ca-ac9d-6f52fab8233a.mirbase21.mirnas.quantification.txt,Primary Tumor
578cde23-e22b-4023-ac34-a09d1f0a6c95.mirbase21.mirnas.quantification.txt,Primary Tumor
e9959513-0b91-4e38-aab8-c957d9e9bfb6.mirbase21.mirnas.quantification.txt,Primary Tumor
9c8ff58a-61cf-4a93-9ac7-110c66a44895.mirbase21.mirnas.quantification.txt,Primary Tumor
cc592c2d-aafc-44a7-a741-97d5c55fe869.mirbase21.mirnas.quantification.txt,Primary Tumor
a4f7c3c2-aac8-4b0c-ab09-86d40cf3e5bc.mirbase21.mirnas.quantification.txt,Primary Tumor
d868031e-63a0-482c-adc0-e0010e001b5e.mirbase21.mirnas.quantification.txt,Primary Tumor
a869a145-06ab-48fd-adae-9ddc7041c5d9.mirbase21.mirnas.quantification.txt,Primary Tumor
7fd08416-a2fb-4aef-aba8-ccc4ce30afac.mirbase21.mirnas.quantification.txt,Primary Tumor
2cc79537-1bf3-44b3-9993-d1734549e6e8.mirbase21.mirnas.quantification.txt,Primary Tumor
39938609-900c-48ba-a55f-6afe36827b20.mirbase21.mirnas.quantification.txt,Primary Tumor
dc61811d-28de-4db3-8137-18a43cbd5d23.mirbase21.mirnas.quantification.txt,Primary Tumor
15fc5b78-2e96-494e-b247-ee3b2735ceaf.mirbase21.mirnas.quantification.txt,Primary Tumor
57dcd208-cf59-4df9-8135-dab1e984873c.mirbase21.mirnas.quantification.txt,Primary Tumor
f6312615-2fd5-47a8-a41e-ae37aa333a9a.mirbase21.mirnas.quantification.txt,Primary Tumor
2ddc5fa6-af57-465a-9dd2-bfb0da16428c.mirbase21.mirnas.quantification.txt,Primary Tumor
3d52505e-4d1a-4136-a34f-ed9075d2575e.mirbase21.mirnas.quantification.txt,Solid Tissue Normal
27884fd4-70fe-452c-8c0c-ca1495edb821.mirbase21.mirnas.quantification.txt,Primary Tumor
2411a377-a934-45c4-ad9c-3e53a9e6e995.mirbase21.mirnas.quantification.txt,Solid Tissue Normal
c39fd854-368b-4efd-9592-d2d6b03d0b52.mirbase21.mirnas.quantification.txt,Primary Tumor
c3df3047-6428-4eee-800b-a249697b13f5.mirbase21.mirnas.quantification.txt,Primary Tumor
4250654e-4730-4444-ac35-372c2c0b5c32.mirbase21.mirnas.quantification.txt,Primary Tumor
8ef5c94e-0ac7-4faf-8ced-4b18c19abec7.mirbase21.mirnas.quantification.txt,Primary Tumor
1de41bba-f4bf-4a10-8574-47f063d72920.mirbase21.mirnas.quantification.txt,Primary Tumor
1de7561f-7cb8-4f01-9dba-7560ddc46ea0.mirbase21.mirnas.quantification.txt,Primary Tumor
88da8b3c-9b60-41ae-9862-75c591586932.mirbase21.mirnas.quantification.txt,Primary Tumor
a3029324-eb59-4d35-bd3c-d2ebc3544c7b.mirbase21.mirnas.quantification.txt,Primary Tumor
7b96a0df-eb03-454d-95d0-d79b7d177d07.mirbase21.mirnas.quantification.txt,Primary Tumor
99b866ef-7891-4cad-8113-2266bbe6121f.mirbase21.mirnas.quantification.txt,Primary Tumor
acfb48a9-21dd-4f15-af3a-2b757aa6d317.mirbase21.mirnas.quantification.txt,Primary Tumor
53712dd3-e7f5-4888-be75-911d5b9dcd3b.mirbase21.mirnas.quantification.txt,Primary Tumor
4eb6cfa4-477f-4ca6-bb2a-57ba37e79f89.mirbase21.mirnas.quantification.txt,Primary Tumor
a9f9ce03-8ea6-491b-8e00-4b00333eba6c.mirbase21.mirnas.quantification.txt,Primary Tumor
76168032-0dc4-4c7f-bba8-3a398c055f12.mirbase21.mirnas.quantification.txt,Primary Tumor
38b53549-7e76-4916-bc0d-8f262491e5f8.mirbase21.mirnas.quantification.txt,Primary Tumor
b0bb82cc-0fd4-40a8-8436-26983c1da702.mirbase21.mirnas.quantification.txt,Primary Tumor
7c2a7770-c4c2-4ca3-a91f-967dc338c835.mirbase21.mirnas.quantification.txt,Primary Tumor
79c0d7c6-9f55-4afa-9f28-e7d7d15da88a.mirbase21.mirnas.quantification.txt,Primary Tumor
47ddd1cb-65f2-4a03-914f-a5aac0928ee2.mirbase21.mirnas.quantification.txt,Solid Tissue Normal
7cc9d652-41ac-4696-95a4-63fae8d03534.mirbase21.mirnas.quantification.txt,Primary Tumor
4a9636d0-8aad-42c0-b86b-ce1f0cb64e32.mirbase21.mirnas.quantification.txt,Primary Tumor
e8c80f4c-0f16-433f-afd3-45754e8d21a7.mirbase21.mirnas.quantification.txt,Primary Tumor
b0a89da6-6957-47d4-be6b-7070b22839e7.mirbase21.mirnas.quantification.txt,Primary Tumor
481b9cf9-7de5-42f3-be9b-764bfff721d8.mirbase21.mirnas.quantification.txt,Primary Tumor
4087616c-bd09-4c80-b226-3cb790d2a70f.mirbase21.mirnas.quantification.txt,Primary Tumor
0e034201-0bb8-4e79-aaa9-bd8beadfc52f.mirbase21.mirnas.quantification.txt,Primary Tumor
b62c8cfe-6e78-41b2-bb0f-7cd92a367707.mirbase21.mirnas.quantification.txt,Primary Tumor
22e5a47a-c3b2-4b58-a47f-c87af9388406.mirbase21.mirnas.quantification.txt,Primary Tumor
0ba0a668-aecf-4abc-bc33-16774e25a93c.mirbase21.mirnas.quantification.txt,Primary Tumor
2bc8d229-ea4c-473f-97f9-c31e5226954a.mirbase21.mirnas.quantification.txt,Primary Tumor
f7e3513d-0d57-40d1-8b82-02210e4667eb.mirbase21.mirnas.quantification.txt,Primary Tumor
d60d6368-e437-46cf-8175-4d228be3f66d.mirbase21.mirnas.quantification.txt,Primary Tumor
9466ca69-efbc-41a8-bd26-9f69e42e05c5.mirbase21.mirnas.quantification.txt,Primary Tumor
5f3bc8e6-cf29-4e21-b0bc-4231200f85c5.mirbase21.mirnas.quantification.txt,Primary Tumor
729c93a0-7c45-4a27-a1e1-37e871f702f5.mirbase21.mirnas.quantification.txt,Primary Tumor
a3d87477-64ca-4c5c-bbdd-8ad037af6c0c.mirbase21.mirnas.quantification.txt,Primary Tumor
1a5cf3b5-17b8-4eb2-941f-e02b46bc0bb4.mirbase21.mirnas.quantification.txt,Solid Tissue Normal
56170c3d-13fc-41df-9a1f-af7d35b94bbf.mirbase21.mirnas.quantification.txt,Primary Tumor
44b8c7da-5b5c-4234-a6b6-38f74b4d1bab.mirbase21.mirnas.quantification.txt,Primary Tumor
9b65f397-eb28-4b7d-80e7-082b4a4ae2bc.mirbase21.mirnas.quantification.txt,Primary Tumor
896ae9ae-1eef-48ea-824c-3ec4a7137716.mirbase21.mirnas.quantification.txt,Primary Tumor
1f3c45ba-5b02-45e7-9524-9f27d2c5497f.mirbase21.mirnas.quantification.txt,Primary Tumor
936ceeb6-a465-4f13-8274-f4d476c7fa1e.mirbase21.mirnas.quantification.txt,Primary Tumor
01c9e7ad-4bc9-467b-a14b-e363fca5d6c5.mirbase21.mirnas.quantification.txt,Primary Tumor
1fa14f1d-9fbe-4320-899b-44e20edefdb4.mirbase21.mirnas.quantification.txt,Primary Tumor
9947016f-4c83-4820-bb60-b476ebc3fd77.mirbase21.mirnas.quantification.txt,Primary Tumor
96c13552-a332-4b63-915e-eb67c48b9848.mirbase21.mirnas.quantification.txt,Primary Tumor
2c9af122-8b71-4e50-81b2-e95a5eeaeb03.mirbase21.mirnas.quantification.txt,Primary Tumor
71c17724-397b-4ff5-ba1a-91fd447c7a8a.mirbase21.mirnas.quantification.txt,Primary Tumor
b194cb1f-8d3f-41f8-b0da-01b9954be7f2.mirbase21.mirnas.quantification.txt,Primary Tumor
5cddbec4-a584-4e09-91ab-071b429ee857.mirbase21.mirnas.quantification.txt,Primary Tumor
dcfde519-9794-4670-bdd1-5d6f7b5b022b.mirbase21.mirnas.quantification.txt,Primary Tumor
e7901493-025e-4db8-ab52-c5f39604322e.mirbase21.mirnas.quantification.txt,Solid Tissue Normal
72ac2848-3a34-4738-84c9-da37af08be99.mirbase21.mirnas.quantification.txt,Primary Tumor