781984d7-31ad-409c-9a7d-b085665daf51.mirbase21.mirnas.quantification.txt,Primary Tumor
775419b4-b10f-49ba-89ac-7718cb15489d.mirbase21.mirnas.quantification.txt,Primary Tumor
a3a2551a-09ce-4883-ab03-0bdb0d124d62.mirbase21.mirnas.quantification.txt,Primary Tumor
884a54cc-9ee4-4801-9cec-e873e748e686.mirbase21.mirnas.quantification.txt,Primary Tumor
6efe4ea2-c1ae-4292-931d-bf46dfcbbe28.mirbase21.mirnas.quantification.txt,Primary Tumor
d8c825b3-3595-4c9f-8eed-63b96747fddd.mirbase21.mirnas.quantification.txt,Primary Tumor
366920ba-0446-48b1-9df4-8c805737690c.mirbase21.mirnas.quantification.txt,Primary Tumor
a0f73461-1a09-4e64-b772-c28d12879308.mirbase21.mirnas.quantification.txt,Primary Tumor
ab54bfa6-198f-4977-b321-20c0b85556ca.mirbase21.mirnas.quantification.txt,Primary Tumor
3bfb5a01-44bb-4874-affb-189bae34c042.mirbase21.mirnas.quantification.txt,Primary Tumor
d5b90c9f-ae7d-4516-960a-767ea9c7d0bc.mirbase21.mirnas.quantification.txt,Primary Tumor
c9dd486b-97d4-4131-b3c9-2aea569cf6f1.mirbase21.mirnas.quantification.txt,Primary Tumor
e7a63890-a8ac-412f-a0c2-666026209259.mirbase21.mirnas.quantification.txt,Primary Tumor
88541c63-0668-4ff4-82e2-53cf68a9fe57.mirbase21.mirnas.quantification.txt,Primary Tumor
1bfee95e-bb33-4e8d-9a8d-27393131050a.mirbase21.mirnas.quantification.txt,Primary Tumor
ed11f1cf-f947-4e7d-ab36-c2daf2fd8fde.mirbase21.mirnas.quantification.txt,Primary Tumor
1b811b00-1c56-4faa-8e68-d7c4fbaa1cbd.mirbase21.mirnas.quantification.txt,Primary Tumor
5a987234-ce2c-4e19-8457-ce76f86693c1.mirbase21.mirnas.quantification.txt,Primary Tumor
cc7b4d5b-08a9-43e2-9358-cec8ab23a449.mirbase21.mirnas.quantification.txt,Primary Tumor
e27e6c62-12ae-441a-9927-78f31e0ce6d3.mirbase21.mirnas.quantification.txt,Primary Tumor
ee651673-2a83-47a6-a828-be1b66083893.mirbase21.mirnas.quantification.txt,Primary Tumor
8004d46c-1baf-4e4f-8aa1-0c68ba99fef0.mirbase21.mirnas.quantification.txt,Primary Tumor
c5c1bb83-c625-412a-9477-dcabdbb080cb.mirbase21.mirnas.quantification.txt,Primary Tumor
0675f9ed-02b7-468e-9114-04e798b60c90.mirbase21.mirnas.quantification.txt,Primary Tumor
993697b2-457a-4104-ab49-b22f9265cb9a.mirbase21.mirnas.quantification.txt,Primary Tumor
03db83d2-ede0-4122-8d50-c713aff4aa2f.mirbase21.mirnas.quantification.txt,Primary Tumor
227ed419-0e32-4b26-a38f-f079abff2c55.mirbase21.mirnas.quantification.txt,Primary Tumor
9974685f-3ae0-4883-9a12-7acab5e8485a.mirbase21.mirnas.quantification.txt,Primary Tumor
c766f8f6-0693-4ad4-9a8c-f13a1ff35a26.mirbase21.mirnas.quantification.txt,Primary Tumor
a0851a12-f97f-4808-a20b-472cbd944da2.mirbase21.mirnas.quantification.txt,Primary Tumor
ceeffad0-1a88-41cb-84fc-05eb9d074e8f.mirbase21.mirnas.quantification.txt,Primary Tumor
c48a2c77-eae9-48a5-92a8-538ce975d392.mirbase21.mirnas.quantification.txt,Primary Tumor
a091514f-2f10-40e0-a3c2-786e94ff8a58.mirbase21.mirnas.quantification.txt,Primary Tumor
196153b4-7dd9-4d33-aa59-c2170b832880.mirbase21.mirnas.quantification.txt,Primary Tumor
48d4186b-ad48-4ca6-89b3-d0d6c52d8f85.mirbase21.mirnas.quantification.txt,Primary Tumor
387af269-0ac3-44b1-b7cf-67d19ca664e0.mirbase21.mirnas.quantification.txt,Primary Tumor
8c5f67e2-9115-4350-88c1-b3434ad92a91.mirbase21.mirnas.quantification.txt,Primary Tumor
c518cd8f-fbc9-41a9-8b52-b42ebab8f4b8.mirbase21.mirnas.quantification.txt,Primary Tumor
eeac23f4-94fc-4240-a503-bce445ca9d4e.mirbase21.mirnas.quantification.txt,Primary Tumor
18639179-e01c-4a98-81a0-c0d89f889c51.mirbase21.mirnas.quantification.txt,Primary Tumor
52cd1330-b911-44b1-8025-c615a0cee96f.mirbase21.mirnas.quantification.txt,Solid Tissue Normal
d3e6e432-2cb5-42b0-a6bd-25f87e2f95e2.mirbase21.mirnas.quantification.txt,Primary Tumor
bfd72191-208b-48e7-8f76-ba6fc24b3a0e.mirbase21.mirnas.quantification.txt,Primary Tumor
05588d73-ddaa-4908-87db-594aafc1ebbf.mirbase21.mirnas.quantification.txt,Primary Tumor
499ed0a0-7899-49e4-a7b2-fbb87185b73a.mirbase21.mirnas.quantification.txt,Primary Tumor
583396b3-0886-4069-bffb-cfc9d2d3e214.mirbase21.mirnas.quantification.txt,Primary Tumor
459e79b5-4a62-4cf3-ade5-041738c7939d.mirbase21.mirnas.quantification.txt,Primary Tumor
f1045db2-06a8-4961-a238-b1869d19a489.mirbase21.mirnas.quantification.txt,Primary Tumor
fab3910e-f702-4fe2-97b8-6e522d66a2c7.mirbase21.mirnas.quantification.txt,Primary Tumor
0c296b58-04f1-46ba-93b7-ef0e143c2aef.mirbase21.mirnas.quantification.txt,Primary Tumor
f46a672d-6bf8-412d-8ef5-c7a4dfaac63a.mirbase21.mirnas.quantification.txt,Primary Tumor
0c2adfda-6cf5-4e9e-a97f-f27df64f3f44.mirbase21.mirnas.quantification.txt,Primary Tumor
6914d1d6-b612-4dd9-a6ce-cc10a19191c6.mirbase21.mirnas.quantification.txt,Primary Tumor
ea6aebe5-a339-485a-8e58-140de59ea7de.mirbase21.mirnas.quantification.txt,Primary Tumor
abcdda3a-3c3c-41e6-aafe-c78663478b92.mirbase21.mirnas.quantification.txt,Primary Tumor
b699a938-bf8c-46f4-8784-98bc5929e82d.mirbase21.mirnas.quantification.txt,Primary Tumor
c2264670-7daa-4c25-9c7d-4074a0494bd8.mirbase21.mirnas.quantification.txt,Primary Tumor
29140e58-5baa-44c8-9e03-8a5a0dbd4a52.mirbase21.mirnas.quantification.txt,Primary Tumor
dea4aeb6-8407-4922-95d6-e07b3cd1fe1b.mirbase21.mirnas.quantification.txt,Primary Tumor
55804ed9-a471-4ce0-b4c8-e4bc231fb99c.mirbase21.mirnas.quantification.txt,Solid Tissue Normal
260aab25-9cf2-4793-9548-ae041c48a962.mirbase21.mirnas.quantification.txt,Primary Tumor
b4646167-a5ec-4ddf-9785-3602be0562b7.mirbase21.mirnas.quantification.txt,Primary Tumor
2b9f4f27-2989-4cc9-984a-630f2195b87a.mirbase21.mirnas.quantification.txt,Primary Tumor
5fda8125-f0d2-4554-b37b-edbe32634781.mirbase21.mirnas.quantification.txt,Primary Tumor
d878a289-93c3-4c01-a44e-c37f00616795.mirbase21.mirnas.quantification.txt,Primary Tumor
e324e06a-b6dd-4f36-919c-ec8321eb253f.mirbase21.mirnas.quantification.txt,Primary Tumor
67a72a8b-44d6-4c32-94cb-a406076872b7.mirbase21.mirnas.quantification.txt,Primary Tumor
0b75decd-d73f-4383-9d03-72a02199e3cb.mirbase21.mirnas.quantification.txt,Primary Tumor
ab533e84-51e8-42bf-bd66-ba34a3accbca.mirbase21.mirnas.quantification.txt,Primary Tumor
23bbbcef-a5c4-4450-a8d7-a4b0d9c99002.mirbase21.mirnas.quantification.txt,Primary Tumor
8e90051a-da3b-4932-a3c9-f40560a4c8fd.mirbase21.mirnas.quantification.txt,Primary Tumor
ca5657d1-b366-43f4-8572-f5d28251a8f5.mirbase21.mirnas.quantification.txt,Solid Tissue Normal
9804f9e5-df8f-4dc7-a2b9-6084d68d5816.mirbase21.mirnas.quantification.txt,Primary Tumor
2e455480-b0ab-443b-a807-79ba16d42e34.mirbase21.mirnas.quantification.txt,Primary Tumor
a9e5a5d7-7ef7-45f7-a324-fd63dcea7dae.mirbase21.mirnas.quantification.txt,Primary Tumor
5fd9768c-c1e9-4f4c-bc1a-259925aa0aec.mirbase21.mirnas.quantification.txt,Primary Tumor
f5969b7b-6fad-4bb6-b1b5-0b1142b16389.mirbase21.mirnas.quantification.txt,Primary Tumor
dcee9e97-26e1-4580-bdc6-c6f5aa82633e.mirbase21.mirnas.quantification.txt,Solid Tissue Normal
575eaaf3-fc59-4de2-995e-2077b1292929.mirbase21.mirnas.quantification.txt,Primary Tumor
acf2a86c-e102-4350-8206-053e9f677aca.mirbase21.mirnas.quantification.txt,Primary Tumor
a0ef2675-aa5a-497b-b09b-8516dd55f259.mirbase21.mirnas.quantification.txt,Primary Tumor
c3ba0ed5-0e6c-437e-8edc-aad89a4dc59f.mirbase21.mirnas.quantification.txt,Primary Tumor
0bbeaa33-8d7b-484f-945e-1d35cc599444.mirbase21.mirnas.quantification.txt,Primary Tumor
e87a92ad-2200-458b-9d55-d191c8f10650.mirbase21.mirnas.quantification.txt,Primary Tumor
fac2a0a9-ba97-4006-b811-8380efc5aa47.mirbase21.mirnas.quantification.txt,Primary Tumor
9be2f415-5f10-43ba-ace0-f3278d71f1b5.mirbase21.mirnas.quantification.txt,Primary Tumor
0b4365d7-4125-484c-8d19-8bf5545eab71.mirbase21.mirnas.quantification.txt,Primary Tumor
a88f38f8-f19c-49cf-a4f7-6da23f82a596.mirbase21.mirnas.quantification.txt,Primary Tumor
11812e7b-94a6-48cf-bcfc-a5e40d81f381.mirbase21.mirnas.quantification.txt,Primary Tumor
069fa8ab-7147-407a-8d0a-1a8a6ba8f1b2.mirbase21.mirnas.quantification.txt,Primary Tumor
593f009d-1940-45aa-a7d2-4c1e92ac6321.mirbase21.mirnas.quantification.txt,Primary Tumor
e364f945-5321-4a09-87ae-2b6eff25b7a6.mirbase21.mirnas.quantification.txt,Primary Tumor
01d55b46-7841-4846-8d1a-7b1af2ceb5df.mirbase21.mirnas.quantification.txt,Primary Tumor
1d6a0f11-9655-4e63-8f04-11a129805d05.mirbase21.mirnas.quantification.txt,Primary Tumor
5f29d774-84b0-482a-bf4f-e21343507731.mirbase21.mirnas.quantification.txt,Primary Tumor
1ae7a9ad-b475-4f2c-91f9-575567938935.mirbase21.mirnas.quantification.txt,Primary Tumor
aa81d984-10e9-46ac-a11a-8b75d87600be.mirbase21.mirnas.quantification.txt,Primary Tumor
240b4a42-0bd0-47ea-ad48-7cc3299977ff.mirbase21.mirnas.quantification.txt,Primary Tumor
3af658be-644a-4eb5-a84d-c1008a237ec9.mirbase21.mirnas.quantification.txt,Primary Tumor
7458a4ba-325d-4db2-9ee3-45db9134c926.mirbase21.mirnas.quantification.txt,Solid Tissue Normal
c0bf9858-518b-49a0-8309-2a1a56ca0cfa.mirbase21.mirnas.quantification.txt,Solid Tissue Normal
78853f10-35f9-408f-a456-1f1bf7aed566.mirbase21.mirnas.quantification.txt,Primary Tumor
cff79671-b750-41a3-be2e-177638d24992.mirbase21.mirnas.quantification.txt,Primary Tumor
a754705c-cb56-4f26-8646-164e48bfc095.mirbase21.mirnas.quantification.txt,Solid Tissue Normal
4c104f46-9c52-4765-96ad-9d926823327f.mirbase21.mirnas.quantification.txt,Primary Tumor
d635861c-fddd-46ce-ac8c-c26f98e8fce1.mirbase21.mirnas.quantification.txt,Primary Tumor
d202fc9f-00cc-41dc-9f25-87bbf7d954ed.mirbase21.mirnas.quantification.txt,Primary Tumor
37076f9a-57c7-438e-9ab8-bed34f3188a6.mirbase21.mirnas.quantification.txt,Primary Tumor
84ac73d8-748e-4744-9f7f-8824e4f83649.mirbase21.mirnas.quantification.txt,Primary Tumor
45196d24-85c5-4a9b-a616-9a9060b53ab2.mirbase21.mirnas.quantification.txt,Primary Tumor
e5f188b4-7018-48d2-b720-a167e0d64635.mirbase21.mirnas.quantification.txt,Primary Tumor
049b544c-a400-4fa9-9e49-8f99f49dc380.mirbase21.mirnas.quantification.txt,Primary Tumor
305a4734-0b17-43a8-b783-48e0b861e410.mirbase21.mirnas.quantification.txt,Solid Tissue Normal
81d5e875-0d55-472e-9c70-12b300d9cd8c.mirbase21.mirnas.quantification.txt,Primary Tumor
c38cbfca-3243-4092-9c4d-91dca8053247.mirbase21.mirnas.quantification.txt,Solid Tissue Normal
2a9ae574-975a-47b9-ae46-31d908a9390a.mirbase21.mirnas.quantification.txt,Primary Tumor
0a43a369-4477-42dd-9bea-aae4be1e007b.mirbase21.mirnas.quantification.txt,Solid Tissue Normal
ddf3debd-c7ee-4f25-bd43-dcda12320f89.mirbase21.mirnas.quantification.txt,Primary Tumor
02d4bcfd-cb41-40b0-b64a-729b66ab1213.mirbase21.mirnas.quantification.txt,Primary Tumor
7e5d43f8-7d0d-4918-8487-1751699541de.mirbase21.mirnas.quantification.txt,Primary Tumor
b76ba3f3-a891-47f5-b0f1-787ba8aa7628.mirbase21.mirnas.quantification.txt,Primary Tumor
55ed8aae-0f8c-4852-9dc3-c2ef5c1d6a2c.mirbase21.mirnas.quantification.txt,Primary Tumor
662a33e6-261a-42d3-be58-956aca37ad96.mirbase21.mirnas.quantification.txt,Solid Tissue Normal
dfb3bfce-fffb-446f-a06f-5e0b1a89aa2a.mirbase21.mirnas.quantification.txt,Primary Tumor
605a3e28-cc77-47ad-bc2f-c448f8054683.mirbase21.mirnas.quantification.txt,Primary Tumor
eda3b2cc-1161-4379-b208-37bbbc3fd8dc.mirbase21.mirnas.quantification.txt,Primary Tumor
a6d3bd90-5a49-4df4-a35c-65888dd8d496.mirbase21.mirnas.quantification.txt,Primary Tumor
0ec01bdb-9831-4480-9507-7e77b5a56c0b.mirbase21.mirnas.quantification.txt,Primary Tumor
f07fed48-2762-4694-850b-896e4bd59c67.mirbase21.mirnas.quantification.txt,Primary Tumor
46f0c5e7-966b-4419-a3ce-68d6bb2e7f70.mirbase21.mirnas.quantification.txt,Primary Tumor
4bd820ea-4779-45a9-9d80-9cb2bb4ab297.mirbase21.mirnas.quantification.txt,Primary Tumor
155a362e-780d-41e4-885e-13a14f5a25b1.mirbase21.mirnas.quantification.txt,Solid Tissue Normal
5888070a-f5ae-4100-8c7c-9ca8d3fd74e0.mirbase21.mirnas.quantification.txt,Primary Tumor
8d560969-a578-4b7c-b6bc-37004b0cb9a0.mirbase21.mirnas.quantification.txt,Primary Tumor
fbc28823-d494-4361-8d3c-255f1b32fccc.mirbase21.mirnas.quantification.txt,Solid Tissue Normal
e6a19b10-9c78-4534-b80a-5e1c1a8d14f7.mirbase21.mirnas.quantification.txt,Primary Tumor
e053ca84-7905-4b37-92e6-868ee3969d05.mirbase21.mirnas.quantification.txt,Primary Tumor
3d35639f-ae44-4e12-baa2-b9700615d36d.mirbase21.mirnas.quantification.txt,Primary Tumor
2fbc3739-cedd-4aa5-9eaa-c918a98ab7e3.mirbase21.mirnas.quantification.txt,Primary Tumor
b9f789c5-6c44-4a9b-b22f-99addc73c38d.mirbase21.mirnas.quantification.txt,Primary Tumor
268ee445-75d9-4dc1-988c-9fade7662175.mirbase21.mirnas.quantification.txt,Primary Tumor
262523ad-cf40-421d-b510-8a00b57fe792.mirbase21.mirnas.quantification.txt,Primary Tumor
20b08714-89fd-4985-9bc1-43ee351dbff9.mirbase21.mirnas.quantification.txt,Primary Tumor
c1de8411-6149-45ed-8437-b54e78b5ca33.mirbase21.mirnas.quantification.txt,Primary Tumor
ca2b6386-4b6d-41cd-9c4f-d33bc32b15eb.mirbase21.mirnas.quantification.txt,Primary Tumor
4da0352a-32fb-4e6e-badd-86a4e79285a3.mirbase21.mirnas.quantification.txt,Solid Tissue Normal
09701c30-ab4d-430b-8a35-e519fe42adaa.mirbase21.mirnas.quantification.txt,Solid Tissue Normal
00856d1b-54dc-44c1-9a3d-ab3895b471c9.mirbase21.mirnas.quantification.txt,Primary Tumor
ad7dc215-9e33-4644-9711-aa5ef0eecd8e.mirbase21.mirnas.quantification.txt,Primary Tumor
5e98185c-4cca-4e5b-b971-c394f3e43e1d.mirbase21.mirnas.quantification.txt,Primary Tumor
1e22be3d-ea6b-4ad5-90ff-e7f966d0725d.mirbase21.mirnas.quantification.txt,Primary Tumor
91bb9465-9124-42a6-bbd2-2e0a625b30c3.mirbase21.mirnas.quantification.txt,Primary Tumor
2ba2a8f1-1856-4285-b577-861f8c56bda8.mirbase21.mirnas.quantification.txt,Primary Tumor
06473ec4-c896-4299-a5db-d9139a2ccfe7.mirbase21.mirnas.quantification.txt,Primary Tumor
53a40b03-0526-479d-8ab2-2d49eec114f7.mirbase21.mirnas.quantification.txt,Primary Tumor
d08f1fd6-40bf-4cd1-b99d-7124a7a1e69c.mirbase21.mirnas.quantification.txt,Primary Tumor
7acef7d9-a1a4-4803-955e-02aae0e4d1bb.mirbase21.mirnas.quantification.txt,Solid Tissue Normal
58c5ae43-a8d3-49bb-b86d-e2a8112b5c1f.mirbase21.mirnas.quantification.txt,Primary Tumor
33e4e3e5-0349-4115-a21d-532a7fa1c322.mirbase21.mirnas.quantification.txt,Primary Tumor
f23e2aec-b5bd-4c3c-8690-3ca6433ee4a0.mirbase21.mirnas.quantification.txt,Primary Tumor
1f7cc3ae-1d33-48e2-ab4e-48e90da069a6.mirbase21.mirnas.quantification.txt,Primary Tumor
c45ab47d-fdf0-428c-b3b9-046f4f9837b2.mirbase21.mirnas.quantification.txt,Primary Tumor
1bc1926c-1269-4189-8e3b-c371a7797911.mirbase21.mirnas.quantification.txt,Primary Tumor
ce630fae-1a8c-46eb-9597-9ab510a5a7d4.mirbase21.mirnas.quantification.txt,Primary Tumor
51846d64-9493-4cdc-a6ee-281e3854e104.mirbase21.mirnas.quantification.txt,Primary Tumor
73162398-bd6e-46ec-b59b-c101fb98a796.mirbase21.mirnas.quantification.txt,Primary Tumor
0182c925-756d-4a41-b069-5211865e9afb.mirbase21.mirnas.quantification.txt,Primary Tumor
54f54169-91dc-4237-abcf-c1326796d2e8.mirbase21.mirnas.quantification.txt,Primary Tumor
df37b9ee-28c1-4fd1-8aaa-7332d792b7f8.mirbase21.mirnas.quantification.txt,Primary Tumor
4d9c0eed-fd43-4616-bc15-a48aced87762.mirbase21.mirnas.quantification.txt,Primary Tumor
8af0e52f-b09c-4110-ab82-b769d19fed7d.mirbase21.mirnas.quantification.txt,Primary Tumor
2144e1e1-e076-4a4d-987e-c8eb5f98abb2.mirbase21.mirnas.quantification.txt,Primary Tumor
70657055-b8c0-492e-b92a-22d970ad386f.mirbase21.mirnas.quantification.txt,Primary Tumor
942c1abc-56cc-497b-b79c-5a22c3714aae.mirbase21.mirnas.quantification.txt,Primary Tumor
be15f7d4-adb5-4aac-ba79-7e2ac311fdc6.mirbase21.mirnas.quantification.txt,Primary Tumor
9012b812-6b4b-4cb6-a340-c5304f810669.mirbase21.mirnas.quantification.txt,Solid Tissue Normal
81970bf7-3e9b-490d-8f50-bb2cb851eeab.mirbase21.mirnas.quantification.txt,Primary Tumor
c0fd4094-9549-49a4-a0b0-0afbe0bb4751.mirbase21.mirnas.quantification.txt,Primary Tumor
36d32487-1b3f-44a4-afa0-2c2b2c32e857.mirbase21.mirnas.quantification.txt,Primary Tumor
e9233b7d-5095-4449-a8e0-8e33203f5b19.mirbase21.mirnas.quantification.txt,Primary Tumor
11f8ba8e-f155-445d-a958-fbf0246b76f9.mirbase21.mirnas.quantification.txt,Primary Tumor
88ff76d9-fa09-4454-8d97-f45ccabba7ff.mirbase21.mirnas.quantification.txt,Solid Tissue Normal
1b1c4afe-2468-42b8-be6c-0eaabfd501a6.mirbase21.mirnas.quantification.txt,Primary Tumor
43f2b882-4f97-427f-b19f-8b34649f146c.mirbase21.mirnas.quantification.txt,Primary Tumor
ad978bee-c4c4-4abc-851c-421091bb53c0.mirbase21.mirnas.quantification.txt,Primary Tumor
7100109c-e57f-478f-b1d1-acda8d211984.mirbase21.mirnas.quantification.txt,Primary Tumor
dbf78e68-94c3-4c59-93cd-005f7477bb2d.mirbase21.mirnas.quantification.txt,Primary Tumor
5cbdb4b4-0215-4791-b1bb-dc2caa18522b.mirbase21.mirnas.quantification.txt,Primary Tumor
2af36e33-016e-4c5c-8922-bcb2da6827cd.mirbase21.mirnas.quantification.txt,Solid Tissue Normal
6d2a23ab-a5aa-4979-87e5-66657372320d.mirbase21.mirnas.quantification.txt,Primary Tumor
96914891-d3ec-4f46-8852-e542dd58f93e.mirbase21.mirnas.quantification.txt,Primary Tumor
7c309fa4-9196-4e87-812e-d0cb142e3b84.mirbase21.mirnas.quantification.txt,Primary Tumor
93019329-2e45-4570-807e-bc3d4d7fe479.mirbase21.mirnas.quantification.txt,Primary Tumor
78f2c100-bf9c-4b84-a8e5-24b82e5c47b7.mirbase21.mirnas.quantification.txt,Primary Tumor
b50539eb-1a68-4e51-821d-d74ed8210b1e.mirbase21.mirnas.quantification.txt,Primary Tumor
247b1ae6-5b70-4127-8914-647855fdf250.mirbase21.mirnas.quantification.txt,Primary Tumor
0cd7c291-c541-4cb1-abed-67be6e7db14f.mirbase21.mirnas.quantification.txt,Primary Tumor
a3396800-bb60-4965-870e-eed8666cd640.mirbase21.mirnas.quantification.txt,Primary Tumor
331c1e3e-2e99-4aed-9ede-7815b0c524a1.mirbase21.mirnas.quantification.txt,Primary Tumor
18a2de02-d5aa-41a3-a027-bb82150ac33f.mirbase21.mirnas.quantification.txt,Primary Tumor
47883cf6-0ed2-4777-a134-b94d8caf2d16.mirbase21.mirnas.quantification.txt,Primary Tumor
02bc5920-3c31-473d-a9ed-ec4d2757891d.mirbase21.mirnas.quantification.txt,Primary Tumor
7ea8ee56-c409-43e0-99a4-b1e4b4a34a17.mirbase21.mirnas.quantification.txt,Primary Tumor
78138d99-53eb-4611-b745-a426f44fd52f.mirbase21.mirnas.quantification.txt,Primary Tumor
22894694-a22b-43ca-a2a6-d7825ee2f8c7.mirbase21.mirnas.quantification.txt,Primary Tumor
e590cdda-6a82-4f54-b960-42887e61c034.mirbase21.mirnas.quantification.txt,Primary Tumor
091bee0e-c0e2-41ce-9125-8f68ff9f7df6.mirbase21.mirnas.quantification.txt,Primary Tumor
e996f720-0d29-4027-87ac-b6c4ec8ac4f8.mirbase21.mirnas.quantification.txt,Solid Tissue Normal
72352a11-0bc7-489d-9eb9-64725bd5b504.mirbase21.mirnas.quantification.txt,Primary Tumor
3437474e-c42b-4045-b698-42c6663f4bd6.mirbase21.mirnas.quantification.txt,Primary Tumor
063bbf9a-14a6-4ab7-852e-a6120ab2e8eb.mirbase21.mirnas.quantification.txt,Primary Tumor
3f83bde7-372b-4cbb-ada0-8b292e985c06.mirbase21.mirnas.quantification.txt,Primary Tumor
39e25cf5-244b-4f2b-851c-0c4767b30bf6.mirbase21.mirnas.quantification.txt,Solid Tissue Normal
f89f71b9-e3c6-4a4e-9d65-9046b86c6186.mirbase21.mirnas.quantification.txt,Primary Tumor
cf8026b1-84f4-4db5-9707-7ea25c6cdad3.mirbase21.mirnas.quantification.txt,Primary Tumor
631ba396-a485-432c-90ee-68324fcbbd4c.mirbase21.mirnas.quantification.txt,Primary Tumor
611379e8-595f-4d48-8c90-be75fc2dbe1b.mirbase21.mirnas.quantification.txt,Primary Tumor
a17e1128-6458-4d87-8077-524a7fbb9498.mirbase21.mirnas.quantification.txt,Primary Tumor
71c61f4b-a1c8-42b8-9103-312d26d1eb95.mirbase21.mirnas.quantification.txt,Primary Tumor
0b08f7c7-8956-4c67-90fc-d9c07f02b683.mirbase21.mirnas.quantification.txt,Primary Tumor
11d309c1-6eef-4aa9-81ee-04690fb386f4.mirbase21.mirnas.quantification.txt,Primary Tumor
0cf06595-db4f-49e8-9523-706bda56266e.mirbase21.mirnas.quantification.txt,Primary Tumor
a206e877-7249-4c2f-9743-911785af1f84.mirbase21.mirnas.quantification.txt,Primary Tumor
0c8d265d-4709-475d-90b9-bdbf5fcc5750.mirbase21.mirnas.quantification.txt,Solid Tissue Normal
e9d5d130-2b33-4fd1-9b2e-6b1c522965ca.mirbase21.mirnas.quantification.txt,Primary Tumor
af3a08ee-a772-4e7c-88e1-07c4ea090023.mirbase21.mirnas.quantification.txt,Solid Tissue Normal
82273010-00cb-4be4-b119-cde2084b807b.mirbase21.mirnas.quantification.txt,Primary Tumor
f6cd5075-5a65-4314-82f5-2e3a49ab5df0.mirbase21.mirnas.quantification.txt,Primary Tumor
ba10ec4e-506a-4a53-bfb2-b56ceea485e1.mirbase21.mirnas.quantification.txt,Primary Tumor
7566ed9b-6d2b-41bf-ab23-0747d8a88f77.mirbase21.mirnas.quantification.txt,Primary Tumor
dff037f8-7508-49c6-8372-b1776a31cd8c.mirbase21.mirnas.quantification.txt,Primary Tumor
36ad3d42-fb0a-48b5-a76e-deee411b6154.mirbase21.mirnas.quantification.txt,Primary Tumor
29095585-9a41-4fea-9586-a0f5cb9d670b.mirbase21.mirnas.quantification.txt,Primary Tumor
5c9d97c9-054d-4f64-8175-a8fee38c2312.mirbase21.mirnas.quantification.txt,Primary Tumor
2635bb7b-6fda-40b7-a6c1-88518851d95d.mirbase21.mirnas.quantification.txt,Primary Tumor
b9088de3-56ba-4e93-b092-83a297254fe5.mirbase21.mirnas.quantification.txt,Solid Tissue Normal
d7e7c0a1-8bec-4084-8ea8-03378633ba08.mirbase21.mirnas.quantification.txt,Primary Tumor
09538ff4-86d3-40a5-8e11-70bf9572282c.mirbase21.mirnas.quantification.txt,Primary Tumor
eaeb2318-eab0-46c0-923a-83d9c66d43f4.mirbase21.mirnas.quantification.txt,Primary Tumor
75d8796f-adc8-4caa-9e39-5b74a4563c55.mirbase21.mirnas.quantification.txt,Primary Tumor
139c4576-3f28-4a50-b6e9-26cf9cdf1558.mirbase21.mirnas.quantification.txt,Primary Tumor
f7b82201-ce14-46db-943e-637ba0ddba69.mirbase21.mirnas.quantification.txt,Primary Tumor
87496f71-e1d0-472b-8304-73ed05b9d53f.mirbase21.mirnas.quantification.txt,Primary Tumor
db5889aa-43e9-4cb7-bed5-217439fba71e.mirbase21.mirnas.quantification.txt,Primary Tumor
e8eebcc0-491b-4db3-8936-b830f7921fa8.mirbase21.mirnas.quantification.txt,Primary Tumor
83b211ec-a952-4eb0-9229-04638b7b9c58.mirbase21.mirnas.quantification.txt,Primary Tumor
8f4c6d5d-b3de-4330-b7d4-b96c06c126c2.mirbase21.mirnas.quantification.txt,Primary Tumor
28baddd4-d21d-4b9b-af21-4f136a1bced4.mirbase21.mirnas.quantification.txt,Primary Tumor
186d07be-2e7f-44b6-a97d-be9f35f1542c.mirbase21.mirnas.quantification.txt,Primary Tumor
52e617c7-0fdb-4015-85f4-ef0731361a1b.mirbase21.mirnas.quantification.txt,Primary Tumor
a9969082-db5d-4edd-af86-bb86b175284c.mirbase21.mirnas.quantification.txt,Primary Tumor
e8daed17-bcbe-4eac-984b-61d59d0938c3.mirbase21.mirnas.quantification.txt,Primary Tumor
3578b932-1468-4fef-a262-7a5a6899dd49.mirbase21.mirnas.quantification.txt,Solid Tissue Normal
c18a1fb8-488f-4cae-b917-00ff92b9b3c8.mirbase21.mirnas.quantification.txt,Primary Tumor
84c62a4f-a700-4fc1-8a4d-448abd0f4486.mirbase21.mirnas.quantification.txt,Primary Tumor
6fd34949-37c5-40c2-bc90-28d322c8fbad.mirbase21.mirnas.quantification.txt,Primary Tumor
aba1f277-9947-40d7-8bdc-f450529edd48.mirbase21.mirnas.quantification.txt,Primary Tumor
8ad258ce-2a07-4f5e-a320-a7d79d48d9d7.mirbase21.mirnas.quantification.txt,Primary Tumor
2a3ff039-c5db-4c59-963a-e0e3d8d2a46f.mirbase21.mirnas.quantification.txt,Primary Tumor
d3529771-ebfb-4bea-8ae2-8823e48dd53a.mirbase21.mirnas.quantification.txt,Primary Tumor
c97eef1a-30bd-47a1-bd40-8d0027453a23.mirbase21.mirnas.quantification.txt,Primary Tumor
6dbe78fa-082c-4e77-b02f-4b845190ab1d.mirbase21.mirnas.quantification.txt,Primary Tumor
18dd9797-6da2-4394-a453-bc279d82c512.mirbase21.mirnas.quantification.txt,Primary Tumor
4533056e-4862-419a-a527-bb23604f6080.mirbase21.mirnas.quantification.txt,Primary Tumor
77ee2d1f-55f6-4da7-8067-9deca4576604.mirbase21.mirnas.quantification.txt,Primary Tumor
17e2b1bb-9b2e-4373-be25-60c868db07e6.mirbase21.mirnas.quantification.txt,Solid Tissue Normal
40f8abfa-194c-4570-bbdd-dd79e5848961.mirbase21.mirnas.quantification.txt,Primary Tumor
8aad0101-c6bd-4b32-a254-a686a9411114.mirbase21.mirnas.quantification.txt,Primary Tumor
37922aec-e42d-4208-9b06-ad7b8a6199f3.mirbase21.mirnas.quantification.txt,Solid Tissue Normal
2c7849d5-4bf7-4cfb-a5a1-671da228d89b.mirbase21.mirnas.quantification.txt,Primary Tumor
8c223489-5aef-4d81-b69a-1063b737fee3.mirbase21.mirnas.quantification.txt,Primary Tumor
48f934c0-6313-4093-aba9-fdad0273661f.mirbase21.mirnas.quantification.txt,Primary Tumor
eea422f1-257c-4c1a-91e2-d8e08984a5b2.mirbase21.mirnas.quantification.txt,Primary Tumor
191afd14-b306-4389-a60e-89aa25f66d92.mirbase21.mirnas.quantification.txt,Solid Tissue Normal
9c3e3d5b-4eea-42b9-8543-6f540f0cabc1.mirbase21.mirnas.quantification.txt,Primary Tumor
acd0bd3c-388c-4809-ad1c-f435902fc86b.mirbase21.mirnas.quantification.txt,Primary Tumor
65c233c3-e8be-4a4e-8075-7a9ec5600173.mirbase21.mirnas.quantification.txt,Primary Tumor
289cc0b3-6414-4ff5-8c9b-4b33fe3ada01.mirbase21.mirnas.quantification.txt,Primary Tumor
6759fbf5-57d5-451b-b9d0-5011be72a9b4.mirbase21.mirnas.quantification.txt,Primary Tumor
2ad50bdd-d98f-417b-b94b-dbe235f5475e.mirbase21.mirnas.quantification.txt,Primary Tumor
34c911b5-a9ce-43e1-8ba1-4418b53190b1.mirbase21.mirnas.quantification.txt,Primary Tumor
cdc41e50-520c-40ac-9217-fba25363365f.mirbase21.mirnas.quantification.txt,Primary Tumor
00c1940b-ecb8-4313-b0bf-d8bbc0a5e206.mirbase21.mirnas.quantification.txt,Primary Tumor
3b6fe2e6-102b-45ee-8605-da33196b8eec.mirbase21.mirnas.quantification.txt,Primary Tumor
d828564f-a08a-49cc-b4d5-7f18a27631cb.mirbase21.mirnas.quantification.txt,Solid Tissue Normal
2bde2dc2-6c64-4af3-8276-420813cc7464.mirbase21.mirnas.quantification.txt,Primary Tumor
bdcac379-8e20-436c-af3c-cc906ffe56bd.mirbase21.mirnas.quantification.txt,Primary Tumor
a210ea47-7941-40fc-8a5a-2e916550d400.mirbase21.mirnas.quantification.txt,Primary Tumor
7bac06c6-4a62-4a58-9d5b-be6abbc601d1.mirbase21.mirnas.quantification.txt,Primary Tumor
22997bb2-dd8e-451a-a320-8702c2d787b2.mirbase21.mirnas.quantification.txt,Primary Tumor
1acf70a4-e2da-4daf-9c50-80c96deca6dc.mirbase21.mirnas.quantification.txt,Primary Tumor
2c5a6644-a32d-490d-8ca1-8950a3e5ac9a.mirbase21.mirnas.quantification.txt,Primary Tumor
14ab6ddb-be88-4b94-9bc3-4cb734684d9d.mirbase21.mirnas.quantification.txt,Primary Tumor
e5c16db8-97d3-49db-8a65-f4cd26e630c7.mirbase21.mirnas.quantification.txt,Primary Tumor
9a28e228-4240-49e5-a41b-4d786a84c790.mirbase21.mirnas.quantification.txt,Primary Tumor
409b5327-f09d-4535-b084-32f463c885e4.mirbase21.mirnas.quantification.txt,Primary Tumor
58da277d-9658-4e49-80f8-e94f62e0cfd6.mirbase21.mirnas.quantification.txt,Solid Tissue Normal
61da446f-6894-44ca-a7a0-2cfe77116924.mirbase21.mirnas.quantification.txt,Primary Tumor
cc6b01ca-abdf-439f-9355-a1a4b89e620d.mirbase21.mirnas.quantification.txt,Primary Tumor
0ae769e4-fe82-4f9a-a137-28661ce9b339.mirbase21.mirnas.quantification.txt,Primary Tumor
7d41435f-b279-43a4-8f66-e40ed658a87e.mirbase21.mirnas.quantification.txt,Primary Tumor
d6d76876-c92c-4d2c-a53a-6097c1ce225b.mirbase21.mirnas.quantification.txt,Primary Tumor
7afe26aa-fe6f-485b-b3f0-ccead427359a.mirbase21.mirnas.quantification.txt,Primary Tumor
5cf0ff95-60be-4894-8eef-5f0ec17da1e8.mirbase21.mirnas.quantification.txt,Solid Tissue Normal
4da49312-7642-4a60-a50d-cf62c870b896.mirbase21.mirnas.quantification.txt,Primary Tumor
1b6fe71b-cb6d-4bde-abe0-ea0d6e914a5c.mirbase21.mirnas.quantification.txt,Primary Tumor
04b0e36b-d561-466c-9a74-5b18cd3dbdf4.mirbase21.mirnas.quantification.txt,Primary Tumor
f68a8667-d6af-41ad-869a-c6f3de4d261b.mirbase21.mirnas.quantification.txt,Solid Tissue Normal
7317e169-e4e3-4098-9ae2-cec973d5b0db.mirbase21.mirnas.quantification.txt,Primary Tumor
d2f3c70c-184a-4cb2-9126-964031b491b7.mirbase21.mirnas.quantification.txt,Primary Tumor
9a882ae9-6696-44cb-8eb2-f95c9c62145c.mirbase21.mirnas.quantification.txt,Primary Tumor
87c4721e-4538-4235-8f8b-f7f86cebf85f.mirbase21.mirnas.quantification.txt,Primary Tumor
1c0e1bf2-d160-43b7-b823-6c952a691341.mirbase21.mirnas.quantification.txt,Primary Tumor
0cef2406-bbcf-41a3-8901-dbc7d04898b2.mirbase21.mirnas.quantification.txt,Primary Tumor
14533648-15b3-449c-bca1-93da6964df67.mirbase21.mirnas.quantification.txt,Primary Tumor
06d0322c-2098-4ad7-8146-c1c93bd772ee.mirbase21.mirnas.quantification.txt,Primary Tumor
ef8e5f90-a3d8-4106-af38-c656ac1ad65f.mirbase21.mirnas.quantification.txt,Primary Tumor
8e8bcdf9-58e6-477e-8a74-71c7c6e69050.mirbase21.mirnas.quantification.txt,Primary Tumor
2cd588c5-33e6-445f-9758-f3b4b8459482.mirbase21.mirnas.quantification.txt,Primary Tumor
7f7298d3-b526-4c82-84f5-fb3e5778dc44.mirbase21.mirnas.quantification.txt,Primary Tumor
e2e95ff1-b27f-4f4f-865d-1a8ec1412833.mirbase21.mirnas.quantification.txt,Primary Tumor
81bedc18-36c0-4786-8e1a-3ca05ed43d6f.mirbase21.mirnas.quantification.txt,Primary Tumor
e853e00e-94b9-460e-83e8-09f4c602aef5.mirbase21.mirnas.quantification.txt,Primary Tumor
75f197cd-8fa5-444d-96ed-5210e193c5b1.mirbase21.mirnas.quantification.txt,Primary Tumor
357d15a6-b12e-4886-8c57-bccbb8bf7a60.mirbase21.mirnas.quantification.txt,Primary Tumor
75d1ebb0-da96-4900-a868-bcee12ccbdc1.mirbase21.mirnas.quantification.txt,Solid Tissue Normal
809a8afc-a040-401f-8317-139dfa06c9d9.mirbase21.mirnas.quantification.txt,Primary Tumor
4b06171e-06e4-4104-97ed-55ab0498b560.mirbase21.mirnas.quantification.txt,Primary Tumor
ed3bd17d-887e-4c48-a884-32c60db85ab9.mirbase21.mirnas.quantification.txt,Primary Tumor
59dc7fb7-f980-4806-8b8e-f0daab66605f.mirbase21.mirnas.quantification.txt,Primary Tumor
eb7a6f6c-c5ba-48cf-9ee8-89378d117816.mirbase21.mirnas.quantification.txt,Primary Tumor
cecb129b-d482-4349-bd56-44c3c6892e7b.mirbase21.mirnas.quantification.txt,Primary Tumor
e5256f63-7bfe-45b6-9194-20c9be7ea84e.mirbase21.mirnas.quantification.txt,Solid Tissue Normal
81ae5adb-d6cd-45d8-bb25-0b8d92b71213.mirbase21.mirnas.quantification.txt,Primary Tumor
b3939e05-8694-4d0e-b420-0d084f797100.mirbase21.mirnas.quantification.txt,Solid Tissue Normal
38a8618f-0f44-4c99-8c39-431f5f9f3bb4.mirbase21.mirnas.quantification.txt,Primary Tumor
8ec43165-252c-4b66-a984-6e2542fcef64.mirbase21.mirnas.quantification.txt,Primary Tumor
62e1cf91-f935-4bda-8e4e-cdcd40d09052.mirbase21.mirnas.quantification.txt,Primary Tumor
09c71fff-eff9-49f6-9f79-e7edbd77ad80.mirbase21.mirnas.quantification.txt,Primary Tumor
0fa485e5-74dd-42e6-a096-b8681db5cfc7.mirbase21.mirnas.quantification.txt,Primary Tumor
7e978228-22f0-431c-8046-438845ce8980.mirbase21.mirnas.quantification.txt,Primary Tumor
aaba62a6-e0ad-405e-9fcb-3e482110ce3f.mirbase21.mirnas.quantification.txt,Primary Tumor
0f3fb183-65d6-4f9f-9ade-a421f5ac2bc8.mirbase21.mirnas.quantification.txt,Primary Tumor
89e72c3d-98bc-45a4-91f7-c5318233c696.mirbase21.mirnas.quantification.txt,Primary Tumor
a95ad9cf-dadb-49d6-bcd1-0a726e858deb.mirbase21.mirnas.quantification.txt,Solid Tissue Normal
9a35d689-54e6-451f-bb5e-3703d9383c74.mirbase21.mirnas.quantification.txt,Solid Tissue Normal
dffa0204-52ff-4847-95c8-2232a4fbe854.mirbase21.mirnas.quantification.txt,Primary Tumor
74b97e05-5024-4c09-822d-85231e726722.mirbase21.mirnas.quantification.txt,Primary Tumor
d5006265-675c-4f52-87f7-390f92133258.mirbase21.mirnas.quantification.txt,Primary Tumor
023786ab-cb73-48b9-a585-ab7ecc85b260.mirbase21.mirnas.quantification.txt,Primary Tumor
205b1429-92c6-474e-ad2c-84e8fd749a62.mirbase21.mirnas.quantification.txt,Primary Tumor
4b3627a7-8a10-4e6f-85d7-5e5f3bfc92b3.mirbase21.mirnas.quantification.txt,Primary Tumor
975334b9-88fc-49b7-ad98-ef7d9b12ce7b.mirbase21.mirnas.quantification.txt,Primary Tumor
37d56340-5b97-45c7-99ed-9f0f686822c9.mirbase21.mirnas.quantification.txt,Primary Tumor
5530f03e-6333-410f-be8a-e51f60404f1f.mirbase21.mirnas.quantification.txt,Primary Tumor
418be393-38d4-4843-9cbf-90c231d752c4.mirbase21.mirnas.quantification.txt,Solid Tissue Normal
4dfb0636-1e4d-4a15-a5e0-1287562bf54e.mirbase21.mirnas.quantification.txt,Primary Tumor
2a9df3e0-9904-4689-8a62-095ad5eab2e2.mirbase21.mirnas.quantification.txt,Primary Tumor
5a36078c-7b10-43c0-b78b-4da306cef8cd.mirbase21.mirnas.quantification.txt,Primary Tumor
042bceab-9f73-455a-9987-bbad57d70388.mirbase21.mirnas.quantification.txt,Primary Tumor
a09c5dfa-52a7-4ccd-b095-e64ed78bc594.mirbase21.mirnas.quantification.txt,Primary Tumor
33516eac-dd8c-4f11-8996-88d940154d82.mirbase21.mirnas.quantification.txt,Primary Tumor
b62870f9-4b2f-499e-ac8e-dc7224dc973b.mirbase21.mirnas.quantification.txt,Solid Tissue Normal
9b4e5d9d-1828-47c5-94d4-5a5692563e0b.mirbase21.mirnas.quantification.txt,Primary Tumor
55aa1865-e97f-457b-b75b-f703a42e7c2e.mirbase21.mirnas.quantification.txt,Solid Tissue Normal
4f853429-0268-42a7-b1ba-aa1067013b41.mirbase21.mirnas.quantification.txt,Primary Tumor
1375c721-aaba-48b3-9216-e26dd9cb6ae7.mirbase21.mirnas.quantification.txt,Primary Tumor
f1d8d05e-48e0-4cf0-8b67-f2ecc514b0dc.mirbase21.mirnas.quantification.txt,Primary Tumor
eca6b029-8386-41b1-8725-32c6e34a0712.mirbase21.mirnas.quantification.txt,Primary Tumor
0f49ba4d-96ff-4139-abb7-445e0a7a960e.mirbase21.mirnas.quantification.txt,Primary Tumor
55abae05-65d6-4858-b47f-3f5f6af22b28.mirbase21.mirnas.quantification.txt,Primary Tumor
032418a6-f1b3-4bf3-bdef-b8ff8f746214.mirbase21.mirnas.quantification.txt,Primary Tumor
c3f6b237-b084-4427-a0be-daab993235db.mirbase21.mirnas.quantification.txt,Primary Tumor
23abf42f-b55a-4ba8-938a-f490305a46c6.mirbase21.mirnas.quantification.txt,Primary Tumor
4a9e9589-088f-4749-9d8e-23d953eac672.mirbase21.mirnas.quantification.txt,Primary Tumor
2b687d47-7412-4313-93a3-3be0c45d0edb.mirbase21.mirnas.quantification.txt,Primary Tumor
22709b83-1fae-49f9-8b96-e16ad209abb1.mirbase21.mirnas.quantification.txt,Primary Tumor
ad8fe1db-05c3-4e0b-882b-973a0bad5ce7.mirbase21.mirnas.quantification.txt,Primary Tumor
7114b0e8-2e8d-4fca-a9c7-719d066e5e9f.mirbase21.mirnas.quantification.txt,Primary Tumor
19be97df-de1e-4357-8fe3-eb1144d77e00.mirbase21.mirnas.quantification.txt,Primary Tumor
5c8b85ff-731d-4b35-9cd8-cd2a45b2f4d8.mirbase21.mirnas.quantification.txt,Primary Tumor
35d184b2-d166-4948-a16d-0ac8dc2e3ed4.mirbase21.mirnas.quantification.txt,Solid Tissue Normal
01a392ce-e270-41c5-945e-66282e3060ee.mirbase21.mirnas.quantification.txt,Primary Tumor
2f2dcc43-19f5-4c89-8319-c2bae4acc995.mirbase21.mirnas.quantification.txt,Primary Tumor
bb837eaa-c04c-48eb-bb3b-21fbe5b9fd2e.mirbase21.mirnas.quantification.txt,Primary Tumor
64fcce5a-b85c-41d8-b4b9-0e5895afcc77.mirbase21.mirnas.quantification.txt,Primary Tumor
91755006-ce78-4ee0-baad-11e3e9b7dd76.mirbase21.mirnas.quantification.txt,Solid Tissue Normal
e82af209-5404-4047-adc5-fe248c1845c4.mirbase21.mirnas.quantification.txt,Primary Tumor
01c25bcf-407b-4734-9d20-4070c1c3fe5a.mirbase21.mirnas.quantification.txt,Primary Tumor
9a17fedf-8f4c-45de-8bdd-ee74424a05d3.mirbase21.mirnas.quantification.txt,Primary Tumor
9d243853-0e74-4e12-86d5-6f2a6029701b.mirbase21.mirnas.quantification.txt,Primary Tumor
ec667463-d836-496b-a214-2c72a859b427.mirbase21.mirnas.quantification.txt,Primary Tumor
2cf4c6cd-8028-4b17-a615-5924d287ec18.mirbase21.mirnas.quantification.txt,Primary Tumor
2a2ff1f5-f471-4709-b106-ccb1ccd563d3.mirbase21.mirnas.quantification.txt,Primary Tumor
8677fd49-4e65-4553-83ec-30d8c9dee4a1.mirbase21.mirnas.quantification.txt,Primary Tumor
334a0ee4-5306-48be-8a9f-23cfb3b94d97.mirbase21.mirnas.quantification.txt,Primary Tumor
a01c2ff0-6656-4174-9e6f-5b6ecba4effe.mirbase21.mirnas.quantification.txt,Solid Tissue Normal
dd4e47bf-44df-4eb2-acb9-f7b4522174f3.mirbase21.mirnas.quantification.txt,Primary Tumor
4343701a-017e-4652-86d6-d4db0e28cb27.mirbase21.mirnas.quantification.txt,Primary Tumor
307d71e7-5009-4d3a-9c9e-bf5a2d9ca005.mirbase21.mirnas.quantification.txt,Primary Tumor
8429d503-ac3c-42cf-bd93-9c1e6d37d996.mirbase21.mirnas.quantification.txt,Primary Tumor
17e130e1-b120-4d90-a0b5-fa715a880ee4.mirbase21.mirnas.quantification.txt,Primary Tumor
4f7e5644-0d47-4023-888e-6abd39462488.mirbase21.mirnas.quantification.txt,Primary Tumor
00a99edf-57d6-49f2-b810-d9de193c2881.mirbase21.mirnas.quantification.txt,Primary Tumor
9cddc2e5-658e-4317-85ce-5c0f258c89a3.mirbase21.mirnas.quantification.txt,Solid Tissue Normal
f6828d96-3e05-44ba-bf73-98ac855dc7af.mirbase21.mirnas.quantification.txt,Solid Tissue Normal
8cf76507-cb91-4be7-92c6-841f28ac1260.mirbase21.mirnas.quantification.txt,Primary Tumor
3c549f18-e1a3-45fb-9be5-e02a154a4cb4.mirbase21.mirnas.quantification.txt,Primary Tumor
9e0939b3-b071-417e-84df-8a186c56b59f.mirbase21.mirnas.quantification.txt,Primary Tumor
89cc889f-83d1-4fc3-a7fb-31c96128d55c.mirbase21.mirnas.quantification.txt,Primary Tumor
cef81567-c178-443e-9484-c15c9ea7690c.mirbase21.mirnas.quantification.txt,Primary Tumor
3c14876c-0c99-4648-bc38-e16b7401d126.mirbase21.mirnas.quantification.txt,Primary Tumor
f4c31621-9290-42f5-9aba-c5a0ab8de882.mirbase21.mirnas.quantification.txt,Primary Tumor
0283d010-640d-47ee-9bf4-4c6e838a4ff9.mirbase21.mirnas.quantification.txt,Primary Tumor
4743eb67-3d95-4a05-be6b-91b93a014ac9.mirbase21.mirnas.quantification.txt,Primary Tumor
4fe8290a-379b-407b-a017-f9e7f480f095.mirbase21.mirnas.quantification.txt,Primary Tumor
549bbf48-a51e-4d8b-9024-364c5ffebf51.mirbase21.mirnas.quantification.txt,Primary Tumor
1260cbd9-170e-4032-b45e-99620b9304da.mirbase21.mirnas.quantification.txt,Primary Tumor
f1d8d0ab-f7fb-4c73-a7ea-bf7c63bb7028.mirbase21.mirnas.quantification.txt,Solid Tissue Normal
895726e2-de87-403d-be1f-0a0617e650d7.mirbase21.mirnas.quantification.txt,Primary Tumor
cb069483-fab3-4f39-b1f7-5f5bd825d60b.mirbase21.mirnas.quantification.txt,Primary Tumor
69190bfd-c40f-4183-8dc6-01c1253935e5.mirbase21.mirnas.quantification.txt,Primary Tumor
a93eda12-fd81-483b-8cf9-2a2af3498aa8.mirbase21.mirnas.quantification.txt,Primary Tumor
c675a45c-3913-4386-8b1f-3e7c02357046.mirbase21.mirnas.quantification.txt,Primary Tumor
75b33271-3e53-4f90-8f6b-a4f7e660455c.mirbase21.mirnas.quantification.txt,Primary Tumor
9dd54f39-5b18-4c58-82fe-8abf6f725204.mirbase21.mirnas.quantification.txt,Solid Tissue Normal
fb7dbcd4-61e0-4f47-b29a-fd990234aa5c.mirbase21.mirnas.quantification.txt,Primary Tumor
078dc8f8-c7a9-4fae-afa5-cb09873cac70.mirbase21.mirnas.quantification.txt,Primary Tumor
28cebbed-3fe8-44b9-a939-aa65d2f53067.mirbase21.mirnas.quantification.txt,Primary Tumor
4d3ecb9c-169b-4402-b3d9-11ff451d9db1.mirbase21.mirnas.quantification.txt,Primary Tumor
cd54dd35-6ea7-4edf-9b8a-a10789cdf28a.mirbase21.mirnas.quantification.txt,Primary Tumor
f6f413c8-5a52-448f-aba6-9992a6d1526d.mirbase21.mirnas.quantification.txt,Primary Tumor
b9714e43-d1f1-4f42-9ed4-95285d0ca376.mirbase21.mirnas.quantification.txt,Primary Tumor
478a9c50-63d1-469d-a683-d0772f2d4625.mirbase21.mirnas.quantification.txt,Primary Tumor
0d32b6bd-129c-47fb-a4f2-b3e54c211f0d.mirbase21.mirnas.quantification.txt,Primary Tumor
16501ddd-57d7-4bfa-8eb1-5f0dba97fdea.mirbase21.mirnas.quantification.txt,Primary Tumor
b9fa3a67-46bd-4841-8d33-50cb3b923bff.mirbase21.mirnas.quantification.txt,Primary Tumor
795ca9b2-c509-4b2a-a94f-bbb19a915035.mirbase21.mirnas.quantification.txt,Primary Tumor
a7c0e529-d2ae-4237-80a2-728bef42d0e2.mirbase21.mirnas.quantification.txt,Primary Tumor
d94ae8b3-7ad3-4f7c-b575-8f66090c41ef.mirbase21.mirnas.quantification.txt,Primary Tumor
e9753455-6207-49c5-af66-f8d49c1da5a8.mirbase21.mirnas.quantification.txt,Primary Tumor
85a57c66-6a6f-41bb-b1f1-614d57b7d6f7.mirbase21.mirnas.quantification.txt,Primary Tumor
b073ff20-363d-4ce4-b679-3df70a746c55.mirbase21.mirnas.quantification.txt,Primary Tumor
495211e7-b05b-4c1d-984e-abc7804dd99e.mirbase21.mirnas.quantification.txt,Primary Tumor
a2e3af48-f058-4a6a-aeec-6355290c2de5.mirbase21.mirnas.quantification.txt,Solid Tissue Normal
3194bfe1-3a4f-4e12-8584-3957b2f93dee.mirbase21.mirnas.quantification.txt,Primary Tumor
351170cf-db80-443c-8c24-7bfd6b20b454.mirbase21.mirnas.quantification.txt,Primary Tumor
d76831de-59a7-4676-975b-2301724ca535.mirbase21.mirnas.quantification.txt,Primary Tumor
fc3c1f5e-0997-4d91-b140-37bd30b84c7c.mirbase21.mirnas.quantification.txt,Solid Tissue Normal
f3d74bd1-d5a8-478f-9022-5cc09050e7d4.mirbase21.mirnas.quantification.txt,Primary Tumor
507efd18-1085-40f2-a631-3f5ac1df6bb5.mirbase21.mirnas.quantification.txt,Primary Tumor
6aa8d46c-74d8-4978-b511-ffe9322399ff.mirbase21.mirnas.quantification.txt,Primary Tumor
a7a1bf70-f3cc-4d5f-acbe-11eedd1db804.mirbase21.mirnas.quantification.txt,Solid Tissue Normal
9f707d3b-a66b-4743-a17f-d6a195d83576.mirbase21.mirnas.quantification.txt,Primary Tumor
84b9ed3d-f898-4c6f-9f3b-7abd802b34ea.mirbase21.mirnas.quantification.txt,Primary Tumor
9b345f61-aac7-4398-b9ea-b0048b7a4ac7.mirbase21.mirnas.quantification.txt,Solid Tissue Normal
4dd6e8c5-da97-4910-b229-bbd6bb285521.mirbase21.mirnas.quantification.txt,Primary Tumor
782ca5e6-cdf6-4e11-ba9b-b3b91a9c0407.mirbase21.mirnas.quantification.txt,Primary Tumor
da6c68f3-9fe9-4c57-b31d-c0bc973c5ab3.mirbase21.mirnas.quantification.txt,Primary Tumor
12a1bd2a-d699-40ea-9f88-80caef3d6ef7.mirbase21.mirnas.quantification.txt,Primary Tumor
f1dfb3a9-48e6-4f27-bebf-244e03b3492a.mirbase21.mirnas.quantification.txt,Primary Tumor
de3c0f45-88f0-4778-849d-57f3bf7e2836.mirbase21.mirnas.quantification.txt,Primary Tumor
bfa61cd4-879a-4781-acb3-24b0eb478a55.mirbase21.mirnas.quantification.txt,Primary Tumor
04eee247-5c22-473d-a459-1810361e79bd.mirbase21.mirnas.quantification.txt,Primary Tumor
97ce7ad1-4b76-4a20-9b28-305dfa8f51c0.mirbase21.mirnas.quantification.txt,Solid Tissue Normal
10d98497-a3ff-44f5-a841-969a5b667ce1.mirbase21.mirnas.quantification.txt,Primary Tumor
18dcbed1-02db-4291-9a72-b4cfb69f5f75.mirbase21.mirnas.quantification.txt,Solid Tissue Normal
c155a72b-661e-464a-aa1e-8236d3923d6b.mirbase21.mirnas.quantification.txt,Primary Tumor
d3f0dd9f-84cd-4ade-ade8-d4c9f284656e.mirbase21.mirnas.quantification.txt,Solid Tissue Normal
10762b64-1009-428c-8c46-308643f692ad.mirbase21.mirnas.quantification.txt,Primary Tumor
f6ba6021-6504-4d4d-8b96-4009acd94195.mirbase21.mirnas.quantification.txt,Primary Tumor
f153de72-5b22-4210-bb71-0347f8369bfc.mirbase21.mirnas.quantification.txt,Primary Tumor
5e35b29e-ab79-4fd5-ac7a-8071af86f022.mirbase21.mirnas.quantification.txt,Primary Tumor
11a1a2a0-6720-4a22-b564-3b1366fe1666.mirbase21.mirnas.quantification.txt,Primary Tumor
248dbe37-9089-44f4-98ee-2e91dacd59eb.mirbase21.mirnas.quantification.txt,Solid Tissue Normal
0fd29c5b-3888-413a-8804-1342f55490d4.mirbase21.mirnas.quantification.txt,Primary Tumor
3d5a56ed-562d-4bd9-bf99-eee8bd3a596a.mirbase21.mirnas.quantification.txt,Additional - New Primary
c9dcc2e6-876d-4348-a87f-b5d5d92f9083.mirbase21.mirnas.quantification.txt,Primary Tumor
d2df290e-337a-4672-a642-ab328c828cec.mirbase21.mirnas.quantification.txt,Solid Tissue Normal
8111c0f0-da8e-480c-977d-a3f9116a6e02.mirbase21.mirnas.quantification.txt,Primary Tumor
e30e8551-9ef9-48f3-828a-943fbdb90919.mirbase21.mirnas.quantification.txt,Primary Tumor
eeeea2f9-c44d-44a9-a85a-65d544accde7.mirbase21.mirnas.quantification.txt,Primary Tumor
654c33a9-5d24-4e84-addd-8d55ecf6d3db.mirbase21.mirnas.quantification.txt,Solid Tissue Normal
b1e30e88-8c55-4d78-ad07-c0ae879fb566.mirbase21.mirnas.quantification.txt,Primary Tumor
5c5717a8-04ea-4dd0-98bf-bac1fa97f826.mirbase21.mirnas.quantification.txt,Primary Tumor
d5a47304-938a-4d6a-a2a7-a94ba53e6b1c.mirbase21.mirnas.quantification.txt,Primary Tumor
a0fd7639-4d7e-4cfe-a756-34afe6dcca09.mirbase21.mirnas.quantification.txt,Primary Tumor
3c851ba0-bc76-4173-a34c-335d1705ed47.mirbase21.mirnas.quantification.txt,Primary Tumor
0a194d47-4bc5-409c-a3d5-b45c1bf29499.mirbase21.mirnas.quantification.txt,Primary Tumor
a3ebd1c5-ceb5-4d5e-a93e-bfeaaf618acb.mirbase21.mirnas.quantification.txt,Primary Tumor
6a5e04a4-bfe3-4b38-9ed0-1c51233b7ba3.mirbase21.mirnas.quantification.txt,Primary Tumor
106e73dd-6b9e-4b30-8a21-159d1ba653b4.mirbase21.mirnas.quantification.txt,Primary Tumor
daa144f1-1004-4727-b8c0-72b5f64f8c44.mirbase21.mirnas.quantification.txt,Primary Tumor
29c0bb58-146f-4384-ab4a-e38f94d39087.mirbase21.mirnas.quantification.txt,Primary Tumor
ce4fd972-8205-49b7-89d8-7c4525b510b2.mirbase21.mirnas.quantification.txt,Primary Tumor
610772af-5680-48a3-a121-a11fac60f069.mirbase21.mirnas.quantification.txt,Primary Tumor
af7a7158-6102-468a-b6ab-d96232fd9b2d.mirbase21.mirnas.quantification.txt,Primary Tumor
2a92a715-1224-4ec6-b8b7-3a0445a99ed9.mirbase21.mirnas.quantification.txt,Solid Tissue Normal
19d7080d-fadb-4f62-9571-f705bb07e747.mirbase21.mirnas.quantification.txt,Primary Tumor
91547281-90e1-4684-8876-87c4728ca34f.mirbase21.mirnas.quantification.txt,Primary Tumor
b893ef98-adf0-4d91-8e02-7524811c03ee.mirbase21.mirnas.quantification.txt,Primary Tumor
beaec1e8-1c9b-4d05-87d4-cf716e841d29.mirbase21.mirnas.quantification.txt,Primary Tumor
766c9cbc-b230-43bf-844f-48310a5ba6b8.mirbase21.mirnas.quantification.txt,Primary Tumor
c7cda749-2d60-40a1-b4a4-c5ce39cea1ab.mirbase21.mirnas.quantification.txt,Primary Tumor
3bea967b-7a1a-4123-abd4-50c280ba634f.mirbase21.mirnas.quantification.txt,Primary Tumor
efe25bad-f4f2-46de-8812-62972ad556c0.mirbase21.mirnas.quantification.txt,Solid Tissue Normal
0e298f6f-903e-49c2-afc2-cdc8d256775d.mirbase21.mirnas.quantification.txt,Primary Tumor
4bdeb661-587e-47fc-9794-8633dd5dfadb.mirbase21.mirnas.quantification.txt,Primary Tumor
1197e738-1006-4e25-908b-9fc17d935f8c.mirbase21.mirnas.quantification.txt,Primary Tumor
015f3e81-5fbb-4e29-a0dc-82b7cac3dd04.mirbase21.mirnas.quantification.txt,Primary Tumor
8b1f51f9-2a75-4b33-a2e4-80552132f586.mirbase21.mirnas.quantification.txt,Solid Tissue Normal
dec2aaa6-8ab1-4824-8759-a63197eec867.mirbase21.mirnas.quantification.txt,Primary Tumor
52542a7b-d06a-48d4-ad0b-dba9a8137d07.mirbase21.mirnas.quantification.txt,Primary Tumor
1c8e3ae7-3a5c-4a94-aaae-6cb79afb70b1.mirbase21.mirnas.quantification.txt,Primary Tumor
c0b13930-6082-43a8-8e49-97fc27c90d58.mirbase21.mirnas.quantification.txt,Primary Tumor
573260b6-673e-43ad-99b1-2d1598dab44f.mirbase21.mirnas.quantification.txt,Primary Tumor
2882b10d-dc76-4940-9295-e268b88109b4.mirbase21.mirnas.quantification.txt,Primary Tumor
12d6e524-97df-4ffc-a333-9562bc2dcfc6.mirbase21.mirnas.quantification.txt,Primary Tumor
4d166b4d-c92b-4a81-889b-d71fddb999b5.mirbase21.mirnas.quantification.txt,Solid Tissue Normal
0e008e62-9056-4389-a933-2a761614a5ec.mirbase21.mirnas.quantification.txt,Primary Tumor
244bbd19-6f4d-4307-9cd8-ec0bf1c384f6.mirbase21.mirnas.quantification.txt,Primary Tumor
bbc1ee0e-f684-4d97-989a-3aa8e06c2f6e.mirbase21.mirnas.quantification.txt,Primary Tumor
822fd7b7-1466-4889-98b2-df0090cbba71.mirbase21.mirnas.quantification.txt,Primary Tumor
b3c57498-793f-43e4-90e7-0176ad6f12d6.mirbase21.mirnas.quantification.txt,Primary Tumor
558016ed-2189-4f62-9e21-6edb8df55df6.mirbase21.mirnas.quantification.txt,Primary Tumor
7ab45662-475e-4a9c-818e-e899c820b364.mirbase21.mirnas.quantification.txt,Primary Tumor
ab9f4a15-ee9a-470f-a030-bf868f66b05a.mirbase21.mirnas.quantification.txt,Primary Tumor
c5bd10fb-47f4-47df-8f57-09ab4787f694.mirbase21.mirnas.quantification.txt,Primary Tumor
1f9228de-689f-46ae-9a96-e0c4da1634dc.mirbase21.mirnas.quantification.txt,Primary Tumor
07bd788a-0dbe-4dfa-a8a9-3cc530c46381.mirbase21.mirnas.quantification.txt,Primary Tumor
771e354e-194f-4859-a880-93011cafcf72.mirbase21.mirnas.quantification.txt,Primary Tumor
b2a56afb-73ff-4d2e-8989-d0be957311fa.mirbase21.mirnas.quantification.txt,Solid Tissue Normal
e4b7d451-2c8d-47a4-ad6c-b450c37fae45.mirbase21.mirnas.quantification.txt,Primary Tumor
cb89cf4f-55a6-4e83-902d-4007e6d8bf4b.mirbase21.mirnas.quantification.txt,Solid Tissue Normal
1ff18bf6-280e-4a8a-a5b8-39db0a4959f6.mirbase21.mirnas.quantification.txt,Primary Tumor
4eb77f7a-e5fa-40ff-a21f-4d8b1f6ecaca.mirbase21.mirnas.quantification.txt,Primary Tumor
02a61138-7a12-419c-96fb-020142e9f96a.mirbase21.mirnas.quantification.txt,Primary Tumor
6a920e91-ae49-4cdb-95c8-e45908e4dc75.mirbase21.mirnas.quantification.txt,Solid Tissue Normal
c41fddc9-7fe8-44ad-9814-782a1b4306a6.mirbase21.mirnas.quantification.txt,Solid Tissue Normal
8bd1e017-fca3-4b26-98a9-9e16475b59cf.mirbase21.mirnas.quantification.txt,Primary Tumor
75ca17e3-40bc-447a-9739-9fe8b3434e83.mirbase21.mirnas.quantification.txt,Primary Tumor
68796cf6-3634-48d3-9ace-0646837b7e7e.mirbase21.mirnas.quantification.txt,Primary Tumor
09435745-3b07-444c-ae41-2ad0b0536201.mirbase21.mirnas.quantification.txt,Primary Tumor
ab78a72e-16f6-49ad-8ea2-15281ebc6373.mirbase21.mirnas.quantification.txt,Primary Tumor
89853412-0ee7-4355-be25-b1b8ca284790.mirbase21.mirnas.quantification.txt,Primary Tumor
5f7183e1-dd0a-46a2-8ae5-928bd58bafe4.mirbase21.mirnas.quantification.txt,Primary Tumor
2472feb9-258f-4b0c-8018-ce045ce5a9d8.mirbase21.mirnas.quantification.txt,Primary Tumor
31e37216-bf89-4055-a1ba-8a1b15dc0635.mirbase21.mirnas.quantification.txt,Primary Tumor
e911e08d-fa9a-46c5-b60e-0b79bd703d31.mirbase21.mirnas.quantification.txt,Primary Tumor
12b992ec-874e-4479-9391-364a960dee9a.mirbase21.mirnas.quantification.txt,Primary Tumor
7128748f-2177-41f1-aa76-d39a6df5b8ff.mirbase21.mirnas.quantification.txt,Primary Tumor
7c6edaf7-d72e-4c12-9b2b-429425d17670.mirbase21.mirnas.quantification.txt,Primary Tumor
315d48c0-2d64-47e8-8aab-a8c7a2df4d38.mirbase21.mirnas.quantification.txt,Primary Tumor
ed8dbe68-ecbd-4b97-ad88-ea160d9c7a67.mirbase21.mirnas.quantification.txt,Primary Tumor
33470e98-a905-49ad-9a99-462ab1ca7e14.mirbase21.mirnas.quantification.txt,Primary Tumor
0fa3dbf7-7fda-4b69-a2b8-c1cbcfc169e6.mirbase21.mirnas.quantification.txt,Primary Tumor
6cd259d1-63b7-48cd-9788-f1e881674cf3.mirbase21.mirnas.quantification.txt,Primary Tumor
1174ea7a-aeee-44df-a0a9-a4ff94187799.mirbase21.mirnas.quantification.txt,Primary Tumor
3c29c361-a7c0-49ec-852b-57e460f07959.mirbase21.mirnas.quantification.txt,Solid Tissue Normal
3ae9816e-47e1-4c5c-90e9-5526f3899f56.mirbase21.mirnas.quantification.txt,Primary Tumor
b95ce818-de70-49d2-98bb-a11c0cc20ddc.mirbase21.mirnas.quantification.txt,Primary Tumor
f86a7e1b-08a5-4dd1-8334-fbd440f62d7c.mirbase21.mirnas.quantification.txt,Primary Tumor
9124ded0-02b7-493d-9f02-84547d816204.mirbase21.mirnas.quantification.txt,Primary Tumor
e648025f-3613-4d7c-b180-a2c76c68883e.mirbase21.mirnas.quantification.txt,Primary Tumor
8f4e1b10-25d1-42e6-a48a-51ab46f2beac.mirbase21.mirnas.quantification.txt,Primary Tumor
a4009dca-a552-4339-ab39-8b36078b63ec.mirbase21.mirnas.quantification.txt,Primary Tumor
9336f4cb-846f-4b40-85b8-2e549373bd41.mirbase21.mirnas.quantification.txt,Primary Tumor
16a8dfea-9306-404d-acda-1817d0fa2fa2.mirbase21.mirnas.quantification.txt,Primary Tumor
e617342b-b463-4e70-8980-2843a239540d.mirbase21.mirnas.quantification.txt,Primary Tumor
b4eebf17-a5a6-47df-8903-628e5e27f50f.mirbase21.mirnas.quantification.txt,Primary Tumor
69bbe62d-813d-4fb0-bb8b-b2f15f91f208.mirbase21.mirnas.quantification.txt,Primary Tumor
a09bf736-b5ee-4564-8d5c-a80b0f15bc25.mirbase21.mirnas.quantification.txt,Primary Tumor
0ef500c8-5a65-4f93-96b3-0b6a4b7e994c.mirbase21.mirnas.quantification.txt,Primary Tumor
06d225ea-7a2d-41d9-bc4d-91debac54d43.mirbase21.mirnas.quantification.txt,Primary Tumor
1febabc7-5b90-48ff-9c5a-813cb5397bf5.mirbase21.mirnas.quantification.txt,Primary Tumor
d644249b-babb-4d70-bc62-4118338a086a.mirbase21.mirnas.quantification.txt,Primary Tumor
0d558f5e-f216-425e-907a-cd2696aee4ed.mirbase21.mirnas.quantification.txt,Primary Tumor
d00969cc-cb87-4d1c-bbd7-73fe817f98d5.mirbase21.mirnas.quantification.txt,Primary Tumor
d06a2fe3-a542-4181-b9db-77b52ab6ace4.mirbase21.mirnas.quantification.txt,Primary Tumor
3be97ce0-a66f-4d5a-a1dc-d35bb5377376.mirbase21.mirnas.quantification.txt,Primary Tumor
3d660a84-4402-4efd-a90e-5b53d70aff91.mirbase21.mirnas.quantification.txt,Primary Tumor
839387f4-80e2-4381-8f9c-4ebb56679326.mirbase21.mirnas.quantification.txt,Primary Tumor
1190ba39-eb39-4144-b2c2-643f072fb910.mirbase21.mirnas.quantification.txt,Primary Tumor
9bcbbd03-cf29-4474-840d-1d3acbe85da8.mirbase21.mirnas.quantification.txt,Primary Tumor
33ebd2d9-290e-4008-8f68-39eb0ced83a9.mirbase21.mirnas.quantification.txt,Primary Tumor
e0b5d7b1-b2cd-405d-b988-5bfa1f37ea04.mirbase21.mirnas.quantification.txt,Solid Tissue Normal
a59a3950-4a12-473a-9cee-8a108c2f9597.mirbase21.mirnas.quantification.txt,Primary Tumor
6472032a-4831-4a71-8b73-e4e186e29396.mirbase21.mirnas.quantification.txt,Primary Tumor
418159c1-30a8-4017-9944-62398716a198.mirbase21.mirnas.quantification.txt,Solid Tissue Normal
4ed3b94c-00ac-4504-85ea-5419199585d8.mirbase21.mirnas.quantification.txt,Primary Tumor
111c0733-57f6-4c97-9a4b-18bf29cbf3af.mirbase21.mirnas.quantification.txt,Primary Tumor
fb5efb58-8f8c-4852-81f4-84ef537f09a6.mirbase21.mirnas.quantification.txt,Primary Tumor
46a2669d-e511-4bab-82e1-f88dfc8d50fd.mirbase21.mirnas.quantification.txt,Primary Tumor
66bb76c6-c613-4d5a-bc0c-df86a7382c1e.mirbase21.mirnas.quantification.txt,Primary Tumor
c4bc43fc-2626-4077-94d7-dacc9237e85b.mirbase21.mirnas.quantification.txt,Solid Tissue Normal
ea701756-65db-412a-adc4-0ca748a584bc.mirbase21.mirnas.quantification.txt,Primary Tumor
d6abf193-8596-442a-a391-1821c0d6587e.mirbase21.mirnas.quantification.txt,Solid Tissue Normal
10a5c88e-d754-4f63-8991-3625750c2207.mirbase21.mirnas.quantification.txt,Primary Tumor
01700558-670d-4f13-b44d-13daf485df5e.mirbase21.mirnas.quantification.txt,Primary Tumor
eea2614d-95aa-4336-91f6-28b77fef5790.mirbase21.mirnas.quantification.txt,Primary Tumor
83d81a89-6e89-4c55-808f-6a122bfdebbe.mirbase21.mirnas.quantification.txt,Primary Tumor
a08dbac8-3732-4c2b-b484-e6cead30c606.mirbase21.mirnas.quantification.txt,Primary Tumor
9ff8316b-0f28-4ed7-8475-a4ba976e770e.mirbase21.mirnas.quantification.txt,Primary Tumor
cd0d3448-72ae-4a54-846b-084777231d0b.mirbase21.mirnas.quantification.txt,Primary Tumor
a73367d0-f256-41f8-9590-03d4f79c0e95.mirbase21.mirnas.quantification.txt,Solid Tissue Normal
63e472a2-c188-4a56-a5a7-817089fa3125.mirbase21.mirnas.quantification.txt,Primary Tumor
0fd00ec0-7307-4574-bd47-3e5f0c2cf43f.mirbase21.mirnas.quantification.txt,Primary Tumor
c27bac7a-3601-4100-94a0-1f75f38ee8c9.mirbase21.mirnas.quantification.txt,Primary Tumor
846ff523-9236-4b68-b077-6a52eac0717c.mirbase21.mirnas.quantification.txt,Primary Tumor
e51cbfb2-5288-4af2-9996-42124f21407c.mirbase21.mirnas.quantification.txt,Primary Tumor
faeed3af-d5b4-4a69-8dfb-208fdd79a50b.mirbase21.mirnas.quantification.txt,Primary Tumor
5ec65c28-83bb-49bc-8f36-dbda8fe63ddf.mirbase21.mirnas.quantification.txt,Primary Tumor
d261f0fa-a637-4c01-be2c-a5611fada60b.mirbase21.mirnas.quantification.txt,Primary Tumor
77b5fd9d-f288-47c0-a281-459dd4c2c90e.mirbase21.mirnas.quantification.txt,Primary Tumor
52807296-de53-40d9-8248-d381e80a6a90.mirbase21.mirnas.quantification.txt,Primary Tumor
1a8a23d0-29dc-4d01-ab90-7d2b268fce59.mirbase21.mirnas.quantification.txt,Primary Tumor