02d09d16-5e5a-4d9d-963c-5859315e6023.mirbase21.mirnas.quantification.txt,Primary Tumor
b2d17e99-d35b-4bd2-87a3-f87135048fae.mirbase21.mirnas.quantification.txt,Primary Tumor
c9ed9784-8393-4df6-8f37-a5be03669c3d.mirbase21.mirnas.quantification.txt,Primary Tumor
40e8a612-65e5-4fcd-b836-879510c5dfaf.mirbase21.mirnas.quantification.txt,Solid Tissue Normal
52832743-dae0-4e46-bc29-c70f461a5e60.mirbase21.mirnas.quantification.txt,Primary Tumor
1eb9f5e8-9ac3-454b-8c63-d4040d87eb2e.mirbase21.mirnas.quantification.txt,Primary Tumor
af206222-82e9-498c-9bd1-23d68cf30e64.mirbase21.mirnas.quantification.txt,Primary Tumor
9533971b-f059-4aec-979f-53da68b5d312.mirbase21.mirnas.quantification.txt,Primary Tumor
383b1f5e-651e-4f4d-9241-5c4b330a5184.mirbase21.mirnas.quantification.txt,Primary Tumor
6f73d11b-c0c0-4059-bea6-a9b896501a19.mirbase21.mirnas.quantification.txt,Primary Tumor
bdfd12a9-cc75-4714-ab33-1e784d07de50.mirbase21.mirnas.quantification.txt,Primary Tumor
5bb99078-09c8-4d10-80c8-6ce28b5b1431.mirbase21.mirnas.quantification.txt,Primary Tumor
ff7cd92c-77d0-4763-b235-663374894990.mirbase21.mirnas.quantification.txt,Primary Tumor
ea44663a-8213-475a-96a7-388a1336d8ba.mirbase21.mirnas.quantification.txt,Primary Tumor
aca86ddd-3dbc-4c4f-983c-96b39cf82560.mirbase21.mirnas.quantification.txt,Primary Tumor
e390957f-32d9-497b-9c43-52dc5e11219a.mirbase21.mirnas.quantification.txt,Primary Tumor
a070a1ad-53be-4574-b1e8-0a33fee84d99.mirbase21.mirnas.quantification.txt,Primary Tumor
27261a28-d8a7-4aa4-8b0a-028f0b038486.mirbase21.mirnas.quantification.txt,Primary Tumor
b04c6179-5e1a-4def-bc45-90558b394a21.mirbase21.mirnas.quantification.txt,Primary Tumor
a151175e-11b0-4ea1-a70d-5e803ba64b1d.mirbase21.mirnas.quantification.txt,Primary Tumor
03143e09-b5e5-4cea-bb79-6f016da1fe3a.mirbase21.mirnas.quantification.txt,Primary Tumor
27e7d519-6ec2-4f9d-8f95-3f89ff5a7382.mirbase21.mirnas.quantification.txt,Primary Tumor
6ec36b37-f3f8-44cc-8306-14581b78222b.mirbase21.mirnas.quantification.txt,Primary Tumor
49c03a76-913a-4d4a-9e90-a05e05c9471d.mirbase21.mirnas.quantification.txt,Primary Tumor
c36c20f6-3a1f-485f-93d1-fef32590367f.mirbase21.mirnas.quantification.txt,Primary Tumor
4f891294-41ea-4556-81e0-e302b23933cf.mirbase21.mirnas.quantification.txt,Primary Tumor
9c7d1a38-8681-428c-92a4-2e25f69c4426.mirbase21.mirnas.quantification.txt,Primary Tumor
a9a8e5af-cfdc-4ff3-8cff-28be61e254ac.mirbase21.mirnas.quantification.txt,Primary Tumor
f7f8c1ac-96cb-49bf-a485-dc8404105191.mirbase21.mirnas.quantification.txt,Primary Tumor
8b8f8870-db9d-40e4-ac1e-0f8939fe33c6.mirbase21.mirnas.quantification.txt,Primary Tumor
a76951f9-752c-46e0-80f3-8f7ec736517a.mirbase21.mirnas.quantification.txt,Primary Tumor
500ea92a-9419-4b24-9872-2ea52caa57f6.mirbase21.mirnas.quantification.txt,Primary Tumor
26430cf4-543a-425c-99ad-f2897a850aea.mirbase21.mirnas.quantification.txt,Primary Tumor
ff2c34e5-cd30-4bc5-bda7-dda749ed0eeb.mirbase21.mirnas.quantification.txt,Primary Tumor
fad661ce-7835-444c-9205-f93085723284.mirbase21.mirnas.quantification.txt,Primary Tumor
7ce5abdc-78da-4f44-98b4-635c84898e3c.mirbase21.mirnas.quantification.txt,Primary Tumor
78f528c8-f036-4aca-b1bd-26e96e8ecdbc.mirbase21.mirnas.quantification.txt,Primary Tumor
0e93f98e-61d9-429a-97c9-fb038adc628f.mirbase21.mirnas.quantification.txt,Primary Tumor
a5b64d9b-e61c-43a9-a501-b56426bf2082.mirbase21.mirnas.quantification.txt,Primary Tumor
e4c90512-0e06-4517-95fe-c10b999f5f81.mirbase21.mirnas.quantification.txt,Primary Tumor
583b0e63-4946-4de0-b75c-842006c67d6a.mirbase21.mirnas.quantification.txt,Primary Tumor
3cc55495-cb0b-489e-8c03-c6858b4e2765.mirbase21.mirnas.quantification.txt,Primary Tumor
a56674bc-71b0-47e2-9cf5-3a312e81ec0a.mirbase21.mirnas.quantification.txt,Primary Tumor
979c3a0a-2e28-4848-aa90-c4d8bd085192.mirbase21.mirnas.quantification.txt,Primary Tumor
5f0183e5-bd0a-42fa-b2b3-c7097a135c13.mirbase21.mirnas.quantification.txt,Primary Tumor
a16ad38a-6ee4-4a87-a12a-56cd0acd3518.mirbase21.mirnas.quantification.txt,Primary Tumor
f72fe51e-7fa1-41e9-b906-5fd6c0bd67f2.mirbase21.mirnas.quantification.txt,Primary Tumor
9a24b33a-33e4-4bba-81be-cc37f5bd7e8f.mirbase21.mirnas.quantification.txt,Primary Tumor
b6813a98-5d95-4441-bd69-f053c92e8f27.mirbase21.mirnas.quantification.txt,Primary Tumor
cc0bf161-b962-4988-b921-6f5d6725702c.mirbase21.mirnas.quantification.txt,Primary Tumor
d0b6bf8b-b8b0-4d16-8c1a-4a3b3507fb14.mirbase21.mirnas.quantification.txt,Solid Tissue Normal
c20c5f2c-d2a8-4069-91c7-b81d71fb7601.mirbase21.mirnas.quantification.txt,Primary Tumor
d83e165f-72b3-4b6e-b18b-881bfff3589a.mirbase21.mirnas.quantification.txt,Primary Tumor
0dae804e-9318-4680-8839-b747282e2885.mirbase21.mirnas.quantification.txt,Primary Tumor
8a66f451-5529-47a5-86ee-9ba8761739fc.mirbase21.mirnas.quantification.txt,Primary Tumor
42bacae0-6c7d-4f8f-90b3-0c9a446c69d5.mirbase21.mirnas.quantification.txt,Primary Tumor
c874a1f0-4a23-4772-887a-72208c711c64.mirbase21.mirnas.quantification.txt,Recurrent Tumor
986c5a71-6af3-4ff5-af99-4a5362cbb08b.mirbase21.mirnas.quantification.txt,Recurrent Tumor
1a251feb-6ab7-4f0c-af70-1982f1d844ee.mirbase21.mirnas.quantification.txt,Primary Tumor
8ebaac55-efbf-4abe-a616-3fb5853be418.mirbase21.mirnas.quantification.txt,Primary Tumor
82a5b0fa-7a93-42f4-a9da-c195998203bf.mirbase21.mirnas.quantification.txt,Primary Tumor
a40b7a69-5437-4c6a-b84c-df44cd389c2d.mirbase21.mirnas.quantification.txt,Primary Tumor
397a0e07-2aaa-4350-8250-97aae1d432ee.mirbase21.mirnas.quantification.txt,Solid Tissue Normal
359c393d-f522-462f-b476-d8f158566038.mirbase21.mirnas.quantification.txt,Primary Tumor
e48b2770-6f4e-4b3c-9a65-7f9d8a9b6124.mirbase21.mirnas.quantification.txt,Primary Tumor
2b9e6cab-267c-4b13-bda5-6c2795648419.mirbase21.mirnas.quantification.txt,Primary Tumor
3576181c-00cb-4ced-a01e-98e36c5ccb47.mirbase21.mirnas.quantification.txt,Primary Tumor
17a97808-a8f7-4c49-a471-46ac9c44540f.mirbase21.mirnas.quantification.txt,Primary Tumor
ea66d60b-c21a-4899-997e-e54b733673a5.mirbase21.mirnas.quantification.txt,Solid Tissue Normal
15d68565-07c1-48a6-ae7a-c50554117271.mirbase21.mirnas.quantification.txt,Primary Tumor
03a67e6e-2788-4676-8f8d-fd4b4a2ab207.mirbase21.mirnas.quantification.txt,Primary Tumor
3cab1095-053c-4c07-92c2-05ff34e8cf39.mirbase21.mirnas.quantification.txt,Solid Tissue Normal
7ad6fce7-22f0-4da1-8d9e-c4f6968fb606.mirbase21.mirnas.quantification.txt,Primary Tumor
62a05ead-a7e0-4dba-ac7e-d55ea3802305.mirbase21.mirnas.quantification.txt,Primary Tumor
6bee6719-9ee9-4561-8c59-1667f2632d52.mirbase21.mirnas.quantification.txt,Primary Tumor
80c2311b-57f0-41b9-a066-f36310e34c93.mirbase21.mirnas.quantification.txt,Primary Tumor
ce3ca9b0-9356-482a-8e26-4494bf071ac2.mirbase21.mirnas.quantification.txt,Primary Tumor
991e8d57-55d8-4882-be48-d25f14caa337.mirbase21.mirnas.quantification.txt,Primary Tumor
b80f0918-7128-4b02-a481-ce03bd9f66d4.mirbase21.mirnas.quantification.txt,Primary Tumor
394f3b80-4109-49ad-b6e6-740735852656.mirbase21.mirnas.quantification.txt,Primary Tumor
a8a3015d-9acf-4391-a356-60e11916382d.mirbase21.mirnas.quantification.txt,Primary Tumor
0bb4da57-ea6b-42f6-bcc4-83d9dcc3a61c.mirbase21.mirnas.quantification.txt,Primary Tumor
54504827-f0cb-474a-99a7-5f51a0fce0cb.mirbase21.mirnas.quantification.txt,Primary Tumor
dcce94e4-c58a-413b-9997-2926da57c1a0.mirbase21.mirnas.quantification.txt,Primary Tumor
b0354201-e6f5-4e3e-82a0-e52004ae4627.mirbase21.mirnas.quantification.txt,Primary Tumor
0883bceb-9610-45aa-be13-cd33b5f72f17.mirbase21.mirnas.quantification.txt,Primary Tumor
cb2f5baf-965c-4d3a-b3da-ae81a765a573.mirbase21.mirnas.quantification.txt,Solid Tissue Normal
29ff8d60-f6e8-4af5-87c5-afb5982f7fea.mirbase21.mirnas.quantification.txt,Primary Tumor
5ef61536-fc67-417b-a93a-521c0a518441.mirbase21.mirnas.quantification.txt,Primary Tumor
56d1bce5-12cf-4634-8031-71cbe49cdc87.mirbase21.mirnas.quantification.txt,Primary Tumor
94cf0aec-2bff-4c96-94fc-7f79f1997dd5.mirbase21.mirnas.quantification.txt,Solid Tissue Normal
092c7bb9-0d2d-4bc6-a9b9-7ca5f6adc721.mirbase21.mirnas.quantification.txt,Primary Tumor
bbb9946b-cdb3-4baf-b6d8-4de40280dfe9.mirbase21.mirnas.quantification.txt,Primary Tumor
9964e88d-3bd6-4732-83d1-47996e3edc33.mirbase21.mirnas.quantification.txt,Primary Tumor
c8b127d4-c7c0-4d10-b5f5-fac6b08a54e0.mirbase21.mirnas.quantification.txt,Primary Tumor
92b5c325-e74e-478a-9042-918d4021402c.mirbase21.mirnas.quantification.txt,Primary Tumor
83649224-ec30-493c-80ca-b0334d1feb22.mirbase21.mirnas.quantification.txt,Primary Tumor
5fad541b-0a85-4569-a998-0c85783d2b6d.mirbase21.mirnas.quantification.txt,Primary Tumor
718c9279-60a5-464c-b2fa-3e4093ba0c82.mirbase21.mirnas.quantification.txt,Primary Tumor
ea6d4198-dce5-4974-8670-8431d51278aa.mirbase21.mirnas.quantification.txt,Primary Tumor
3f72e70d-9a02-4e0d-bf6a-54c0571feb6f.mirbase21.mirnas.quantification.txt,Primary Tumor
abd0c7a6-54da-4fa7-bbef-c09b851b051f.mirbase21.mirnas.quantification.txt,Solid Tissue Normal
17b55c6c-0cb8-4ac9-98a0-a11e132c2ef9.mirbase21.mirnas.quantification.txt,Primary Tumor
2adb35ac-1ec2-45c9-837a-efc4eb7595be.mirbase21.mirnas.quantification.txt,Primary Tumor
72c184e6-0ce3-4b0a-954c-ce0bc4bf9770.mirbase21.mirnas.quantification.txt,Primary Tumor
a283a0b1-5017-46a4-887e-61d252d0852c.mirbase21.mirnas.quantification.txt,Primary Tumor
e1d950e4-8a82-4f29-b5d4-c900e4d6b6e2.mirbase21.mirnas.quantification.txt,Primary Tumor
8a06b6b5-2dca-4127-adb3-4a5a325b844c.mirbase21.mirnas.quantification.txt,Primary Tumor
ecdc85cf-62a3-4620-ab6d-a0d493b8378f.mirbase21.mirnas.quantification.txt,Primary Tumor
943c6db7-635b-42bf-919d-c5698d69d3f7.mirbase21.mirnas.quantification.txt,Primary Tumor
8932fca5-b6ea-4523-b4ab-a64cb53c4fcc.mirbase21.mirnas.quantification.txt,Primary Tumor
43529af3-1a79-4746-beb0-f7e6f6e4494b.mirbase21.mirnas.quantification.txt,Solid Tissue Normal
5a91b852-33c5-4b9d-9a66-556225bc37ff.mirbase21.mirnas.quantification.txt,Primary Tumor
cde91b00-ef02-4bf7-ba86-cea7b09ad1b8.mirbase21.mirnas.quantification.txt,Primary Tumor
93eee06c-72d2-4e9a-a22b-87778b4c670d.mirbase21.mirnas.quantification.txt,Primary Tumor
adcaa95e-63a9-4fe5-9f1b-7691806a5e09.mirbase21.mirnas.quantification.txt,Primary Tumor
34f04a31-ce87-49c8-88a9-23761b370a79.mirbase21.mirnas.quantification.txt,Primary Tumor
9770e617-ca2b-45e8-8aee-5451d7a98d08.mirbase21.mirnas.quantification.txt,Primary Tumor
9169fcfd-1d80-457f-94ff-9280d3820767.mirbase21.mirnas.quantification.txt,Primary Tumor
e506c101-f715-4ec6-97e0-c06b57b1aa4b.mirbase21.mirnas.quantification.txt,Primary Tumor
c201e9d6-600d-405a-84ff-fb7011c9379d.mirbase21.mirnas.quantification.txt,Primary Tumor
db841100-f796-4bff-8ca7-ff76d73f100c.mirbase21.mirnas.quantification.txt,Primary Tumor
acf3d05a-0ca4-4fee-8f07-44b93017b5fd.mirbase21.mirnas.quantification.txt,Primary Tumor
8c7295bb-90cf-4fb3-a177-9f119a251021.mirbase21.mirnas.quantification.txt,Primary Tumor
b53da069-da4d-4c2a-a8de-3ccdaaf6eb45.mirbase21.mirnas.quantification.txt,Primary Tumor
d87dd38a-7821-46ad-bf0a-05357d7c8e31.mirbase21.mirnas.quantification.txt,Primary Tumor
2844d435-3e7f-4fd1-8750-e1a8a60113fb.mirbase21.mirnas.quantification.txt,Primary Tumor
58e3480f-4db5-4661-9e5f-6fcf020c255b.mirbase21.mirnas.quantification.txt,Primary Tumor
d61a613f-28a1-4a43-ba05-d1a97b66f9f3.mirbase21.mirnas.quantification.txt,Solid Tissue Normal
412bf7ff-29d9-44be-a605-cd503334690d.mirbase21.mirnas.quantification.txt,Primary Tumor
18912712-285a-4063-9e71-c78b24fe2473.mirbase21.mirnas.quantification.txt,Solid Tissue Normal
eab498eb-bd1e-4044-9a20-1299b7cfa505.mirbase21.mirnas.quantification.txt,Primary Tumor
5ea09d8e-b18f-4ac6-8f56-a4804ac268c5.mirbase21.mirnas.quantification.txt,Primary Tumor
3964db61-d2f1-43c1-ae2d-76be0e2908a4.mirbase21.mirnas.quantification.txt,Primary Tumor
7f1e1a91-aa48-4fdb-bb19-cbc09dd557b3.mirbase21.mirnas.quantification.txt,Primary Tumor
6bd6a451-df95-439e-8e6f-b802716ad6fe.mirbase21.mirnas.quantification.txt,Primary Tumor
70e9d4c3-f430-4d93-9b91-887aecc22c53.mirbase21.mirnas.quantification.txt,Primary Tumor
2f1713bc-4214-48c2-8ae5-f14c3862c469.mirbase21.mirnas.quantification.txt,Primary Tumor
0ad7de9f-5762-408a-9396-3d6508d66113.mirbase21.mirnas.quantification.txt,Primary Tumor
39e7493d-bff8-4207-8dbb-47bb904091db.mirbase21.mirnas.quantification.txt,Primary Tumor
2233f072-da5c-4a4c-9780-5d44c405063c.mirbase21.mirnas.quantification.txt,Primary Tumor
67a5165d-0e1f-4e3b-aaf5-7b1dc1d78c46.mirbase21.mirnas.quantification.txt,Primary Tumor
4ae84788-7325-49b6-b203-99556411adb6.mirbase21.mirnas.quantification.txt,Primary Tumor
86053d87-2e30-43f8-8122-80b106d0ece1.mirbase21.mirnas.quantification.txt,Solid Tissue Normal
1bbd61b2-e53c-4253-b21a-64476da33b76.mirbase21.mirnas.quantification.txt,Primary Tumor
96bb382e-1568-4254-a5b3-3ac82b18941b.mirbase21.mirnas.quantification.txt,Primary Tumor
efbb2c7f-fc73-4115-a161-b76fec920b49.mirbase21.mirnas.quantification.txt,Primary Tumor
ac615e2d-87bb-4d61-b1e7-64db75196c16.mirbase21.mirnas.quantification.txt,Primary Tumor
6a977249-94ab-48da-9668-f69f8465396a.mirbase21.mirnas.quantification.txt,Primary Tumor
e99c958b-8470-4cce-a431-8bb4575797b0.mirbase21.mirnas.quantification.txt,Primary Tumor
32ad6800-b6d0-43d4-bf5e-332ab2927739.mirbase21.mirnas.quantification.txt,Primary Tumor
66485330-03b4-4028-ab51-89cfcc028998.mirbase21.mirnas.quantification.txt,Primary Tumor
c0d60dd9-776e-4c40-8898-179e14d597a4.mirbase21.mirnas.quantification.txt,Primary Tumor
4468ae63-f2d9-4ddb-9d9b-8809b7af8dde.mirbase21.mirnas.quantification.txt,Primary Tumor
487a666a-91a5-4865-96fa-bca3391b5ed7.mirbase21.mirnas.quantification.txt,Primary Tumor
191bae10-9f2a-40ef-aed7-349901cb9097.mirbase21.mirnas.quantification.txt,Primary Tumor
849d6286-68b5-4f23-933f-cb16233182f6.mirbase21.mirnas.quantification.txt,Primary Tumor
96d02c57-f553-4677-84fd-5e3f3187942b.mirbase21.mirnas.quantification.txt,Primary Tumor
fce8c96b-2490-4ac7-8dc8-85ae1d467aa0.mirbase21.mirnas.quantification.txt,Solid Tissue Normal
1c56012f-ac4e-4385-8db0-d6b99d932dca.mirbase21.mirnas.quantification.txt,Primary Tumor
2e99a80a-5419-4962-8de7-2c1719385498.mirbase21.mirnas.quantification.txt,Primary Tumor
59bc176f-d882-4a02-9383-7bd4c63a1f24.mirbase21.mirnas.quantification.txt,Primary Tumor
83710382-1a90-40ba-a7dc-83a298093892.mirbase21.mirnas.quantification.txt,Primary Tumor
23f0a16f-a9e0-484b-b605-d98c1bbf3e8b.mirbase21.mirnas.quantification.txt,Primary Tumor
271f459e-7601-4223-9f2e-2633b7434566.mirbase21.mirnas.quantification.txt,Primary Tumor
248a77b0-118c-4097-b6ea-5550f11fc304.mirbase21.mirnas.quantification.txt,Primary Tumor
e965389c-978f-4429-a424-6577705c7501.mirbase21.mirnas.quantification.txt,Primary Tumor
f1a9ddc7-d348-45e5-bb51-c0a27b94ed4e.mirbase21.mirnas.quantification.txt,Primary Tumor
7bd84371-ef67-48d7-94ff-4269ff901518.mirbase21.mirnas.quantification.txt,Primary Tumor
6308fe4c-f116-4331-a353-4beef7e208c0.mirbase21.mirnas.quantification.txt,Primary Tumor
aa788683-c450-4324-b955-f9c37943622b.mirbase21.mirnas.quantification.txt,Primary Tumor
5edba520-5738-48bd-ac79-bdaedada2ebc.mirbase21.mirnas.quantification.txt,Primary Tumor
de1a7fe5-a943-438d-adbe-c6f546dba34d.mirbase21.mirnas.quantification.txt,Primary Tumor
2408a145-2389-4920-8275-f55028477272.mirbase21.mirnas.quantification.txt,Solid Tissue Normal
96cba414-a0c4-4699-85ea-22dce0c73355.mirbase21.mirnas.quantification.txt,Primary Tumor
78bd6a83-4790-4e02-810d-f0ada082b4fa.mirbase21.mirnas.quantification.txt,Primary Tumor
a2de32df-8442-4a1b-baf6-6dabcfd85c17.mirbase21.mirnas.quantification.txt,Primary Tumor
524eabdf-de41-43d2-9aba-fcdc5eb804d3.mirbase21.mirnas.quantification.txt,Primary Tumor
c3afbb5e-ca67-4066-ab1c-40da03559d36.mirbase21.mirnas.quantification.txt,Primary Tumor
7d11f015-f4ee-439e-87b5-e3844e6d1f04.mirbase21.mirnas.quantification.txt,Primary Tumor
e64cb35d-cd67-41c0-8795-5b32c02d997a.mirbase21.mirnas.quantification.txt,Primary Tumor
c7fbfb74-296f-45b7-bfc4-0d51ef2a81e2.mirbase21.mirnas.quantification.txt,Recurrent Tumor
37be4551-2938-4c1b-906b-396a8ba94095.mirbase21.mirnas.quantification.txt,Primary Tumor
1d255947-1b6d-4ef4-a892-5b73b847e820.mirbase21.mirnas.quantification.txt,Primary Tumor
5f990734-d72b-4d4d-ab34-2750b8c112e3.mirbase21.mirnas.quantification.txt,Primary Tumor
ad114591-0409-4bc5-8f0b-dbb44a5ad0eb.mirbase21.mirnas.quantification.txt,Primary Tumor
1130990d-3295-4019-a8e2-1cc827aa76ca.mirbase21.mirnas.quantification.txt,Primary Tumor
0847bfd1-e96b-4246-9e9d-ee7e121e93d7.mirbase21.mirnas.quantification.txt,Primary Tumor
45f7ed20-6d17-4bbd-b526-bf0a7f3a30f3.mirbase21.mirnas.quantification.txt,Primary Tumor
8683ecdf-a591-4b9a-8421-02a763848b41.mirbase21.mirnas.quantification.txt,Primary Tumor
379fc46a-2ed8-4b30-bf3a-501746ed820b.mirbase21.mirnas.quantification.txt,Primary Tumor
b3c65989-3437-43f4-a60e-3c83ef8bfe11.mirbase21.mirnas.quantification.txt,Primary Tumor
369d9ca8-1583-4490-b0c4-3072d9f8cee1.mirbase21.mirnas.quantification.txt,Primary Tumor
a09e7d02-5f22-4307-9f97-ac8d1e209c26.mirbase21.mirnas.quantification.txt,Primary Tumor
aeaebde8-5fbb-42ff-9201-7dbcb63987c4.mirbase21.mirnas.quantification.txt,Primary Tumor
93e57b40-82ef-4723-bb9e-eacbb0011e01.mirbase21.mirnas.quantification.txt,Primary Tumor
354872f0-cdae-4c0d-8480-cdb607884751.mirbase21.mirnas.quantification.txt,Primary Tumor
74e525d4-d88d-4ddd-b5b5-652fd172f1ce.mirbase21.mirnas.quantification.txt,Primary Tumor
8c2656f8-a22b-44e4-b1b5-42b376062557.mirbase21.mirnas.quantification.txt,Solid Tissue Normal
08797325-53a1-4f07-8282-a400bf801525.mirbase21.mirnas.quantification.txt,Primary Tumor
3fb17e7c-311e-438b-9ddc-a07c3102a1ca.mirbase21.mirnas.quantification.txt,Solid Tissue Normal
cd0d5df3-bf9f-492b-8dee-0fb9f5954e77.mirbase21.mirnas.quantification.txt,Primary Tumor
5a5895ab-6690-4686-a918-9fce6858e69f.mirbase21.mirnas.quantification.txt,Primary Tumor
bcb8ac97-0173-475b-aaf6-ab2e7df9bea2.mirbase21.mirnas.quantification.txt,Primary Tumor
99c2dd95-0ea8-4159-8dc2-1ed74d2f98ad.mirbase21.mirnas.quantification.txt,Primary Tumor
3ec71687-7091-4bc3-9d68-eb400ee34eb8.mirbase21.mirnas.quantification.txt,Primary Tumor
4e1c557a-767a-42e6-b0bd-c8e25fa23491.mirbase21.mirnas.quantification.txt,Primary Tumor
ec845651-28b8-4f1e-9612-123a06506aa4.mirbase21.mirnas.quantification.txt,Primary Tumor
6debe1b4-9c59-4818-a15a-3619bcbef0f8.mirbase21.mirnas.quantification.txt,Primary Tumor
de853b0c-bf97-423e-966b-5ecac6460da9.mirbase21.mirnas.quantification.txt,Primary Tumor
c8cf3427-099c-417f-8b4a-c05782bf57a1.mirbase21.mirnas.quantification.txt,Primary Tumor
9c644f65-0ebb-4862-98a9-308b81c8fb26.mirbase21.mirnas.quantification.txt,Primary Tumor
9b0502d5-f003-48e3-b936-c688800758fe.mirbase21.mirnas.quantification.txt,Primary Tumor
86e6bb39-2e99-460d-98a0-5cd1fe4f0927.mirbase21.mirnas.quantification.txt,Primary Tumor
9544a26b-3c44-44db-958f-444a62b5aee8.mirbase21.mirnas.quantification.txt,Primary Tumor
781988c7-83c1-491e-9122-b75f5e78c96b.mirbase21.mirnas.quantification.txt,Primary Tumor
cadddce5-0b78-4632-854d-393a196e8d42.mirbase21.mirnas.quantification.txt,Primary Tumor
6e21987e-242f-47ad-ae69-b81c99cbe578.mirbase21.mirnas.quantification.txt,Primary Tumor
bbd7a051-b040-4622-8a3b-d4a139a4d1da.mirbase21.mirnas.quantification.txt,Primary Tumor
6a18967a-f620-468b-b24f-9f20be5b9a32.mirbase21.mirnas.quantification.txt,Primary Tumor
455502e4-9e9b-48b5-a6be-1a722de47909.mirbase21.mirnas.quantification.txt,Primary Tumor
bcee2b22-b36a-4df1-b479-7bc569ad7fb6.mirbase21.mirnas.quantification.txt,Primary Tumor
039fa257-824f-4ed9-afef-3eda8149d2d9.mirbase21.mirnas.quantification.txt,Primary Tumor
61e93f10-1af1-47db-8a46-61aab938adad.mirbase21.mirnas.quantification.txt,Primary Tumor
0644e07b-831c-436a-b3cb-83d79a48820b.mirbase21.mirnas.quantification.txt,Primary Tumor
516c902d-f4ac-4a9b-8913-4425aa2b25d0.mirbase21.mirnas.quantification.txt,Primary Tumor
f972e4dd-a966-48ea-a52f-240084fa7aa9.mirbase21.mirnas.quantification.txt,Primary Tumor
b9eb1d95-fe8a-4baa-9d57-f610c1ed5345.mirbase21.mirnas.quantification.txt,Solid Tissue Normal
820f4603-0895-4741-865c-fdd98fbcb4fb.mirbase21.mirnas.quantification.txt,Primary Tumor
cb397725-dd14-428f-a0db-ea518d15ea68.mirbase21.mirnas.quantification.txt,Primary Tumor
dc4a6111-da4a-490a-a558-37e1a9918773.mirbase21.mirnas.quantification.txt,Primary Tumor
2a557cae-3241-4c06-a07f-d50c58e64ea8.mirbase21.mirnas.quantification.txt,Primary Tumor
76c953d7-7e2e-423b-b6e6-46f2b0faad96.mirbase21.mirnas.quantification.txt,Primary Tumor
667d4cd7-8532-41e8-a66c-1da3740604f4.mirbase21.mirnas.quantification.txt,Primary Tumor
c09b4cf3-f097-4ab0-9058-6887326ee3c6.mirbase21.mirnas.quantification.txt,Primary Tumor
d56eae47-6e27-4938-92dd-e3b5c69d2480.mirbase21.mirnas.quantification.txt,Primary Tumor
74a33529-dde1-4aa5-849f-c8011c4bc26b.mirbase21.mirnas.quantification.txt,Primary Tumor
5d6ca5f2-fa4c-489c-8df2-6f4f9df4b18a.mirbase21.mirnas.quantification.txt,Primary Tumor
0777899a-fe18-4b82-ab1f-9b8f90c5f65d.mirbase21.mirnas.quantification.txt,Primary Tumor
db9e753d-f9b3-409d-8b18-26c4f8a433c4.mirbase21.mirnas.quantification.txt,Primary Tumor
26ed5a27-73f0-441f-bb31-f61d80ca1d51.mirbase21.mirnas.quantification.txt,Solid Tissue Normal
d8cb4b80-dee8-492f-85f1-80d057bb8491.mirbase21.mirnas.quantification.txt,Primary Tumor
083f1b5b-2032-41e0-957f-1d9c57544459.mirbase21.mirnas.quantification.txt,Primary Tumor
e9307701-8161-4e20-8922-6a4a9012bd6b.mirbase21.mirnas.quantification.txt,Primary Tumor
186eef89-94fb-4a1c-9a81-f37733cea0f6.mirbase21.mirnas.quantification.txt,Primary Tumor
369005cb-f8ec-47b0-b0c5-78b6c96419db.mirbase21.mirnas.quantification.txt,Primary Tumor
61e3dd1f-0928-4e9b-9cdf-88521223011f.mirbase21.mirnas.quantification.txt,Primary Tumor
47e1a1e5-2faf-4617-8c8c-4653846d8196.mirbase21.mirnas.quantification.txt,Primary Tumor
293a8556-f8f1-47a2-ac91-a374da82d8c9.mirbase21.mirnas.quantification.txt,Primary Tumor
a37291cc-6784-4d48-b4a0-27d2350c2dc5.mirbase21.mirnas.quantification.txt,Primary Tumor
66aff8a7-d401-44e9-99be-ef0e8d3d211c.mirbase21.mirnas.quantification.txt,Primary Tumor
de0f9891-174c-4b34-a73a-d91b614d7703.mirbase21.mirnas.quantification.txt,Primary Tumor
802d73fc-b3e8-4eb0-ae3e-16db43c7c207.mirbase21.mirnas.quantification.txt,Primary Tumor
5e78bdca-c018-460b-ba96-a5d7a71a6e76.mirbase21.mirnas.quantification.txt,Primary Tumor
ed7def30-5c70-4235-a8b1-0d780fd9db93.mirbase21.mirnas.quantification.txt,Primary Tumor
86924ac9-d465-4f2b-9fdf-a93b92769fcf.mirbase21.mirnas.quantification.txt,Solid Tissue Normal
982dd56f-fbe2-4ca5-8b6d-1028faec1872.mirbase21.mirnas.quantification.txt,Primary Tumor
d0378554-ee39-4846-b1c1-1249b1725d2d.mirbase21.mirnas.quantification.txt,Primary Tumor
d5f883b0-f230-4afb-bcbb-68d9310afc1b.mirbase21.mirnas.quantification.txt,Primary Tumor
2b8ce171-41a0-4a37-9fdc-55bbfaa53ea0.mirbase21.mirnas.quantification.txt,Primary Tumor
003a196f-0773-4e8f-8909-bcd66e4a57b1.mirbase21.mirnas.quantification.txt,Primary Tumor
450198c1-92fc-4460-9430-eb9ab8458b50.mirbase21.mirnas.quantification.txt,Primary Tumor
c0dc9da0-5321-4ea3-a240-a17fb715208d.mirbase21.mirnas.quantification.txt,Primary Tumor
cda2f20a-eefd-4222-8ecb-2dfdec801e34.mirbase21.mirnas.quantification.txt,Primary Tumor
3372c1f7-4eb2-4edc-9b12-8804394c6ed2.mirbase21.mirnas.quantification.txt,Primary Tumor
95bc7f9d-12d4-41ef-b9a0-24d24c4b6a61.mirbase21.mirnas.quantification.txt,Primary Tumor
bcf3b757-c820-42f6-92b7-de59611b23b2.mirbase21.mirnas.quantification.txt,Primary Tumor
5eb4d768-57c9-4ae6-8ad0-fdec9cb5ddc0.mirbase21.mirnas.quantification.txt,Primary Tumor
74ba733b-d534-4acf-8b41-aed84a626897.mirbase21.mirnas.quantification.txt,Solid Tissue Normal
901e4374-c44c-4069-8458-59b29947023a.mirbase21.mirnas.quantification.txt,Primary Tumor
f0028780-8670-4888-88da-8f2376777cc1.mirbase21.mirnas.quantification.txt,Solid Tissue Normal
777d840d-5f6d-4ff6-ae84-31da3c44e2da.mirbase21.mirnas.quantification.txt,Primary Tumor
7399f891-6d29-4a2b-b143-4f43ec99e2d0.mirbase21.mirnas.quantification.txt,Primary Tumor
0a96c3ce-15cb-4b73-9048-6456503e658f.mirbase21.mirnas.quantification.txt,Primary Tumor
bb405508-0f6a-4353-8c87-887be99855d5.mirbase21.mirnas.quantification.txt,Primary Tumor
a274e7d2-8690-4ada-812e-aa34b5193c1f.mirbase21.mirnas.quantification.txt,Primary Tumor
f48e205c-4a87-4bbc-af09-75836ab10605.mirbase21.mirnas.quantification.txt,Primary Tumor
00b95bbf-a84b-47c3-9060-60110d92e1eb.mirbase21.mirnas.quantification.txt,Primary Tumor
5150ee00-a2b3-4cc5-a619-9676604c66c1.mirbase21.mirnas.quantification.txt,Primary Tumor
b10f89c0-3a9a-4b2f-b953-f2ca72741f14.mirbase21.mirnas.quantification.txt,Primary Tumor
c6b81f67-b1c2-44c7-8f24-85efb08fecef.mirbase21.mirnas.quantification.txt,Primary Tumor
a17de051-13cf-4141-a4b8-39e9df126ad6.mirbase21.mirnas.quantification.txt,Primary Tumor
8e297689-1dd3-4d5f-8893-484abf3d0147.mirbase21.mirnas.quantification.txt,Primary Tumor
db6c70f9-0f91-4892-be97-ad787e722586.mirbase21.mirnas.quantification.txt,Solid Tissue Normal
868ecf12-86ae-4c38-9e57-333bee64d530.mirbase21.mirnas.quantification.txt,Primary Tumor
b83124e2-38f0-428d-989a-e6739e67c4bc.mirbase21.mirnas.quantification.txt,Primary Tumor
ef02342e-9301-464a-9753-3824b47e25ab.mirbase21.mirnas.quantification.txt,Primary Tumor
be1cbfe1-c7af-413f-ab60-3b3c23bdd8f7.mirbase21.mirnas.quantification.txt,Solid Tissue Normal
3a134229-ca4d-4f91-9b3b-924d5bb890e0.mirbase21.mirnas.quantification.txt,Primary Tumor
d93c366b-83c1-4b88-9c8a-c9cf38781807.mirbase21.mirnas.quantification.txt,Primary Tumor
71e4165a-b0b3-4584-add1-17d2e8d8066c.mirbase21.mirnas.quantification.txt,Primary Tumor
ce78a1cc-86d6-4cf7-8d5c-498ae9d6ba3f.mirbase21.mirnas.quantification.txt,Solid Tissue Normal
c1c3e084-2f21-4e22-978d-67d4d119898c.mirbase21.mirnas.quantification.txt,Primary Tumor
40d03dfc-1661-482b-9e7a-bf9bc9199f4c.mirbase21.mirnas.quantification.txt,Primary Tumor
ca28f377-d686-41f9-90fb-9da55fec40cb.mirbase21.mirnas.quantification.txt,Solid Tissue Normal
981704c7-4fc8-45d0-b709-52645fb73081.mirbase21.mirnas.quantification.txt,Primary Tumor
7bb700da-edf4-4831-80ef-8d252f590257.mirbase21.mirnas.quantification.txt,Solid Tissue Normal
e85de304-84a8-4ba5-8c64-8ec4a80db5a9.mirbase21.mirnas.quantification.txt,Primary Tumor
13737350-fbb4-4aab-b8e9-15a9333f4918.mirbase21.mirnas.quantification.txt,Solid Tissue Normal
f595361f-f599-4b24-bbdd-43f518a26f59.mirbase21.mirnas.quantification.txt,Solid Tissue Normal
7cf036ae-7bf7-4234-8ccd-206945bce686.mirbase21.mirnas.quantification.txt,Primary Tumor
b5e433b6-600f-44f7-9b75-5647ec0aa9d8.mirbase21.mirnas.quantification.txt,Solid Tissue Normal
7e544e23-5e93-4444-9938-088e11af1e45.mirbase21.mirnas.quantification.txt,Solid Tissue Normal
236884e8-0123-42cd-a95e-651d8c5b21c9.mirbase21.mirnas.quantification.txt,Primary Tumor
c580b2d1-38be-4af3-8391-b43b6631c85c.mirbase21.mirnas.quantification.txt,Primary Tumor
c7339bf1-f0bc-45a6-a623-2c593268008a.mirbase21.mirnas.quantification.txt,Solid Tissue Normal
8e323c18-cbaf-4dbc-b6a0-09492c3d4546.mirbase21.mirnas.quantification.txt,Solid Tissue Normal
14ae1d6b-f3d1-4db2-a838-e6213fd09e90.mirbase21.mirnas.quantification.txt,Primary Tumor
1da9bf4c-70ae-4550-bb32-49c7c297f7a9.mirbase21.mirnas.quantification.txt,Primary Tumor
0a14c3bb-956b-43b7-a27e-8f61b9910ecb.mirbase21.mirnas.quantification.txt,Primary Tumor
d3389e1d-e4c8-4980-aa36-a10ed6ce3da6.mirbase21.mirnas.quantification.txt,Primary Tumor
342bcb05-1df2-4c6b-993a-c7c5932c2e43.mirbase21.mirnas.quantification.txt,Primary Tumor
8ca147a7-72f8-4f1a-97ee-83d7f056ed0a.mirbase21.mirnas.quantification.txt,Primary Tumor
55afd366-3eca-49ab-a17c-fe187111710c.mirbase21.mirnas.quantification.txt,Primary Tumor
ffff31dd-d2f1-46d9-9af2-0d9ce312719e.mirbase21.mirnas.quantification.txt,Primary Tumor
4e5a770a-15c3-4869-b40a-2a6a7571c43a.mirbase21.mirnas.quantification.txt,Primary Tumor
770c43b0-60c4-463c-b3f3-e64f6abc62a3.mirbase21.mirnas.quantification.txt,Primary Tumor
5b3c1508-dd1c-4b54-95f1-c37f540de214.mirbase21.mirnas.quantification.txt,Primary Tumor
b5ca2ac1-447b-47af-8481-14ab6b367020.mirbase21.mirnas.quantification.txt,Primary Tumor
4cb977db-be5f-497d-a4a2-96e6873699dd.mirbase21.mirnas.quantification.txt,Primary Tumor
81e685d7-44d8-47a5-b481-68f71448cfa4.mirbase21.mirnas.quantification.txt,Primary Tumor
bde1eec3-f5af-4f18-bfdc-29689b07b5cf.mirbase21.mirnas.quantification.txt,Primary Tumor
45da1c01-0316-4dbf-939b-4a758fd7e5e7.mirbase21.mirnas.quantification.txt,Primary Tumor
849d7c70-bab7-481c-8eb9-084268a5a197.mirbase21.mirnas.quantification.txt,Primary Tumor
a72cdedb-9447-4204-9966-7d92e2bd318f.mirbase21.mirnas.quantification.txt,Primary Tumor
4e4dfc8e-ed7b-4876-b65b-0e18427fa897.mirbase21.mirnas.quantification.txt,Primary Tumor
59327904-71c8-493b-933b-6b41c9e0db44.mirbase21.mirnas.quantification.txt,Primary Tumor
df784dda-e12d-48c2-9d47-278abd464cc0.mirbase21.mirnas.quantification.txt,Primary Tumor
fd25ab2b-b048-400c-bab5-38bf4a039640.mirbase21.mirnas.quantification.txt,Primary Tumor
7038fd4b-e4ee-4d9c-a37e-38a3208a9f2d.mirbase21.mirnas.quantification.txt,Primary Tumor
021a7a45-65f2-4d27-af1c-4bfc1cbeb77a.mirbase21.mirnas.quantification.txt,Solid Tissue Normal
8e03b4c8-4049-44a4-91b4-7aecd34a76e5.mirbase21.mirnas.quantification.txt,Solid Tissue Normal
61ec8919-8b12-43d7-b127-8b68a66bd033.mirbase21.mirnas.quantification.txt,Primary Tumor
9f69d15c-37d7-4864-a081-b5bc2ee2c228.mirbase21.mirnas.quantification.txt,Solid Tissue Normal
acb7c5d3-9a10-457d-85ec-e5dec820e316.mirbase21.mirnas.quantification.txt,Solid Tissue Normal
8b7e6354-b9aa-4d36-8809-75ff780f4452.mirbase21.mirnas.quantification.txt,Primary Tumor
a85e4244-3af2-4b71-9a1a-40691e6fd63a.mirbase21.mirnas.quantification.txt,Primary Tumor
bf3dc47f-18db-4c48-afc9-8683324e8aba.mirbase21.mirnas.quantification.txt,Solid Tissue Normal
597643a7-def3-4cfe-a3d9-f7846ae93629.mirbase21.mirnas.quantification.txt,Primary Tumor
1feb2941-a2a2-41d3-a86a-b9fa45afeaf8.mirbase21.mirnas.quantification.txt,Primary Tumor
75769ec4-1b3c-4bef-adcb-c9c4c6f5f935.mirbase21.mirnas.quantification.txt,Solid Tissue Normal
40f5172c-e22b-4663-9c4a-dde3297fa6fd.mirbase21.mirnas.quantification.txt,Solid Tissue Normal
19171014-6453-4d92-aa2d-5d08dfaf3b97.mirbase21.mirnas.quantification.txt,Primary Tumor
b9c836ee-4178-4200-a770-df35e8b108d8.mirbase21.mirnas.quantification.txt,Primary Tumor
38927918-4429-41ba-acab-0b033f03fbdb.mirbase21.mirnas.quantification.txt,Primary Tumor
f2072ee7-8f82-46a3-a941-bd9ce06c16b4.mirbase21.mirnas.quantification.txt,Solid Tissue Normal
b8aef3cd-383c-455f-918a-cfd7405ef7f5.mirbase21.mirnas.quantification.txt,Solid Tissue Normal
1b0766e1-f7de-44c8-ba72-0c3c086e836f.mirbase21.mirnas.quantification.txt,Primary Tumor
361b95f8-ca60-4407-9e47-e10b62ffd0a6.mirbase21.mirnas.quantification.txt,Primary Tumor
dd7dac70-c361-4516-b162-c05fe2e30e75.mirbase21.mirnas.quantification.txt,Primary Tumor
b0c63e2f-982b-46bc-9189-e29064d1d0d4.mirbase21.mirnas.quantification.txt,Solid Tissue Normal
466776cb-6906-4da2-b788-a05a154decf3.mirbase21.mirnas.quantification.txt,Primary Tumor
e2b1fa8a-9f03-45fb-b870-abd1df3c5eef.mirbase21.mirnas.quantification.txt,Solid Tissue Normal
342aff96-4185-4216-ba76-672a53535719.mirbase21.mirnas.quantification.txt,Primary Tumor
72184b26-6781-483e-ad23-f8dfdb6e793b.mirbase21.mirnas.quantification.txt,Primary Tumor
71828329-0504-41cf-acbb-15211d441b77.mirbase21.mirnas.quantification.txt,Primary Tumor
c704eab3-20b4-4ad3-8d3b-1e72a9b8560a.mirbase21.mirnas.quantification.txt,Primary Tumor
eaa45812-1023-4f52-b558-c7996dbae434.mirbase21.mirnas.quantification.txt,Primary Tumor
225e67dc-dce6-4f4f-9957-b51db2326d0e.mirbase21.mirnas.quantification.txt,Primary Tumor
b40effaf-d8b9-4f36-90c2-c2ca51d08a4d.mirbase21.mirnas.quantification.txt,Primary Tumor
972201d5-1b6f-4a8d-8fdb-34163ed87cd2.mirbase21.mirnas.quantification.txt,Primary Tumor
b6ae2a2c-d7f2-4f2f-805e-b6b2d9582e27.mirbase21.mirnas.quantification.txt,Primary Tumor
263b29b2-cd3b-46fe-aae1-3621f4ba5aef.mirbase21.mirnas.quantification.txt,Primary Tumor
a96f2f6c-38e0-453c-961d-aa83b92652da.mirbase21.mirnas.quantification.txt,Primary Tumor
49f9328f-6ec8-4c31-8259-ddb174434745.mirbase21.mirnas.quantification.txt,Primary Tumor
8c8e40d1-f62f-4d9d-9435-ef0bc4fcd64e.mirbase21.mirnas.quantification.txt,Primary Tumor
a5629ef7-79b7-4b36-8661-f0f0c5d54376.mirbase21.mirnas.quantification.txt,Primary Tumor
09124be1-370b-488d-862e-060f9ecd04b3.mirbase21.mirnas.quantification.txt,Primary Tumor
6b1023dc-6b32-414d-a5c2-3afa7b99e72a.mirbase21.mirnas.quantification.txt,Primary Tumor
e468d0ba-a361-49de-b6a5-c32f9e255bd4.mirbase21.mirnas.quantification.txt,Primary Tumor
e15f71db-2d5a-4c5b-87f7-9116e6438696.mirbase21.mirnas.quantification.txt,Primary Tumor
7b657360-fb03-46da-ad9f-bec8a929dfe8.mirbase21.mirnas.quantification.txt,Primary Tumor
910c28fe-5ca7-4930-804d-ecaadacf55c8.mirbase21.mirnas.quantification.txt,Primary Tumor
2e6b5b0f-4792-4d5f-b35a-c116f287cfe7.mirbase21.mirnas.quantification.txt,Primary Tumor
0d58136c-c8b2-464d-82dc-015ce228e44d.mirbase21.mirnas.quantification.txt,Primary Tumor
170b2ffd-eae5-42d1-bfcd-6f5cbc6778cd.mirbase21.mirnas.quantification.txt,Primary Tumor
a9898557-6648-4f33-aec5-30a4466826fb.mirbase21.mirnas.quantification.txt,Primary Tumor
4c27833c-e999-46e9-bd70-d24774c2498a.mirbase21.mirnas.quantification.txt,Primary Tumor
0b7c5e69-5473-46a3-8180-ef2a730ec308.mirbase21.mirnas.quantification.txt,Primary Tumor
2447723d-3a89-48b6-aa99-63c566454297.mirbase21.mirnas.quantification.txt,Primary Tumor
daa97789-dc09-463b-93a4-c0a70a1bf829.mirbase21.mirnas.quantification.txt,Primary Tumor
537f8def-d07e-4fc8-9bb0-943f27754958.mirbase21.mirnas.quantification.txt,Primary Tumor
b9c3eb5c-c32b-49f8-8842-b7c4bb3ac617.mirbase21.mirnas.quantification.txt,Primary Tumor
0103c54a-8604-407a-b852-687b3d2908d0.mirbase21.mirnas.quantification.txt,Primary Tumor
4299f87c-507a-468d-86e4-37c3ca74cfc8.mirbase21.mirnas.quantification.txt,Primary Tumor
0688773f-5979-42e2-89a4-9b2ebc66efb3.mirbase21.mirnas.quantification.txt,Solid Tissue Normal
2efef94c-4889-4a1b-942c-aea0f71399b2.mirbase21.mirnas.quantification.txt,Solid Tissue Normal
896c837f-0ecc-4fe2-b4c0-6e5015dd78b9.mirbase21.mirnas.quantification.txt,Primary Tumor
49eca4e4-2ada-42f4-838a-0cbf235807d2.mirbase21.mirnas.quantification.txt,Primary Tumor
97640a9e-59b7-4f5d-a654-c6893e4fa416.mirbase21.mirnas.quantification.txt,Primary Tumor
3a52c147-c498-477f-8c2a-35b4240b3364.mirbase21.mirnas.quantification.txt,Primary Tumor
0226e845-59fc-4009-9a8d-dc5bd823c072.mirbase21.mirnas.quantification.txt,Primary Tumor
0359e426-0a77-4137-85ae-cab8e0030ff1.mirbase21.mirnas.quantification.txt,Primary Tumor
1cad3ea0-5791-4db3-834f-e20a69e43c6b.mirbase21.mirnas.quantification.txt,Solid Tissue Normal
d37dfe18-165b-4b64-bef9-b05520bcb0c7.mirbase21.mirnas.quantification.txt,Primary Tumor
87c8870e-e6a4-4872-8a22-9a52739cbd63.mirbase21.mirnas.quantification.txt,Solid Tissue Normal
b6fe3163-d533-441a-bf22-6fa4a54098f9.mirbase21.mirnas.quantification.txt,Primary Tumor
9895d0e5-e30f-434f-9839-ac6f727832fe.mirbase21.mirnas.quantification.txt,Primary Tumor
8dab0c1c-714d-41e8-9632-c415a6f75a37.mirbase21.mirnas.quantification.txt,Primary Tumor
26933338-7154-4889-bb42-adec893736bd.mirbase21.mirnas.quantification.txt,Primary Tumor
6cbec671-f495-42de-be76-51c92313e4a3.mirbase21.mirnas.quantification.txt,Primary Tumor
4faf0730-c99c-4ffd-aa5c-f88facfadc22.mirbase21.mirnas.quantification.txt,Primary Tumor
bc0b410a-3426-46dc-adaf-317a79fc5347.mirbase21.mirnas.quantification.txt,Primary Tumor
8f1b5875-074e-4000-b83f-733d45b9801e.mirbase21.mirnas.quantification.txt,Primary Tumor
eddf2be1-b21f-47a0-8288-41a988744f80.mirbase21.mirnas.quantification.txt,Solid Tissue Normal
610a0c74-2476-49c5-847f-9d0db6ee0895.mirbase21.mirnas.quantification.txt,Primary Tumor
f598c235-a92d-4524-88f2-361ae658ede3.mirbase21.mirnas.quantification.txt,Primary Tumor
58246d31-2921-45b6-a4f8-9f5358fc291a.mirbase21.mirnas.quantification.txt,Primary Tumor
8ebf57ac-4c32-475d-9d0e-98d64b23d197.mirbase21.mirnas.quantification.txt,Primary Tumor
5646ff33-83b9-4339-86e6-957c3bb3dbe2.mirbase21.mirnas.quantification.txt,Primary Tumor
007e6b48-0d61-426e-95de-600454b93fdc.mirbase21.mirnas.quantification.txt,Primary Tumor
fffd6110-afd2-45bd-a6f4-3b01c576ec5e.mirbase21.mirnas.quantification.txt,Primary Tumor
0117050d-5dee-4d22-b89a-f968b32b5cfa.mirbase21.mirnas.quantification.txt,Primary Tumor
d29cbafb-e1f9-4d1f-b31c-ea71d91edc09.mirbase21.mirnas.quantification.txt,Primary Tumor
d489621d-966b-44fd-81ca-12e4e131b119.mirbase21.mirnas.quantification.txt,Primary Tumor
6f6eef7e-83e6-41bc-b40b-d1f6c66731b2.mirbase21.mirnas.quantification.txt,Primary Tumor
a666dd4f-cb34-44b5-97f7-b224805da718.mirbase21.mirnas.quantification.txt,Solid Tissue Normal
5cf6d701-7ef9-4f5f-aef3-264e1cfb279d.mirbase21.mirnas.quantification.txt,Primary Tumor
33940733-3ad4-4d76-974e-82b216a415e7.mirbase21.mirnas.quantification.txt,Primary Tumor
8c74c2c6-7e5b-48a5-a714-5c93be6105e0.mirbase21.mirnas.quantification.txt,Primary Tumor
1e0c6e5b-80ba-421a-8e63-5664661f1325.mirbase21.mirnas.quantification.txt,Primary Tumor
c95f61b8-74f7-4561-b930-2e41dbc5a7d0.mirbase21.mirnas.quantification.txt,Primary Tumor
60138250-ac3b-49ae-b41a-ddfea66833c4.mirbase21.mirnas.quantification.txt,Primary Tumor
f7332a1d-ba16-44cd-b6c8-2639fdd568bf.mirbase21.mirnas.quantification.txt,Solid Tissue Normal
1f0d96c8-c319-461e-ae7c-5bf12e9ed5f5.mirbase21.mirnas.quantification.txt,Primary Tumor