825b4383-2bc6-49b4-aaa2-844e81beb77a.mirbase21.mirnas.quantification.txt,Primary Tumor
ca506513-bb35-48cd-a23d-8d947045f6a3.mirbase21.mirnas.quantification.txt,Primary Tumor
abd16f65-2963-4ced-9527-73615cf71eaa.mirbase21.mirnas.quantification.txt,Primary Tumor
6ec1a578-3211-4c02-aa89-9448deacf344.mirbase21.mirnas.quantification.txt,Primary Tumor
969125bc-715a-4d7c-a82e-43112165f1ac.mirbase21.mirnas.quantification.txt,Primary Tumor
8c2a468c-81ed-4654-8dc7-6a6b265ef405.mirbase21.mirnas.quantification.txt,Primary Tumor
6e1f482a-2efe-4c92-9a82-5fd2c6eef263.mirbase21.mirnas.quantification.txt,Primary Tumor
d5b57f2e-667b-4e88-a5b5-c9eae7c0708c.mirbase21.mirnas.quantification.txt,Primary Tumor
c8eacb47-4062-40e1-9b9a-a6f8ff0c077e.mirbase21.mirnas.quantification.txt,Primary Tumor
bd1b7f23-61e1-4de5-afa5-75da78b1b5b6.mirbase21.mirnas.quantification.txt,Primary Tumor
f49c151d-530d-428c-98d1-7caf5837f3cb.mirbase21.mirnas.quantification.txt,Primary Tumor
e5c7eaba-64fb-4732-8704-6188ffeb228d.mirbase21.mirnas.quantification.txt,Solid Tissue Normal
64281578-7023-4174-8cd3-178322529fc1.mirbase21.mirnas.quantification.txt,Primary Tumor
264433bf-fc9e-41ff-957b-0ecbda6b050b.mirbase21.mirnas.quantification.txt,Primary Tumor
1648a14c-c7ce-49b1-baf7-1f9bafd8f654.mirbase21.mirnas.quantification.txt,Primary Tumor
8f59154b-56c9-4022-8ce2-771bd65d1ed8.mirbase21.mirnas.quantification.txt,Primary Tumor
4e5faf6d-44cc-40da-a4de-623ffe1e8ea4.mirbase21.mirnas.quantification.txt,Primary Tumor
933d11dc-3ef8-44ba-baa4-4f6779e51ed7.mirbase21.mirnas.quantification.txt,Primary Tumor
86e6200b-f019-4d42-9959-fe82ba828447.mirbase21.mirnas.quantification.txt,Primary Tumor
7bdf8792-cf14-4be6-8556-7f02b92eea83.mirbase21.mirnas.quantification.txt,Primary Tumor
ebcc4c11-22ed-4bd9-877d-fd2414a16496.mirbase21.mirnas.quantification.txt,Primary Tumor
59ee4cb8-4ae1-4871-9ded-bac167f5b192.mirbase21.mirnas.quantification.txt,Primary Tumor
f42b4d4c-39d5-4869-9d21-bb9509494c1b.mirbase21.mirnas.quantification.txt,Primary Tumor
e5b61fd6-8e93-4b29-95c2-adf3c26082b7.mirbase21.mirnas.quantification.txt,Primary Tumor
a7f932e3-f282-49ba-a44c-768312286c85.mirbase21.mirnas.quantification.txt,Primary Tumor
b6dd5821-0c4f-46d5-a3ff-e875b4fc96a3.mirbase21.mirnas.quantification.txt,Primary Tumor
fdfa6263-bde6-4d04-bae7-fdc2747345fb.mirbase21.mirnas.quantification.txt,Primary Tumor
75bec9cc-a130-4b61-ae3c-c9ac5ba94447.mirbase21.mirnas.quantification.txt,Primary Tumor
3139e89b-3322-417d-9f6a-dc272dea8222.mirbase21.mirnas.quantification.txt,Primary Tumor
3840c912-6d2d-475b-8066-75a902af05e5.mirbase21.mirnas.quantification.txt,Primary Tumor
f4d88b11-82a0-4d77-a0c5-a479abcda164.mirbase21.mirnas.quantification.txt,Primary Tumor
1e2fcb03-cf1d-4352-baff-6190df924a5f.mirbase21.mirnas.quantification.txt,Primary Tumor
5c620b82-59e7-4821-ae20-624423486200.mirbase21.mirnas.quantification.txt,Primary Tumor
ab8a26d2-affd-4f44-a09e-1cb8515ff1a4.mirbase21.mirnas.quantification.txt,Primary Tumor
c90651ed-5645-4204-b931-890ce4c4705b.mirbase21.mirnas.quantification.txt,Primary Tumor
c5cc99e4-96fc-46ca-8493-b81b9452529c.mirbase21.mirnas.quantification.txt,Primary Tumor
fc789679-a996-4aa1-8d2c-d28377b5ced0.mirbase21.mirnas.quantification.txt,Primary Tumor
ee33525a-d916-4f65-a716-36b03e9ade99.mirbase21.mirnas.quantification.txt,Solid Tissue Normal
02f12d67-92b5-49ba-bb87-d160c1781260.mirbase21.mirnas.quantification.txt,Primary Tumor
2464d2c2-7008-46eb-a7ea-e38aabad72c2.mirbase21.mirnas.quantification.txt,Primary Tumor
1350a2dc-6755-4837-bba1-10f8997aad40.mirbase21.mirnas.quantification.txt,Primary Tumor
16c8f9d3-3097-49b7-ba97-d41c9d30e5cb.mirbase21.mirnas.quantification.txt,Primary Tumor
25162bd0-6b90-44a6-aedb-93dbaab69b20.mirbase21.mirnas.quantification.txt,Primary Tumor
4ea75376-dcac-41c1-8394-130afa84aceb.mirbase21.mirnas.quantification.txt,Primary Tumor
3b13fca5-4df4-499f-a98e-d85465a29526.mirbase21.mirnas.quantification.txt,Primary Tumor
6094caaf-c0ce-4a99-9224-351d96e2c480.mirbase21.mirnas.quantification.txt,Solid Tissue Normal
ad2ba637-bb29-4f9a-b391-327723defd73.mirbase21.mirnas.quantification.txt,Primary Tumor
1c4a4cec-dea8-434e-91e6-7c133f6de11b.mirbase21.mirnas.quantification.txt,Primary Tumor
90d6681d-db91-4e4a-9ede-8fa8e4af1815.mirbase21.mirnas.quantification.txt,Primary Tumor
b033e234-dee9-4394-aed4-c896030e5bd6.mirbase21.mirnas.quantification.txt,Primary Tumor
e17f8405-4fb1-4145-9093-7e9f22bc711d.mirbase21.mirnas.quantification.txt,Primary Tumor
39834edb-69ac-48e2-9b6e-432ee7df7e9a.mirbase21.mirnas.quantification.txt,Primary Tumor
c4b800bd-c557-446c-8503-3d08c5f4f872.mirbase21.mirnas.quantification.txt,Primary Tumor
4fb71765-18cf-472d-821a-76d2aaa6732b.mirbase21.mirnas.quantification.txt,Primary Tumor
7ff7fa14-38bb-41fc-859e-5971ec45b1c3.mirbase21.mirnas.quantification.txt,Primary Tumor
caf29b56-f610-40f4-970f-01d07e6ed995.mirbase21.mirnas.quantification.txt,Primary Tumor
49e11833-a1d8-4630-99c4-a25605e313e5.mirbase21.mirnas.quantification.txt,Primary Tumor
70f5c47b-42c5-40d8-b21d-2a718076b04a.mirbase21.mirnas.quantification.txt,Primary Tumor
d5cac52b-ae4b-4a6d-adf6-e3daef7a0459.mirbase21.mirnas.quantification.txt,Primary Tumor
f7c725ad-bd7b-403b-ad9b-d491fdd98cad.mirbase21.mirnas.quantification.txt,Primary Tumor
55dc8724-5806-49c3-a848-8e5b80c417fd.mirbase21.mirnas.quantification.txt,Primary Tumor
e209d002-c426-4e6f-9022-aeb632cc6eab.mirbase21.mirnas.quantification.txt,Solid Tissue Normal
fa65a1c7-6a23-49c8-b027-e38c50bea6b0.mirbase21.mirnas.quantification.txt,Primary Tumor
b7226219-b7e3-4b99-90aa-2fcff5ef81eb.mirbase21.mirnas.quantification.txt,Primary Tumor
628c718a-b963-4841-80c5-25850c3c860b.mirbase21.mirnas.quantification.txt,Primary Tumor
ffdc8385-2efe-4e9c-b0f7-9dfca3822735.mirbase21.mirnas.quantification.txt,Primary Tumor
c0655f3d-1984-4bf5-827b-9a1d8a9af4a7.mirbase21.mirnas.quantification.txt,Primary Tumor
08f42dec-96cc-4ae2-87c6-17202804a695.mirbase21.mirnas.quantification.txt,Primary Tumor
f599aad1-ee43-4468-be06-535c17648734.mirbase21.mirnas.quantification.txt,Primary Tumor
4cd95d5f-1d44-4bc5-8e62-b79efd86443a.mirbase21.mirnas.quantification.txt,Primary Tumor
e38d3c4f-0dbb-490b-8988-2db8a7da32b2.mirbase21.mirnas.quantification.txt,Primary Tumor
dd0e3070-e5db-49b1-9965-1c0f8bb5ccc6.mirbase21.mirnas.quantification.txt,Primary Tumor
992a2623-0448-4ca1-a2db-d5bfcb971b45.mirbase21.mirnas.quantification.txt,Solid Tissue Normal
302f2d1d-4281-4dea-876f-155fc640c0db.mirbase21.mirnas.quantification.txt,Primary Tumor
ffe7cefb-b70c-4679-a7eb-213aa1bd75a7.mirbase21.mirnas.quantification.txt,Primary Tumor
8bcd2531-1b43-4730-a393-d65d1c111b91.mirbase21.mirnas.quantification.txt,Primary Tumor
ffc3640d-e5eb-4ed0-8f63-fecdf5299f6e.mirbase21.mirnas.quantification.txt,Primary Tumor
2ca15392-629f-478c-806f-c849ad29a7da.mirbase21.mirnas.quantification.txt,Primary Tumor
f655e04d-53a4-4db4-836a-988576ab53d1.mirbase21.mirnas.quantification.txt,Primary Tumor
fb9aef2c-fcbd-4e8e-ad20-90c254699f40.mirbase21.mirnas.quantification.txt,Primary Tumor
c4e419be-9d6b-45a5-bc9f-0a10f3a7b282.mirbase21.mirnas.quantification.txt,Primary Tumor
a0bb8a28-adf5-42a1-a662-39e2fe0058e7.mirbase21.mirnas.quantification.txt,Primary Tumor
05646281-2d97-4971-81d4-aa17e4319f59.mirbase21.mirnas.quantification.txt,Primary Tumor
5ef5e95a-10fb-48de-b311-b94268d00cd9.mirbase21.mirnas.quantification.txt,Primary Tumor
c0658fd7-a675-477f-a20b-fe84663a3e1c.mirbase21.mirnas.quantification.txt,Primary Tumor
c13aa06f-b219-409d-9d3e-a7fc7b28f73f.mirbase21.mirnas.quantification.txt,Solid Tissue Normal
86e54ac0-c06f-42ee-94ab-fcc3297ec0e2.mirbase21.mirnas.quantification.txt,Primary Tumor
58c25120-621a-4349-b38f-8837da6c1f1e.mirbase21.mirnas.quantification.txt,Primary Tumor
f1ecf7a0-e863-48e5-a7e0-d7c966736be8.mirbase21.mirnas.quantification.txt,Primary Tumor
eb4bd85d-0dff-481c-bcd9-06cd830aae3f.mirbase21.mirnas.quantification.txt,Primary Tumor
a76b7424-4447-4ac5-a5be-b148ac3b8993.mirbase21.mirnas.quantification.txt,Primary Tumor
fb311134-bf1d-4a58-aacc-9c5d9a6524ed.mirbase21.mirnas.quantification.txt,Primary Tumor
c058b81c-a18c-4f58-a7b4-7027fee98a28.mirbase21.mirnas.quantification.txt,Primary Tumor
45d3eddf-1715-4494-b18b-201ac5b20f08.mirbase21.mirnas.quantification.txt,Primary Tumor
e026eabe-b84e-4281-b7bb-a35a24190261.mirbase21.mirnas.quantification.txt,Primary Tumor
3b15d636-24ba-4c3d-9ec5-c192cbd86a84.mirbase21.mirnas.quantification.txt,Primary Tumor
de2d5575-135c-493b-be77-2fe901d39866.mirbase21.mirnas.quantification.txt,Primary Tumor
11a8f430-1940-4655-91c6-cbc6a338cbd5.mirbase21.mirnas.quantification.txt,Primary Tumor
d9da9684-805c-46e3-abff-2e999784d9ba.mirbase21.mirnas.quantification.txt,Primary Tumor
a34b5a9c-6ff5-4485-8d81-eecbe96683c8.mirbase21.mirnas.quantification.txt,Primary Tumor
60ff191c-21e6-4370-ad6a-53bc4aa46dd7.mirbase21.mirnas.quantification.txt,Primary Tumor
33d3d80a-30a8-47ee-a42b-559ec1bc16d6.mirbase21.mirnas.quantification.txt,Metastatic
01743b5e-2f0b-46e1-90c8-56d87344171a.mirbase21.mirnas.quantification.txt,Primary Tumor
aa17bbaa-0471-4382-a8a6-ef642d55930e.mirbase21.mirnas.quantification.txt,Primary Tumor
ca8f9028-3734-4afe-b6de-8185b10b4375.mirbase21.mirnas.quantification.txt,Primary Tumor
9ce0565b-64d2-4560-a5dd-d443dcea1248.mirbase21.mirnas.quantification.txt,Primary Tumor
c95059ad-472d-4945-89fe-dde2a2812b81.mirbase21.mirnas.quantification.txt,Primary Tumor
3e502472-54a1-4c7d-abcf-ed29ec20c41b.mirbase21.mirnas.quantification.txt,Primary Tumor
85f10e6f-43c4-4f0b-a87f-ff1d3c3a2a7e.mirbase21.mirnas.quantification.txt,Primary Tumor
497fbb6e-6668-47fc-8a00-285989585b42.mirbase21.mirnas.quantification.txt,Primary Tumor
2d82a5e1-0e51-4bee-a013-885a1b595066.mirbase21.mirnas.quantification.txt,Primary Tumor
89d562e7-be58-4884-800c-fcab8acc0241.mirbase21.mirnas.quantification.txt,Primary Tumor
d385f11c-34c3-43cc-b824-4aba0e023ba7.mirbase21.mirnas.quantification.txt,Primary Tumor
f8ed771a-1e66-47e3-8a76-f47cd92a9c21.mirbase21.mirnas.quantification.txt,Primary Tumor
44bbb8ba-be32-4276-abb9-39928dac4375.mirbase21.mirnas.quantification.txt,Primary Tumor
890b5f64-6646-47bf-8d09-b6e5d11aad66.mirbase21.mirnas.quantification.txt,Primary Tumor
1ad2f48f-323b-4436-b544-422d03e85224.mirbase21.mirnas.quantification.txt,Primary Tumor
1249114f-4d7a-4312-a043-c9fee58f5ab0.mirbase21.mirnas.quantification.txt,Primary Tumor
5482a195-361b-4517-9bb6-8d1b78972e36.mirbase21.mirnas.quantification.txt,Primary Tumor
849a2eab-9f98-43dc-a00a-cc84773fe1e3.mirbase21.mirnas.quantification.txt,Primary Tumor
965c9335-cc75-448f-aec4-9427b65913c5.mirbase21.mirnas.quantification.txt,Primary Tumor
7ae1afe2-d716-4f79-a936-2a3c8d3a23f1.mirbase21.mirnas.quantification.txt,Primary Tumor
2dcafda1-c8db-4ca8-8d3c-66cf41aad809.mirbase21.mirnas.quantification.txt,Primary Tumor
7d6415b4-7c76-49ff-b9b9-fe5af20a98b5.mirbase21.mirnas.quantification.txt,Primary Tumor
ea8a909b-ae7a-4145-b648-308fd115416f.mirbase21.mirnas.quantification.txt,Solid Tissue Normal
fd810069-9981-4458-9c50-7b4ca9a7c9b8.mirbase21.mirnas.quantification.txt,Primary Tumor
0df8d5ab-4481-4267-98a1-fd7c31cc212f.mirbase21.mirnas.quantification.txt,Primary Tumor
07417e6d-46ef-4945-8d9b-aaedbc2c6d9f.mirbase21.mirnas.quantification.txt,Primary Tumor
4bf36e81-71b0-4805-bec2-4ccbe774dbbd.mirbase21.mirnas.quantification.txt,Primary Tumor
b6a5f3fa-ce69-4fff-bf3c-1e6f2a6f610f.mirbase21.mirnas.quantification.txt,Primary Tumor
9deade39-96d4-4221-9720-6440dc027064.mirbase21.mirnas.quantification.txt,Primary Tumor
541eaea5-c602-4536-9543-3a1e8f42e3a2.mirbase21.mirnas.quantification.txt,Solid Tissue Normal
31733991-86a0-4e11-a6cc-1a0a7c84c6a4.mirbase21.mirnas.quantification.txt,Primary Tumor
35bb81b3-9c87-47d2-84c1-d4720b580e35.mirbase21.mirnas.quantification.txt,Primary Tumor
5d584cb3-f63a-4f7a-b485-4b75441ca001.mirbase21.mirnas.quantification.txt,Primary Tumor
64e3fa3c-477b-4eb1-9dd0-06dc3a561f5a.mirbase21.mirnas.quantification.txt,Primary Tumor
12551732-ca7a-4d5f-b404-b974bf34898b.mirbase21.mirnas.quantification.txt,Primary Tumor
5625a4e0-cabd-437e-9917-4bd2657c62eb.mirbase21.mirnas.quantification.txt,Solid Tissue Normal
74eeee17-9bf2-4679-8232-fac07eca145f.mirbase21.mirnas.quantification.txt,Primary Tumor
832372f6-7477-4786-bbd4-b74ae8af7883.mirbase21.mirnas.quantification.txt,Primary Tumor
5838d617-d513-4403-895a-c8ce5eac343b.mirbase21.mirnas.quantification.txt,Primary Tumor
a470d872-12b8-44c3-aa60-833598aa84c7.mirbase21.mirnas.quantification.txt,Primary Tumor
9c08a747-2e14-410b-931d-5bbceaf5ef3a.mirbase21.mirnas.quantification.txt,Primary Tumor
d1012b68-02c7-4a45-84cf-a8966df0e6ef.mirbase21.mirnas.quantification.txt,Primary Tumor
5d7fd3e4-11a5-47b8-8410-7720f5d3bfa7.mirbase21.mirnas.quantification.txt,Primary Tumor
ef3d50e2-aa63-42b9-aa6d-a16e29d4168a.mirbase21.mirnas.quantification.txt,Primary Tumor
c1149b7f-eced-481e-8ef4-f7e1d469f215.mirbase21.mirnas.quantification.txt,Solid Tissue Normal
58dfe7ff-3acc-4d42-8c6d-6683ca3d077b.mirbase21.mirnas.quantification.txt,Primary Tumor
2c835276-7681-48e5-bb48-ecbc73ab8c1a.mirbase21.mirnas.quantification.txt,Primary Tumor
873b705f-90b1-49d2-bb1a-1ee28656da80.mirbase21.mirnas.quantification.txt,Primary Tumor
9717789a-ce7f-4720-8f61-b37b25650753.mirbase21.mirnas.quantification.txt,Primary Tumor
2709c277-9092-4563-9a9e-c9f7649fd90d.mirbase21.mirnas.quantification.txt,Primary Tumor
5920d48f-3db8-4d19-8734-a92081aca7de.mirbase21.mirnas.quantification.txt,Primary Tumor
6da5bebd-a304-40f8-ad75-2fee9435f33c.mirbase21.mirnas.quantification.txt,Primary Tumor
b4f81e8a-c302-4705-9b71-1c09ba5ddbba.mirbase21.mirnas.quantification.txt,Primary Tumor
21f8dfb8-b3af-4271-8bba-27ba67ab8238.mirbase21.mirnas.quantification.txt,Primary Tumor
45557d45-3c29-49a5-aad8-b142524de821.mirbase21.mirnas.quantification.txt,Primary Tumor
7bbdea1b-c0e1-4d89-a680-8308b91a71e2.mirbase21.mirnas.quantification.txt,Primary Tumor
bf58f337-d3c3-4efc-8d95-c6c1a4d859f8.mirbase21.mirnas.quantification.txt,Primary Tumor
7d0d77dc-eea8-4863-9688-e726f43e19b5.mirbase21.mirnas.quantification.txt,Primary Tumor
e84208d2-5853-4da6-ad1c-b8f5a9bb29e5.mirbase21.mirnas.quantification.txt,Primary Tumor
c8f1a185-923d-4b3b-8e77-44d615e6772b.mirbase21.mirnas.quantification.txt,Primary Tumor
8a892bf2-a07b-4802-b38d-7d65c0318c8b.mirbase21.mirnas.quantification.txt,Solid Tissue Normal
4ef65fe1-9bd4-4d41-9f22-e5034b672035.mirbase21.mirnas.quantification.txt,Primary Tumor
403e4c23-e1d5-4fd9-aff3-0d0d1a6d1a52.mirbase21.mirnas.quantification.txt,Primary Tumor
652002a5-6cee-4135-aa82-6e841998cbb6.mirbase21.mirnas.quantification.txt,Primary Tumor
ec5c05c7-4d79-46f4-9e13-303c35cdc322.mirbase21.mirnas.quantification.txt,Primary Tumor
49bc50e3-54a4-4467-b23f-fd92ad8e90b2.mirbase21.mirnas.quantification.txt,Primary Tumor
3cae5127-8af7-44df-96a5-23e49a922545.mirbase21.mirnas.quantification.txt,Primary Tumor
18dd9dcc-6ff4-4b64-af70-bc1d06dc4716.mirbase21.mirnas.quantification.txt,Primary Tumor
3446f813-1bc7-4649-b899-ad9d334606b3.mirbase21.mirnas.quantification.txt,Primary Tumor
b4966481-ad6b-4e93-9d09-6cbf671829b7.mirbase21.mirnas.quantification.txt,Primary Tumor
85280485-a795-41ed-81a3-c5624cf0d129.mirbase21.mirnas.quantification.txt,Primary Tumor
20402cc8-9896-472d-bbb8-22d2fdbde683.mirbase21.mirnas.quantification.txt,Solid Tissue Normal
7c606087-b75a-4311-8654-964aed6169e9.mirbase21.mirnas.quantification.txt,Solid Tissue Normal
464d15d7-4600-490a-aeea-c457ee97f410.mirbase21.mirnas.quantification.txt,Primary Tumor
7ac823f0-bd34-4278-815e-e7f3e23e490b.mirbase21.mirnas.quantification.txt,Primary Tumor
3980e65d-b3f3-48a7-8048-96ef173d2902.mirbase21.mirnas.quantification.txt,Primary Tumor
86f4d50c-41b3-4b8d-ba8c-2e38d0833906.mirbase21.mirnas.quantification.txt,Primary Tumor
434ce3e8-36be-4744-8bc3-37854b3ff7fc.mirbase21.mirnas.quantification.txt,Primary Tumor
54ebc843-6e1f-4b0a-bc3c-f5ee5019275d.mirbase21.mirnas.quantification.txt,Primary Tumor
d51f0c07-57e3-4b8d-a818-30edd91046f6.mirbase21.mirnas.quantification.txt,Primary Tumor
30afe9c4-3a5e-479e-a31e-41b5e2a3c822.mirbase21.mirnas.quantification.txt,Primary Tumor
7a834652-b711-44a1-87a7-c8292b28c30e.mirbase21.mirnas.quantification.txt,Primary Tumor
ed112dd5-dd7c-4457-b842-429edf987706.mirbase21.mirnas.quantification.txt,Primary Tumor
c505d0ea-ff72-4697-a646-73e7e40a3bce.mirbase21.mirnas.quantification.txt,Primary Tumor
6cb5934c-7dfa-4c2d-8e33-d099bd6429d4.mirbase21.mirnas.quantification.txt,Primary Tumor
58f22b4c-4369-4ade-9e6c-813a022804bb.mirbase21.mirnas.quantification.txt,Primary Tumor
1524814b-437a-425e-9da5-f904f2208f0b.mirbase21.mirnas.quantification.txt,Primary Tumor
b27b43a4-8353-48bc-8ecb-9a98dccbb6b2.mirbase21.mirnas.quantification.txt,Primary Tumor
9ab2a064-becb-470c-81e0-f11aae228d91.mirbase21.mirnas.quantification.txt,Primary Tumor
7c7235b7-cb16-4b7e-83c1-649bae0d6d6f.mirbase21.mirnas.quantification.txt,Primary Tumor
6ff041b8-a1cd-4b03-b1ed-f2e7d90c5e08.mirbase21.mirnas.quantification.txt,Solid Tissue Normal
19b000a9-11f9-4c19-b33c-1c7c32a708f4.mirbase21.mirnas.quantification.txt,Primary Tumor
ec5273a7-5bf0-4a42-a78d-232faeb03556.mirbase21.mirnas.quantification.txt,Primary Tumor
5fedccb1-4f0f-487c-b5ae-c432176c9dd7.mirbase21.mirnas.quantification.txt,Primary Tumor
8ff4f898-4596-4224-9ae0-187ded495433.mirbase21.mirnas.quantification.txt,Primary Tumor
4555c4b3-147b-4652-a5a4-d6d6bc4f67b4.mirbase21.mirnas.quantification.txt,Primary Tumor
b42ae71f-1a49-40f3-b4e3-5245678a9c28.mirbase21.mirnas.quantification.txt,Primary Tumor
e38d4c0c-75b9-45ae-b5f0-965f849877cf.mirbase21.mirnas.quantification.txt,Primary Tumor
38109a92-9280-4723-984c-bcbe69bdf81c.mirbase21.mirnas.quantification.txt,Primary Tumor
22b5a20a-e7e1-421b-9bb0-ed3f07e80790.mirbase21.mirnas.quantification.txt,Primary Tumor
0ca4b553-ff6d-4fb5-ace8-311d71cae4ea.mirbase21.mirnas.quantification.txt,Primary Tumor
44f0ea3d-fdcb-4d46-9c17-6d72d1d896f8.mirbase21.mirnas.quantification.txt,Primary Tumor
aa1041c7-663c-485b-87f3-e563f73d6d57.mirbase21.mirnas.quantification.txt,Primary Tumor
9310e034-bc0e-4e4a-863a-53fe53cde8d7.mirbase21.mirnas.quantification.txt,Primary Tumor
73989c5c-4281-4d5f-85cf-8e3027dead52.mirbase21.mirnas.quantification.txt,Primary Tumor
9480f18a-52f9-4df9-8675-90549ae9d98d.mirbase21.mirnas.quantification.txt,Primary Tumor
78531cf8-097f-44cf-a436-fbe9c216bb1c.mirbase21.mirnas.quantification.txt,Primary Tumor
bbf4c4ee-d5b2-4ec1-a225-0be200214ece.mirbase21.mirnas.quantification.txt,Primary Tumor
a2a744df-e884-4441-bb37-ec644f305721.mirbase21.mirnas.quantification.txt,Primary Tumor
2ff8b72a-216c-4f8b-9635-1731bdf3f952.mirbase21.mirnas.quantification.txt,Primary Tumor
bc3c1ae9-b8ba-439b-b5ad-5da31f440cde.mirbase21.mirnas.quantification.txt,Primary Tumor
9fa9aba2-c727-4468-b066-7d917232b791.mirbase21.mirnas.quantification.txt,Solid Tissue Normal
f5189220-33c2-482b-a34e-5232e7d41d7a.mirbase21.mirnas.quantification.txt,Primary Tumor
c9df9c68-a20b-4027-b560-9793afd0a0be.mirbase21.mirnas.quantification.txt,Solid Tissue Normal
1bccbf35-162c-40ba-96fa-bf900da9af14.mirbase21.mirnas.quantification.txt,Primary Tumor
f663be8e-0401-487d-b731-2a67c6c0d55b.mirbase21.mirnas.quantification.txt,Primary Tumor
dbaca763-1acb-4532-ba6a-5a20153ab4d6.mirbase21.mirnas.quantification.txt,Primary Tumor
c3d7c3de-2217-4b96-bf85-165cb7b863bd.mirbase21.mirnas.quantification.txt,Primary Tumor
7b608d56-d1d7-455e-a55c-d2c6732e9b75.mirbase21.mirnas.quantification.txt,Primary Tumor
63cdd4e7-16ee-4bb0-bea9-3df0c9a4ef0a.mirbase21.mirnas.quantification.txt,Primary Tumor
1967293d-9f8d-4664-8cfc-0e66d8f8b8c6.mirbase21.mirnas.quantification.txt,Primary Tumor
c3c6188e-0902-46f1-84da-2995f415b94c.mirbase21.mirnas.quantification.txt,Solid Tissue Normal
f05e123c-1fd6-42d5-802a-e65e35878dba.mirbase21.mirnas.quantification.txt,Primary Tumor
81a7c80c-f392-4ae8-8359-11d965990294.mirbase21.mirnas.quantification.txt,Primary Tumor
999ef203-9180-4a37-8c2a-89b188a13199.mirbase21.mirnas.quantification.txt,Primary Tumor
a949bff8-ff83-4729-845a-0a49559ec950.mirbase21.mirnas.quantification.txt,Primary Tumor
7f9e082b-1e20-40db-8444-30f1459998f5.mirbase21.mirnas.quantification.txt,Primary Tumor
4adcf4d2-5260-4328-9d73-015da3eb376b.mirbase21.mirnas.quantification.txt,Primary Tumor
addf512a-af2a-4488-8ea2-ee6f3971a349.mirbase21.mirnas.quantification.txt,Primary Tumor
75cfdfa9-3f07-4b05-9995-e1a3bf4e35bb.mirbase21.mirnas.quantification.txt,Primary Tumor
8743a3ce-c431-4453-8dfd-95e62fb9bb58.mirbase21.mirnas.quantification.txt,Primary Tumor
59211da1-1d11-4b7b-9617-3473d294472b.mirbase21.mirnas.quantification.txt,Primary Tumor
3c1b6695-66af-476f-b1ca-d4c647af8397.mirbase21.mirnas.quantification.txt,Primary Tumor
7c43bdef-779c-42c7-ba6f-8b476b9f4806.mirbase21.mirnas.quantification.txt,Primary Tumor
c7e6eadf-db9e-4adc-94f9-8f15d022e271.mirbase21.mirnas.quantification.txt,Primary Tumor
db8ff7e3-994a-4cc9-acfb-5a2eed17a1db.mirbase21.mirnas.quantification.txt,Primary Tumor
f9f56455-8333-463b-9e3f-4317ce94132a.mirbase21.mirnas.quantification.txt,Primary Tumor
e20c2344-8b44-4a9b-a114-f5c10e897268.mirbase21.mirnas.quantification.txt,Primary Tumor
3d2f44bf-569b-4ae6-8b04-727d1cb119c7.mirbase21.mirnas.quantification.txt,Primary Tumor
59c3bd55-5ad1-42e0-88c1-b8a91ac2851b.mirbase21.mirnas.quantification.txt,Primary Tumor
badede89-f8ec-4d66-a2cd-7e9a0f04b7c8.mirbase21.mirnas.quantification.txt,Solid Tissue Normal
71b8f068-969f-4555-9bcb-69b989960ec7.mirbase21.mirnas.quantification.txt,Primary Tumor
33234874-1c7a-48be-baf4-78c7208f91db.mirbase21.mirnas.quantification.txt,Primary Tumor
e627d08d-e072-4ffe-9299-338ec24947ce.mirbase21.mirnas.quantification.txt,Primary Tumor
40245d3a-5258-4886-9241-12b45cb9981c.mirbase21.mirnas.quantification.txt,Solid Tissue Normal
1dbb4ae0-c3e3-4f92-af69-10860c281d08.mirbase21.mirnas.quantification.txt,Primary Tumor
396e72e0-b5b7-453b-87bf-f143f4c87afe.mirbase21.mirnas.quantification.txt,Primary Tumor
8692d979-5edd-449f-9517-4af60a12fd57.mirbase21.mirnas.quantification.txt,Primary Tumor
22db74df-41e2-4716-b4be-a7f41d9c6f3b.mirbase21.mirnas.quantification.txt,Primary Tumor
06b9deb3-9221-4fac-a486-7ae5eaba01c6.mirbase21.mirnas.quantification.txt,Primary Tumor
060983a2-5bc8-4e5d-a6fe-9abb3d3caacc.mirbase21.mirnas.quantification.txt,Primary Tumor
abcd57cc-728c-4b97-b7ae-8ecdfc83ce23.mirbase21.mirnas.quantification.txt,Primary Tumor
63fde5cd-6571-4c48-b970-dff68f938ecf.mirbase21.mirnas.quantification.txt,Primary Tumor
6189afcc-0e81-4028-abfe-52201294e8c5.mirbase21.mirnas.quantification.txt,Primary Tumor
c2afe44e-c948-472e-b138-17bbd68d8612.mirbase21.mirnas.quantification.txt,Solid Tissue Normal
b37354f8-e0fb-48a8-887b-c8dac086ee82.mirbase21.mirnas.quantification.txt,Primary Tumor
761b345b-1893-4418-ac87-3df190f8c6b9.mirbase21.mirnas.quantification.txt,Primary Tumor
438e1af6-9f61-476d-ae82-4d42e6b8ac6f.mirbase21.mirnas.quantification.txt,Primary Tumor
74ba3c57-baf4-4b70-9c68-7798840a0b5c.mirbase21.mirnas.quantification.txt,Primary Tumor
1270c274-1622-40a7-a3d8-cc2f34d9c698.mirbase21.mirnas.quantification.txt,Primary Tumor
30ddf42f-e781-48f1-8ab2-e400c93b3963.mirbase21.mirnas.quantification.txt,Primary Tumor
db83c73f-38bc-4cb3-8f4e-73e3e7e6733f.mirbase21.mirnas.quantification.txt,Solid Tissue Normal
c06537b2-7859-408a-8a74-9479839d95b4.mirbase21.mirnas.quantification.txt,Primary Tumor
050a2cca-de7a-44c2-9d3d-638d27e78c8a.mirbase21.mirnas.quantification.txt,Primary Tumor
d03d9e45-e947-4049-bb8d-7eefdf556dba.mirbase21.mirnas.quantification.txt,Primary Tumor
6517e5f5-6c97-4bc2-bad7-04557993dbd7.mirbase21.mirnas.quantification.txt,Primary Tumor
6b2016e4-f74e-4f04-97eb-d423b69603db.mirbase21.mirnas.quantification.txt,Primary Tumor
a9ae4aa7-10eb-4379-a623-f94a86a2778e.mirbase21.mirnas.quantification.txt,Primary Tumor
41e29e23-9260-4f65-ac92-140ca3ca6ffb.mirbase21.mirnas.quantification.txt,Solid Tissue Normal
dc18c45f-24d4-46d5-8699-3ede580ace5c.mirbase21.mirnas.quantification.txt,Primary Tumor
2324c50d-72f3-43f9-adc3-a76a3f79421e.mirbase21.mirnas.quantification.txt,Primary Tumor
2066801d-7582-4882-aa52-d0257dd61bce.mirbase21.mirnas.quantification.txt,Primary Tumor
236d6179-62cd-4667-b2c5-2e0868a73608.mirbase21.mirnas.quantification.txt,Primary Tumor
141e48f0-040d-4754-bf10-025f4e84067d.mirbase21.mirnas.quantification.txt,Primary Tumor
b293cbf6-9e17-446d-bb09-154a13a5f6cb.mirbase21.mirnas.quantification.txt,Primary Tumor
057a71ca-ded6-4d95-a082-c82d634b6dae.mirbase21.mirnas.quantification.txt,Primary Tumor
33dbf00b-79ff-4722-805f-6b6b72a5317f.mirbase21.mirnas.quantification.txt,Primary Tumor
8a187e8c-49c7-48f5-873d-f88778d36940.mirbase21.mirnas.quantification.txt,Primary Tumor
57e38561-57fc-4451-a202-e9920706eb6e.mirbase21.mirnas.quantification.txt,Primary Tumor
55b6fb12-fb46-4d22-bcd2-01eb9e9fb02d.mirbase21.mirnas.quantification.txt,Solid Tissue Normal
395e9335-f49e-474b-a9ad-7e6df9e7ecc1.mirbase21.mirnas.quantification.txt,Primary Tumor
cd458e9c-c5cc-4925-820d-b0019a3eba00.mirbase21.mirnas.quantification.txt,Primary Tumor
2f719d37-5f48-4844-88ac-7df54ffd2467.mirbase21.mirnas.quantification.txt,Solid Tissue Normal
a39808d3-12fe-4802-870a-2aedae2fe359.mirbase21.mirnas.quantification.txt,Primary Tumor
5eca1f8e-9276-48af-a675-408eeca0172b.mirbase21.mirnas.quantification.txt,Primary Tumor
aa3e4308-f5d2-4f95-9175-ce7a960d20a5.mirbase21.mirnas.quantification.txt,Primary Tumor
00cdb0c4-69f7-47af-b8f1-262c331f7e5e.mirbase21.mirnas.quantification.txt,Primary Tumor
cd29a1db-ef00-4ff5-9940-96521df10ac0.mirbase21.mirnas.quantification.txt,Primary Tumor
f95b92eb-be93-48ea-b9e0-cc1cac669f2c.mirbase21.mirnas.quantification.txt,Solid Tissue Normal
0e1f703d-f15e-450d-8b01-b003c024a9b5.mirbase21.mirnas.quantification.txt,Primary Tumor
1bc9f2d4-bb77-417a-a200-5c9f07124119.mirbase21.mirnas.quantification.txt,Primary Tumor
dfc095c2-2236-4f2a-9dba-3a874438bda1.mirbase21.mirnas.quantification.txt,Primary Tumor
1b219494-7118-4caf-aafa-8f1e1b84e5cb.mirbase21.mirnas.quantification.txt,Primary Tumor
85782be8-46ce-4184-9bb2-22c61bf26a20.mirbase21.mirnas.quantification.txt,Primary Tumor
c286213f-cbbe-4992-8e4f-bcebd1a2ca86.mirbase21.mirnas.quantification.txt,Solid Tissue Normal
6bdebdd5-7589-4c2d-a847-7c4451d657a8.mirbase21.mirnas.quantification.txt,Solid Tissue Normal
b5ba169a-72a5-4b82-a62b-7db6a753fd06.mirbase21.mirnas.quantification.txt,Primary Tumor
a9e61b88-d976-4c75-bc03-48d45e4750ce.mirbase21.mirnas.quantification.txt,Primary Tumor
93d7ac73-08ea-4c2d-9432-78cdb8072bb3.mirbase21.mirnas.quantification.txt,Solid Tissue Normal
0b4dd54c-8c8e-492a-9a17-fb68e25fb1c9.mirbase21.mirnas.quantification.txt,Primary Tumor
2f836f7a-7c24-4bd4-819d-1721bca5ce31.mirbase21.mirnas.quantification.txt,Primary Tumor
4b95dbf4-0c14-45bc-8e7c-0ae2d5ceb870.mirbase21.mirnas.quantification.txt,Primary Tumor
16a56c4b-0869-4ff1-83ef-ea3956c94e9c.mirbase21.mirnas.quantification.txt,Primary Tumor
0797eed0-2f90-4eec-85ea-edbebd104be9.mirbase21.mirnas.quantification.txt,Primary Tumor
2f44099a-efc2-49a6-876f-8c2d724221db.mirbase21.mirnas.quantification.txt,Solid Tissue Normal
ecc45ec9-5f91-4e51-be6f-e7e136ad40ba.mirbase21.mirnas.quantification.txt,Primary Tumor
18fa2fd6-e138-4da8-8f73-d7618f2d9262.mirbase21.mirnas.quantification.txt,Primary Tumor
e4c51514-f9c1-466f-972e-72ea5590007a.mirbase21.mirnas.quantification.txt,Primary Tumor
28257890-1081-4e03-9475-e208f32daf30.mirbase21.mirnas.quantification.txt,Primary Tumor
3b9bd266-6132-416d-8b2c-a34a0796eaa1.mirbase21.mirnas.quantification.txt,Solid Tissue Normal
7676fe25-43bd-465b-a185-7aec35d6a3de.mirbase21.mirnas.quantification.txt,Primary Tumor
450932db-66b0-4641-88be-19a0debedd06.mirbase21.mirnas.quantification.txt,Primary Tumor
2a307c39-81c4-43f3-8db0-56cbf72c5904.mirbase21.mirnas.quantification.txt,Solid Tissue Normal
1f15a0f1-7a45-41b9-9faf-2d19b51d7806.mirbase21.mirnas.quantification.txt,Primary Tumor
5f57b2bd-a3bd-4652-b655-a11f91538a3e.mirbase21.mirnas.quantification.txt,Primary Tumor
e27a7d75-3c3f-4673-b5ac-18bf7f0f4191.mirbase21.mirnas.quantification.txt,Primary Tumor
11da516c-a508-4134-9249-97b0640f177f.mirbase21.mirnas.quantification.txt,Primary Tumor
b5f51d24-1931-49d9-9b6f-454dbe58b203.mirbase21.mirnas.quantification.txt,Primary Tumor
917ae400-06c1-47fd-9de9-6b606f66a995.mirbase21.mirnas.quantification.txt,Primary Tumor
a4d4940f-ee03-462f-8f6d-1da2d5faa7e2.mirbase21.mirnas.quantification.txt,Primary Tumor
c7c64d12-d588-4891-bdef-1c51a72b89b0.mirbase21.mirnas.quantification.txt,Primary Tumor
8286222f-c418-4531-af01-08e0f206e4cc.mirbase21.mirnas.quantification.txt,Primary Tumor
a421d70e-eec9-49a4-82fd-ce699811ec77.mirbase21.mirnas.quantification.txt,Primary Tumor
2141c34c-d501-4ebe-9023-7024d5247ba5.mirbase21.mirnas.quantification.txt,Primary Tumor
434fb138-b311-4fbd-ba15-2f3f2240b917.mirbase21.mirnas.quantification.txt,Primary Tumor
f56a885a-1501-4f00-a9f9-0bc481d38e98.mirbase21.mirnas.quantification.txt,Primary Tumor
d1057f4a-37b2-4db1-9b53-3390e06ca63e.mirbase21.mirnas.quantification.txt,Primary Tumor
949ffc1c-9757-4bd3-ae57-9ca2f2013510.mirbase21.mirnas.quantification.txt,Primary Tumor
3a099c5a-a609-4b45-bccc-0653a85037bf.mirbase21.mirnas.quantification.txt,Primary Tumor
a209e2d5-bf64-45ee-9cef-85acea6e0cee.mirbase21.mirnas.quantification.txt,Solid Tissue Normal
5eb5fc32-f493-45d4-89fb-2c59e4a632bb.mirbase21.mirnas.quantification.txt,Primary Tumor
db99ecd5-acfa-4b04-b2b7-e7fc74e60052.mirbase21.mirnas.quantification.txt,Primary Tumor
3a571db6-718b-406b-9d8a-9aa3c26db3b3.mirbase21.mirnas.quantification.txt,Primary Tumor
00cf054e-21f4-49a8-9ef5-b86bf67bc170.mirbase21.mirnas.quantification.txt,Primary Tumor
f47dfa8e-5d82-4fd5-ba35-f158427f22fa.mirbase21.mirnas.quantification.txt,Primary Tumor
868c2b9a-5c4c-4ece-9343-4cb9ab2ba273.mirbase21.mirnas.quantification.txt,Primary Tumor
7075af2d-8289-4063-9396-e8e1658177d8.mirbase21.mirnas.quantification.txt,Primary Tumor
bd4ae963-d6cc-4b23-8788-7874ed1864ca.mirbase21.mirnas.quantification.txt,Primary Tumor
51cbb36c-d8fd-494a-b434-8ffc21785237.mirbase21.mirnas.quantification.txt,Primary Tumor
ae926dbe-d7da-438b-bd9c-5a46c756fc4b.mirbase21.mirnas.quantification.txt,Primary Tumor
dc71a35a-a16f-4388-95ca-fd70d7eef967.mirbase21.mirnas.quantification.txt,Primary Tumor
d2d305d0-a6e7-4293-bcad-9677af43d091.mirbase21.mirnas.quantification.txt,Primary Tumor
c0022eae-4827-47dc-b7d2-489425834506.mirbase21.mirnas.quantification.txt,Primary Tumor
c712565d-1968-47fd-b09f-2dece0449286.mirbase21.mirnas.quantification.txt,Solid Tissue Normal
da09a496-9db4-4182-8b8d-2e36da5837da.mirbase21.mirnas.quantification.txt,Primary Tumor
13e0da9e-2f48-48a9-8cab-c49f6e155823.mirbase21.mirnas.quantification.txt,Primary Tumor
3056fe32-ddd1-4f95-94fb-36e0a3c92076.mirbase21.mirnas.quantification.txt,Primary Tumor
c50bf41c-ae1a-4a12-a7be-3146fe100e99.mirbase21.mirnas.quantification.txt,Primary Tumor
fc6e5cd2-5d57-4b23-ba47-225ec48a73dc.mirbase21.mirnas.quantification.txt,Primary Tumor
c9a7dc44-8ae5-418e-a3d0-b3517fea9e4b.mirbase21.mirnas.quantification.txt,Primary Tumor
99f7a4d9-7151-4747-8d9e-9c4ff3736b96.mirbase21.mirnas.quantification.txt,Primary Tumor
4f8016ed-6fa0-4428-b183-7a21aed25122.mirbase21.mirnas.quantification.txt,Primary Tumor
d3e399c9-9d94-44cc-b15d-558b1b419129.mirbase21.mirnas.quantification.txt,Primary Tumor
91a221ea-123e-470e-a33e-50ec9d2cfd27.mirbase21.mirnas.quantification.txt,Primary Tumor
e8b0cb7f-a2d2-4a68-8d87-6b88fdd4465f.mirbase21.mirnas.quantification.txt,Primary Tumor
4c953d13-f801-4821-8423-032af1d880f2.mirbase21.mirnas.quantification.txt,Primary Tumor
e3b15900-6111-42b3-a92a-00fe5a3ba585.mirbase21.mirnas.quantification.txt,Solid Tissue Normal
b3a1804b-2ed8-437f-8352-9e824b97dc68.mirbase21.mirnas.quantification.txt,Primary Tumor
fd3f30fe-d492-4ed6-8399-155d770fe749.mirbase21.mirnas.quantification.txt,Primary Tumor
6ba2eea3-c1f8-42ab-9aef-ebc4ada698ac.mirbase21.mirnas.quantification.txt,Primary Tumor
4a1fa877-f1eb-4bdd-8914-96db235132e6.mirbase21.mirnas.quantification.txt,Primary Tumor
ec0c5432-7d09-4afa-99fe-c01e4c8994c8.mirbase21.mirnas.quantification.txt,Primary Tumor
6d96a5d4-8be0-484c-8ed7-3876d36386f1.mirbase21.mirnas.quantification.txt,Primary Tumor
79976fb9-a74b-4e7c-8a20-009e468907d1.mirbase21.mirnas.quantification.txt,Primary Tumor
7c46151d-cc95-4324-9cf6-99585d155ce1.mirbase21.mirnas.quantification.txt,Solid Tissue Normal
e7930234-b47d-403c-8ce7-91c9e407cf0d.mirbase21.mirnas.quantification.txt,Primary Tumor
4e19b437-09f9-4768-9938-ac8f32594434.mirbase21.mirnas.quantification.txt,Primary Tumor
77c3e42d-62cc-454f-aae4-0a67e1818d84.mirbase21.mirnas.quantification.txt,Primary Tumor
b7258f7d-d323-4620-bc4e-a8d3de2cf9c1.mirbase21.mirnas.quantification.txt,Primary Tumor
6f1a5533-cf69-4583-9e38-9e4e9fedde25.mirbase21.mirnas.quantification.txt,Primary Tumor
f2906243-8bb4-4f77-89fc-08563a6d325b.mirbase21.mirnas.quantification.txt,Primary Tumor
303977ad-4984-4a81-a60b-9253b2957d28.mirbase21.mirnas.quantification.txt,Primary Tumor
1a1367ca-71c4-475f-9411-32169c7c719b.mirbase21.mirnas.quantification.txt,Primary Tumor
6015fba0-ea12-410a-af7f-a20de8ef3e1f.mirbase21.mirnas.quantification.txt,Primary Tumor
9d5db04e-ce11-424f-b520-c0d8480a43e8.mirbase21.mirnas.quantification.txt,Solid Tissue Normal
a319c8a8-17a5-4b1d-bca1-32f4767e3f09.mirbase21.mirnas.quantification.txt,Primary Tumor
bbcb8612-2d59-4606-93b3-f057c4517548.mirbase21.mirnas.quantification.txt,Primary Tumor
c791c73a-1a78-4b38-af0e-7f3e4da3c404.mirbase21.mirnas.quantification.txt,Primary Tumor
50acba1a-5594-4e07-b38e-989abfb70e27.mirbase21.mirnas.quantification.txt,Primary Tumor
f398cdd2-ccce-4818-a5ea-9048f22a6163.mirbase21.mirnas.quantification.txt,Primary Tumor
4fd98f5b-1a9c-4376-a167-a11ec497019a.mirbase21.mirnas.quantification.txt,Primary Tumor
e7a939b1-97cf-4fac-8b80-108640c63430.mirbase21.mirnas.quantification.txt,Solid Tissue Normal
1ad6d2dc-e2dc-45ea-8496-fea9e6b074b9.mirbase21.mirnas.quantification.txt,Primary Tumor
2982b018-cb8a-4c97-b222-0d2189738eb1.mirbase21.mirnas.quantification.txt,Primary Tumor
8c0c0f03-5994-4e80-b8a9-2ec3074c9099.mirbase21.mirnas.quantification.txt,Primary Tumor
d1a55714-eee5-4e85-8755-04d1573b8146.mirbase21.mirnas.quantification.txt,Primary Tumor
2e00a7eb-0d26-4f0c-8dc8-6443edcd68b3.mirbase21.mirnas.quantification.txt,Primary Tumor
5a6882ce-148c-440a-8e98-9d64bd08541f.mirbase21.mirnas.quantification.txt,Primary Tumor
cfe0fb74-0ecc-494b-a3be-7eb978341c29.mirbase21.mirnas.quantification.txt,Primary Tumor
50206c04-7dce-4b76-9ed7-9203401da67d.mirbase21.mirnas.quantification.txt,Primary Tumor
69c6129b-af14-4b88-a540-1f4006c23873.mirbase21.mirnas.quantification.txt,Primary Tumor
7430f6da-bb4b-4c16-b0bd-5cbf6ad02362.mirbase21.mirnas.quantification.txt,Primary Tumor
15db8dd9-e1da-4c65-b97e-dcb5b6f2942b.mirbase21.mirnas.quantification.txt,Primary Tumor
3660b387-0dae-4d98-bb5c-88edd6b422ce.mirbase21.mirnas.quantification.txt,Primary Tumor
fb13ad16-9411-4874-b4e4-7c45d4c14bba.mirbase21.mirnas.quantification.txt,Primary Tumor
2193403c-2925-4d95-9ad8-4c6ac723d365.mirbase21.mirnas.quantification.txt,Primary Tumor
52699729-7c9f-4675-b3d4-5ac95aae0769.mirbase21.mirnas.quantification.txt,Primary Tumor
abfbe819-27bb-40bf-a692-fb48c58f0beb.mirbase21.mirnas.quantification.txt,Primary Tumor
56035e60-67d4-4e66-9332-bf30351862e9.mirbase21.mirnas.quantification.txt,Primary Tumor
5cf52330-d648-4f43-b99c-0395192cf1f6.mirbase21.mirnas.quantification.txt,Primary Tumor
be6abaf0-123e-4df6-83fc-a0e7cb0aa192.mirbase21.mirnas.quantification.txt,Primary Tumor
12de7016-0317-4bdb-9d60-fd7772b55b74.mirbase21.mirnas.quantification.txt,Primary Tumor
d537c24e-d74a-43b6-97cd-b4f52fcb1ebf.mirbase21.mirnas.quantification.txt,Primary Tumor
4f8eab45-9ddf-457c-9514-9ae601b97e67.mirbase21.mirnas.quantification.txt,Solid Tissue Normal
b64f3d55-9681-4bdf-ab36-ce785e105aec.mirbase21.mirnas.quantification.txt,Primary Tumor
4c55a4ce-54d9-4ab7-9543-155cf89c328d.mirbase21.mirnas.quantification.txt,Primary Tumor
99408fb8-907b-4408-ae75-71478d5f550a.mirbase21.mirnas.quantification.txt,Primary Tumor
d73d425a-7937-469e-a700-4ac32ea10047.mirbase21.mirnas.quantification.txt,Primary Tumor
552400f9-73a3-47ab-9a23-1453a4c3a3c2.mirbase21.mirnas.quantification.txt,Primary Tumor
7e46986b-04c8-419c-b20e-b03ecf719611.mirbase21.mirnas.quantification.txt,Primary Tumor
58aaf74b-5087-4592-9e5c-081c53b860ed.mirbase21.mirnas.quantification.txt,Primary Tumor
faa2523b-fd18-4807-a387-93d759624cb4.mirbase21.mirnas.quantification.txt,Primary Tumor
56e56265-05ba-4184-a8ac-d17fecb100a8.mirbase21.mirnas.quantification.txt,Primary Tumor
aaeda6de-d341-4527-9e4b-1b5824fccb93.mirbase21.mirnas.quantification.txt,Primary Tumor
ae9d7c1b-c6eb-4ad7-a138-91d213cf93b3.mirbase21.mirnas.quantification.txt,Primary Tumor
df447dab-4aa6-4ea4-8c69-bf31b09b41a2.mirbase21.mirnas.quantification.txt,Solid Tissue Normal
b9846df8-09dc-41ed-8b5a-2d18ba0855ce.mirbase21.mirnas.quantification.txt,Primary Tumor
f5574b3d-6280-4ceb-9d81-23601f500f1a.mirbase21.mirnas.quantification.txt,Primary Tumor
3bf07c5d-207f-4b8a-9139-e81cb4adce03.mirbase21.mirnas.quantification.txt,Primary Tumor
3292cc5e-af77-4d56-88a7-ee700b00d282.mirbase21.mirnas.quantification.txt,Primary Tumor
5395337c-68a8-49b0-8e3f-e75e86fec9ea.mirbase21.mirnas.quantification.txt,Primary Tumor
dafb0fef-e534-422f-a340-eaf97da89480.mirbase21.mirnas.quantification.txt,Primary Tumor
c177e266-e7ca-4f24-94b0-50e1b573d0c3.mirbase21.mirnas.quantification.txt,Primary Tumor
28300a89-d4ab-4d54-a186-ed4633cddacd.mirbase21.mirnas.quantification.txt,Primary Tumor
ebee7b16-e916-4809-b0a2-4b6037cdb929.mirbase21.mirnas.quantification.txt,Primary Tumor
083eef32-396c-43bf-a5ca-3a40c8c90cdc.mirbase21.mirnas.quantification.txt,Primary Tumor
6ff6853b-f902-412f-adf5-7949cfb93eee.mirbase21.mirnas.quantification.txt,Primary Tumor
6a17a17d-c1af-462a-a1d5-1e434805d24f.mirbase21.mirnas.quantification.txt,Primary Tumor
520ac653-ede8-446f-aafa-e97da2395e87.mirbase21.mirnas.quantification.txt,Primary Tumor
3ce00af4-ca4b-4e6c-88bf-bdcab033ecdf.mirbase21.mirnas.quantification.txt,Primary Tumor
734adec6-87f2-48b8-a089-428a045f0153.mirbase21.mirnas.quantification.txt,Primary Tumor
932371a2-b3ce-4114-839f-caa7357ef31d.mirbase21.mirnas.quantification.txt,Primary Tumor
e6fe2557-b30e-483a-b406-01f84f8de1f6.mirbase21.mirnas.quantification.txt,Primary Tumor
faee8012-1105-47dd-9a54-dd574b3a5270.mirbase21.mirnas.quantification.txt,Primary Tumor
eb23ac65-5715-4141-9e53-16d69c21f4e8.mirbase21.mirnas.quantification.txt,Primary Tumor
975c89ad-d92a-4963-8dd0-ac7962fbb483.mirbase21.mirnas.quantification.txt,Primary Tumor
8b644a9e-106d-45e5-a581-35086cdcf4ac.mirbase21.mirnas.quantification.txt,Primary Tumor
1fdf0510-74f0-47e8-8b29-3d0319ddaabd.mirbase21.mirnas.quantification.txt,Primary Tumor
c3e1fc7a-4b01-436e-bf8f-a68bc7757220.mirbase21.mirnas.quantification.txt,Primary Tumor
0b88f82b-46bd-4420-a9f4-ee588bb46833.mirbase21.mirnas.quantification.txt,Primary Tumor
1aba486a-fd80-463a-adc6-4d24b942f7fd.mirbase21.mirnas.quantification.txt,Primary Tumor
024743c5-c62a-4fa6-8dc4-332b80c40f8a.mirbase21.mirnas.quantification.txt,Primary Tumor
692da5ec-471e-4db3-919d-d5d070451446.mirbase21.mirnas.quantification.txt,Primary Tumor
ae3f26b5-c78f-4a4f-97a6-c4ade0e5cde6.mirbase21.mirnas.quantification.txt,Primary Tumor
a94facb8-1523-4853-9f13-56387a13aebf.mirbase21.mirnas.quantification.txt,Primary Tumor
6371d677-e569-4723-bd5f-145d105c86ed.mirbase21.mirnas.quantification.txt,Primary Tumor
8ae259a8-4b6d-43b3-9ddf-67bce857dcc8.mirbase21.mirnas.quantification.txt,Primary Tumor
df46b814-eed8-444f-8640-64b0c753f2ff.mirbase21.mirnas.quantification.txt,Primary Tumor
9b3572ee-7c7b-417e-8748-c76e4117f684.mirbase21.mirnas.quantification.txt,Primary Tumor
57f47b07-12d2-41ad-b481-3d75258cd71d.mirbase21.mirnas.quantification.txt,Primary Tumor
76cb900b-423d-416b-bed6-154f78cd9f1a.mirbase21.mirnas.quantification.txt,Primary Tumor
16875106-ccd5-49ae-abca-98f45186921a.mirbase21.mirnas.quantification.txt,Primary Tumor
ed0562d6-fdd4-45f3-9090-4db3631b9417.mirbase21.mirnas.quantification.txt,Primary Tumor
5858c61c-34f2-40c1-b875-b5448a718bdb.mirbase21.mirnas.quantification.txt,Primary Tumor
326109ac-71bc-4459-9e77-ff5823015a1e.mirbase21.mirnas.quantification.txt,Primary Tumor
db879288-930d-4996-ae2f-b229793886d8.mirbase21.mirnas.quantification.txt,Primary Tumor
f88d640e-69d5-405d-aac3-a1d6cd1214bb.mirbase21.mirnas.quantification.txt,Primary Tumor
5583ed44-a5df-443c-a0c4-0d415e59220c.mirbase21.mirnas.quantification.txt,Primary Tumor
6d104288-aa75-4683-afc1-df16c7bbd22f.mirbase21.mirnas.quantification.txt,Solid Tissue Normal
58a45232-eead-4957-8073-cbeabd860029.mirbase21.mirnas.quantification.txt,Primary Tumor
ce4da53e-7b30-4fa2-9cca-0b1c04aaa272.mirbase21.mirnas.quantification.txt,Primary Tumor
6ae0971f-cf75-4a6b-80da-c406262bce5f.mirbase21.mirnas.quantification.txt,Primary Tumor
562cc75f-81ed-4956-94dd-90c1a646ba20.mirbase21.mirnas.quantification.txt,Primary Tumor
dff5a5d9-b6bc-4b5e-bee7-ffac0ccb2616.mirbase21.mirnas.quantification.txt,Primary Tumor
175b15f3-ceac-45b1-8cbb-0f31b8809037.mirbase21.mirnas.quantification.txt,Primary Tumor
d34bcf2f-6f08-44dd-b4e2-099053d87d3e.mirbase21.mirnas.quantification.txt,Primary Tumor
7fc48740-f3d0-40e0-9e26-44c018a2c8a3.mirbase21.mirnas.quantification.txt,Primary Tumor
ea8280b1-10bd-4645-a523-d732ac8efb84.mirbase21.mirnas.quantification.txt,Primary Tumor
8a28c14f-7e88-41da-9b14-d3768a615cf8.mirbase21.mirnas.quantification.txt,Solid Tissue Normal
991e6b0d-aa41-4130-b769-5c2e69b1077a.mirbase21.mirnas.quantification.txt,Primary Tumor
a89e354d-741b-4a0d-ae4f-a4187d82d044.mirbase21.mirnas.quantification.txt,Primary Tumor
d363bee9-546d-4242-8ea9-674249ff8d84.mirbase21.mirnas.quantification.txt,Primary Tumor
afb8692e-667d-40c5-8f90-fa0d8f7ba591.mirbase21.mirnas.quantification.txt,Primary Tumor
21e39d20-2f22-4fb2-8de1-5c30198f0b1d.mirbase21.mirnas.quantification.txt,Primary Tumor
fb3eefbb-b6e7-4736-a707-1d0aff65d3ad.mirbase21.mirnas.quantification.txt,Solid Tissue Normal
fe1ac528-4a43-498b-a91b-8b55d687c6c9.mirbase21.mirnas.quantification.txt,Primary Tumor
7f5cf379-b4e8-45b5-983a-503ea4b13dc8.mirbase21.mirnas.quantification.txt,Primary Tumor
96244a26-b8cc-4d0a-85c8-55eaceeb60a4.mirbase21.mirnas.quantification.txt,Primary Tumor
e2d54137-1766-4d14-b2d6-6cbfc375a294.mirbase21.mirnas.quantification.txt,Primary Tumor
a92242a3-46fe-4c0c-8b99-27c67482a0ae.mirbase21.mirnas.quantification.txt,Primary Tumor
df384c71-2401-4b69-9ab0-92b6c662990e.mirbase21.mirnas.quantification.txt,Primary Tumor
056a5ed4-5706-4336-956a-f78dffff1658.mirbase21.mirnas.quantification.txt,Solid Tissue Normal
030617b7-a380-4d16-93a8-3be8345d78f2.mirbase21.mirnas.quantification.txt,Primary Tumor
c220c473-32f8-4545-b3ef-7d0ba15b0562.mirbase21.mirnas.quantification.txt,Primary Tumor
f6aeb344-1175-4dfc-b657-589cdaecbb39.mirbase21.mirnas.quantification.txt,Primary Tumor
d0d2df53-cff2-45a4-b594-2722e5894c6c.mirbase21.mirnas.quantification.txt,Primary Tumor
444772af-04e4-4e34-b0b5-f1de8c0089c2.mirbase21.mirnas.quantification.txt,Primary Tumor
2889a2cd-265e-4ba3-9e84-84d345885cb2.mirbase21.mirnas.quantification.txt,Primary Tumor
7b05a7fd-550e-4e2b-a583-7db4d986c738.mirbase21.mirnas.quantification.txt,Primary Tumor
38624dda-90c3-400f-80d7-ea045dec5365.mirbase21.mirnas.quantification.txt,Primary Tumor
ce513c19-9468-454e-997f-6f07f937395f.mirbase21.mirnas.quantification.txt,Primary Tumor
78c9dff9-513e-43bf-a91e-871107e4d408.mirbase21.mirnas.quantification.txt,Primary Tumor
5e0a8ba5-11d4-4e68-9eff-b3bca23649a7.mirbase21.mirnas.quantification.txt,Primary Tumor
d04b3925-6444-4ffd-8713-4ff37795449e.mirbase21.mirnas.quantification.txt,Solid Tissue Normal
b0de1028-ed5d-4120-832c-affed06393d6.mirbase21.mirnas.quantification.txt,Primary Tumor
17461e63-041c-4f79-8ea7-bbc761a308da.mirbase21.mirnas.quantification.txt,Primary Tumor
bd5aea8a-4750-4b6d-9ecf-1cc16aa7a2f8.mirbase21.mirnas.quantification.txt,Primary Tumor
f0025a2f-8dec-4930-927c-d4e1a758a445.mirbase21.mirnas.quantification.txt,Solid Tissue Normal
9021ded7-2cbc-469d-a273-e641a6b5931e.mirbase21.mirnas.quantification.txt,Primary Tumor
9fe4604e-b99d-4bd5-aba9-473955f5e591.mirbase21.mirnas.quantification.txt,Primary Tumor
83c36aba-009d-4732-8a62-b9a766405fe2.mirbase21.mirnas.quantification.txt,Primary Tumor
a27a0c73-5bb5-4ef0-a53b-e7b1ea35d858.mirbase21.mirnas.quantification.txt,Solid Tissue Normal
aea0cbaf-4021-4968-96ca-c2c98ef37df7.mirbase21.mirnas.quantification.txt,Primary Tumor
25ba76d6-c826-41e0-ae98-246a82bb1a6e.mirbase21.mirnas.quantification.txt,Primary Tumor
0a2d1067-d263-4fa0-b622-3887d4ba1781.mirbase21.mirnas.quantification.txt,Primary Tumor
3275c550-2ced-41ea-9099-11a5b4d56011.mirbase21.mirnas.quantification.txt,Primary Tumor
1a6bcd4b-73e4-4c98-b4e0-2655109d0168.mirbase21.mirnas.quantification.txt,Solid Tissue Normal
673b2776-3b2e-4ef7-b732-62a09cb256ba.mirbase21.mirnas.quantification.txt,Primary Tumor
2251bfa8-0810-4c67-8c0d-62ae37021aac.mirbase21.mirnas.quantification.txt,Primary Tumor
88a67b46-0a8b-4791-9513-cfbdc84d4807.mirbase21.mirnas.quantification.txt,Primary Tumor
53018dab-3510-49c0-8b08-f14ee0675c3c.mirbase21.mirnas.quantification.txt,Primary Tumor
55451cd5-4b7d-41a5-97e5-f35473985ef3.mirbase21.mirnas.quantification.txt,Primary Tumor
9a49bcee-db7a-4990-ab13-b40dc2ccf7fb.mirbase21.mirnas.quantification.txt,Primary Tumor
d39dd542-f815-46ee-9d94-761d2d7b3984.mirbase21.mirnas.quantification.txt,Primary Tumor
b3a7c798-f841-427d-bd6e-e5a0ca6b0c22.mirbase21.mirnas.quantification.txt,Primary Tumor
f3af6a20-b290-4a3f-bcaf-499f92d63a8a.mirbase21.mirnas.quantification.txt,Primary Tumor
8a00d9f9-b370-4fa2-8ff9-c10ca616b16c.mirbase21.mirnas.quantification.txt,Primary Tumor
a010f536-f71f-4ec7-9bc0-d102c7e21da9.mirbase21.mirnas.quantification.txt,Primary Tumor
cecba016-012e-47f6-aa44-39e4cc487b0f.mirbase21.mirnas.quantification.txt,Primary Tumor
0b3d559f-366a-440e-b86e-e4f15029786c.mirbase21.mirnas.quantification.txt,Solid Tissue Normal
394c3026-fab3-43f2-bdd8-3fdbb15011b9.mirbase21.mirnas.quantification.txt,Solid Tissue Normal
055d2f26-6bbb-4e86-8575-d2222680e547.mirbase21.mirnas.quantification.txt,Primary Tumor
803b0a36-be1e-4e32-9e38-2a3a603677e2.mirbase21.mirnas.quantification.txt,Primary Tumor
fd844a76-a96a-44b9-87b3-c6481a661f44.mirbase21.mirnas.quantification.txt,Primary Tumor
45244269-74f7-4ab7-9dc6-a2dfa8441825.mirbase21.mirnas.quantification.txt,Primary Tumor
dba53166-86e3-470a-b91e-e4371115eef4.mirbase21.mirnas.quantification.txt,Primary Tumor
a364fe89-8fde-4969-b798-94e4c49e2cf5.mirbase21.mirnas.quantification.txt,Primary Tumor
15424b5a-886e-4fd4-b14d-163e6bfc2a73.mirbase21.mirnas.quantification.txt,Primary Tumor
aec72034-9016-4357-a4b5-b9f800b74016.mirbase21.mirnas.quantification.txt,Primary Tumor
202e6987-36d3-4c92-8ffb-db694e158126.mirbase21.mirnas.quantification.txt,Primary Tumor
217b0471-b511-4dd9-8687-f76a5a2fc128.mirbase21.mirnas.quantification.txt,Primary Tumor
74580ce5-8a02-4075-9fdb-c7a13bfb0934.mirbase21.mirnas.quantification.txt,Solid Tissue Normal
285e900b-3f84-48b3-a95f-58a0811785e2.mirbase21.mirnas.quantification.txt,Primary Tumor
7623cddc-098f-4358-9055-d21e82791efc.mirbase21.mirnas.quantification.txt,Primary Tumor
519311c9-5cf3-45d6-a63e-d58537c79ea5.mirbase21.mirnas.quantification.txt,Solid Tissue Normal
22f455c1-b195-4dc6-9e86-0ee14c2121bd.mirbase21.mirnas.quantification.txt,Primary Tumor
458a2837-9905-441c-9d94-81c380951192.mirbase21.mirnas.quantification.txt,Primary Tumor
12deee61-e31d-4f81-9007-63992fca1a5a.mirbase21.mirnas.quantification.txt,Primary Tumor
09b7c3b8-af4d-4460-8712-473a87fff9fa.mirbase21.mirnas.quantification.txt,Primary Tumor
4e3319b9-b8c7-4510-b089-ce9404678caa.mirbase21.mirnas.quantification.txt,Primary Tumor
aa3cb24b-f62a-42c9-b05d-f8fd0eb38d8a.mirbase21.mirnas.quantification.txt,Primary Tumor
e4cfd81a-4e73-45ea-9f04-01a3d994de5b.mirbase21.mirnas.quantification.txt,Primary Tumor
366650b6-c4c0-45c1-beeb-5db9762838a4.mirbase21.mirnas.quantification.txt,Primary Tumor
938573e9-d3ad-49e6-9ab9-fafba92af5a1.mirbase21.mirnas.quantification.txt,Primary Tumor
9ef05620-bc20-44ec-9cfc-24750408be7d.mirbase21.mirnas.quantification.txt,Solid Tissue Normal
f22f60e0-6007-415b-ae5c-2da436022c6c.mirbase21.mirnas.quantification.txt,Primary Tumor
32eaf773-4516-45a7-b162-836320c1efdb.mirbase21.mirnas.quantification.txt,Primary Tumor
919295da-922e-4b40-ac38-24ca4278c37b.mirbase21.mirnas.quantification.txt,Primary Tumor
3681551a-ef73-4c5f-9b5c-c961ca7e5c18.mirbase21.mirnas.quantification.txt,Primary Tumor