ee1c60e8-603e-43ec-b42d-788785532b57.mirbase21.mirnas.quantification.txt,Metastatic
72280a13-1bf2-454b-95f9-4efd318575bd.mirbase21.mirnas.quantification.txt,Metastatic
389d5f1f-6118-4ec2-b2d7-10ae101652b1.mirbase21.mirnas.quantification.txt,Metastatic
05c25a1a-f778-4c22-a99f-2da2e7e89309.mirbase21.mirnas.quantification.txt,Primary Tumor
cf334988-8803-40b1-9b6b-75492bf3e6f0.mirbase21.mirnas.quantification.txt,Primary Tumor
d075d816-0ac5-40f9-9a84-1f278a8410c8.mirbase21.mirnas.quantification.txt,Primary Tumor
52afe309-f465-435f-9ca6-959ce4353a0b.mirbase21.mirnas.quantification.txt,Primary Tumor
fb7eaec2-a57d-4569-9285-7fe38dfe1457.mirbase21.mirnas.quantification.txt,Metastatic
982b9385-c439-4ed2-80a2-9cb4bbf7e198.mirbase21.mirnas.quantification.txt,Primary Tumor
efce64b5-177a-4857-a03f-685d8f4e81d2.mirbase21.mirnas.quantification.txt,Metastatic
31557faf-45b1-4f7e-b570-cab893d357a8.mirbase21.mirnas.quantification.txt,Primary Tumor
2366f383-3f56-4220-a6e9-d0b8c4ca733a.mirbase21.mirnas.quantification.txt,Primary Tumor
f9a6f2e1-528c-4eed-9ae6-b99cc98efeb1.mirbase21.mirnas.quantification.txt,Metastatic
2a94dd15-07e7-4a06-a402-b0748468d6ea.mirbase21.mirnas.quantification.txt,Primary Tumor
7e53de53-47b4-4354-b4ac-5bbb9546e239.mirbase21.mirnas.quantification.txt,Metastatic
b258f92f-2b7f-4e25-9ef9-530c8ad3c057.mirbase21.mirnas.quantification.txt,Primary Tumor
943753f1-5023-4195-a8c1-d4ee90be80a3.mirbase21.mirnas.quantification.txt,Metastatic
dd53b19c-ebc7-4696-83c6-a5f20cbb0b92.mirbase21.mirnas.quantification.txt,Primary Tumor
66508baa-e14d-4c03-ba4d-3e0dc2adfc8a.mirbase21.mirnas.quantification.txt,Primary Tumor
39c61b4c-01a4-4fba-b6a9-a4d6ab9781b6.mirbase21.mirnas.quantification.txt,Metastatic
26efbcf8-6489-48f5-87d1-fd0a941d5c36.mirbase21.mirnas.quantification.txt,Metastatic
50636648-40be-4b63-9cf6-a25163777c94.mirbase21.mirnas.quantification.txt,Metastatic
ec2574ce-2c1a-498c-b541-ab3ccf1ed877.mirbase21.mirnas.quantification.txt,Primary Tumor
0da3976e-1d09-453c-8e3e-8a0639918f9a.mirbase21.mirnas.quantification.txt,Primary Tumor
c1bd7087-1be5-40df-81da-22b1e2989f94.mirbase21.mirnas.quantification.txt,Primary Tumor
fd0c0c5c-bb27-4dff-947e-8bb6dfbead0f.mirbase21.mirnas.quantification.txt,Metastatic
dcb04e20-3170-4616-afc6-5353c017c59d.mirbase21.mirnas.quantification.txt,Solid Tissue Normal
9a9cd1e7-6328-41ce-ad73-c127b823c4a7.mirbase21.mirnas.quantification.txt,Metastatic
44dbdf40-c196-4b0f-a3dc-45ea64a8932f.mirbase21.mirnas.quantification.txt,Metastatic
aec0ac89-d9be-4f7a-80e9-2b9b31f05912.mirbase21.mirnas.quantification.txt,Primary Tumor
05cf8354-db56-4662-a41d-aaf721350765.mirbase21.mirnas.quantification.txt,Metastatic
7bc14ea2-8182-4e90-90cc-f89d99ec8105.mirbase21.mirnas.quantification.txt,Metastatic
200acd46-d196-4e07-ab10-54166aad64f2.mirbase21.mirnas.quantification.txt,Metastatic
35b4f93d-ca37-43f1-b9bf-8530547303ef.mirbase21.mirnas.quantification.txt,Metastatic
2174c5e8-55ce-4f08-a4f2-389ec1280417.mirbase21.mirnas.quantification.txt,Metastatic
1d1624e0-24cd-48d0-928c-057297a7e3c5.mirbase21.mirnas.quantification.txt,Primary Tumor
4790e0b5-505a-4900-baa6-c757ff1b17eb.mirbase21.mirnas.quantification.txt,Metastatic
8f1df4b8-a6ba-41ac-9cf3-a4d9d4fba0ac.mirbase21.mirnas.quantification.txt,Primary Tumor
50057941-264c-44dc-bc5a-bc3c8327f92d.mirbase21.mirnas.quantification.txt,Primary Tumor
0a338036-75fc-44be-9839-054ae2471cd9.mirbase21.mirnas.quantification.txt,Metastatic
ad6b7cce-3eeb-4bcb-a56f-3a867e6d0d7a.mirbase21.mirnas.quantification.txt,Metastatic
520036e7-bbf0-485c-9ff3-1c55b2d81016.mirbase21.mirnas.quantification.txt,Metastatic
4c006d51-8fb9-4524-85c4-f10efa95be16.mirbase21.mirnas.quantification.txt,Metastatic
d422947f-6a1c-4119-a4c1-75432f177ba1.mirbase21.mirnas.quantification.txt,Metastatic
f8cf6f4b-e83b-47a5-ab36-5e8d02913b6a.mirbase21.mirnas.quantification.txt,Primary Tumor
f18bac0c-19ae-480a-9c49-d4c037e48654.mirbase21.mirnas.quantification.txt,Metastatic
5196a479-4581-4200-8791-19f0f30a02fc.mirbase21.mirnas.quantification.txt,Primary Tumor
6d06144e-f7a0-4237-99c1-e72eec669e72.mirbase21.mirnas.quantification.txt,Primary Tumor
fc7f80ed-77ad-4637-9d7a-b22da3889144.mirbase21.mirnas.quantification.txt,Metastatic
451df0d5-d64a-44fb-997b-80f35d131b75.mirbase21.mirnas.quantification.txt,Metastatic
85e63050-6ee1-44a7-ab68-52862f1f72b6.mirbase21.mirnas.quantification.txt,Primary Tumor
c7897163-e3f0-4017-adec-b68522c027ac.mirbase21.mirnas.quantification.txt,Metastatic
8c6dad64-2ce6-4124-a451-df28f53a0f4a.mirbase21.mirnas.quantification.txt,Primary Tumor
ea7e413e-630f-4488-91b3-98ac6265c84d.mirbase21.mirnas.quantification.txt,Primary Tumor
e0eda762-3642-4b55-91c6-ca738ee8c128.mirbase21.mirnas.quantification.txt,Metastatic
bcc9235d-69fd-4b43-8f47-4443f081a76e.mirbase21.mirnas.quantification.txt,Metastatic
d1d9286d-960e-4546-b78c-42277b1f87d6.mirbase21.mirnas.quantification.txt,Metastatic
3f57f078-6c8b-427d-b0b1-44a360610678.mirbase21.mirnas.quantification.txt,Metastatic
b8354fe7-a8b7-4dd0-b7bd-9985f65ad2b8.mirbase21.mirnas.quantification.txt,Primary Tumor
df8be839-b059-4e72-a608-2107ea228dc3.mirbase21.mirnas.quantification.txt,Primary Tumor
8e090d97-62fe-4515-9a41-61ed7fa8e611.mirbase21.mirnas.quantification.txt,Metastatic
fc052c83-e386-4109-9651-3209c9214b90.mirbase21.mirnas.quantification.txt,Primary Tumor
009b6379-c93b-48bc-91dd-854226f2b2cb.mirbase21.mirnas.quantification.txt,Metastatic
606d9178-420f-47aa-948a-40597fd733b1.mirbase21.mirnas.quantification.txt,Metastatic
ae568710-1daf-4169-9676-ec396dfbe612.mirbase21.mirnas.quantification.txt,Metastatic
6aa6dd22-4753-480d-bdbd-b41dd5158266.mirbase21.mirnas.quantification.txt,Metastatic
dcb91747-11b4-4091-8342-fa971c6fbc22.mirbase21.mirnas.quantification.txt,Metastatic
b68bf068-459b-4d0d-979b-686b2957af4e.mirbase21.mirnas.quantification.txt,Metastatic
8645595b-72eb-4c5b-96b4-41bddd4823f9.mirbase21.mirnas.quantification.txt,Metastatic
049b1b43-4cb5-4e65-b75d-3688b4aa2a5b.mirbase21.mirnas.quantification.txt,Metastatic
9db9b7d7-67c9-4469-abe3-f6b5622f20d8.mirbase21.mirnas.quantification.txt,Metastatic
fcfdefa0-d6f0-485c-b9e1-79f40c689eb6.mirbase21.mirnas.quantification.txt,Metastatic
d7ec6f34-479a-4f8c-ad5d-731e915211ad.mirbase21.mirnas.quantification.txt,Metastatic
b3859e4d-84ea-444c-931d-948805ce857d.mirbase21.mirnas.quantification.txt,Metastatic
15ecc01e-4b79-414b-97db-f0b307b47b5f.mirbase21.mirnas.quantification.txt,Primary Tumor
37d0468f-1c69-4062-89d1-0077cba84602.mirbase21.mirnas.quantification.txt,Primary Tumor
ae93393b-f1ad-4019-887d-7224c7897989.mirbase21.mirnas.quantification.txt,Metastatic
bed40114-788e-4a08-a715-0d27ce77dd93.mirbase21.mirnas.quantification.txt,Metastatic
635b70d3-87fe-404c-ba9a-90bc12b25930.mirbase21.mirnas.quantification.txt,Metastatic
ea0508dc-8cac-4615-87ce-d49d68c8dca5.mirbase21.mirnas.quantification.txt,Metastatic
3ad0edf1-d03c-4944-9422-38edf1cfec65.mirbase21.mirnas.quantification.txt,Metastatic
873d2203-5ac9-41d6-8b11-85f532ce4e21.mirbase21.mirnas.quantification.txt,Metastatic
79731b90-58cb-4908-a70f-2823ca5d4978.mirbase21.mirnas.quantification.txt,Primary Tumor
8fd6e17d-9993-46a5-8a92-80802de578db.mirbase21.mirnas.quantification.txt,Metastatic
7bdfdf3e-20c2-493b-929c-4d7c72cc5034.mirbase21.mirnas.quantification.txt,Metastatic
e23ffe9d-a3e4-484e-976a-e24e44897598.mirbase21.mirnas.quantification.txt,Metastatic
69b8e66f-b1ed-4a18-b770-335f427e4479.mirbase21.mirnas.quantification.txt,Metastatic
eb8cd7eb-54e6-4c28-b74d-9afc7bfe55f3.mirbase21.mirnas.quantification.txt,Metastatic
1b953d70-ec0d-43c8-a277-49d0140481ae.mirbase21.mirnas.quantification.txt,Metastatic
1ae55c03-452d-4afc-b7fb-e469299e5c81.mirbase21.mirnas.quantification.txt,Metastatic
7622d209-0fad-4476-9b5e-e262a77e7ea0.mirbase21.mirnas.quantification.txt,Metastatic
77308da8-64e9-4b88-9308-8c16b408caff.mirbase21.mirnas.quantification.txt,Metastatic
99802ec3-bd60-41cd-8c89-37373343a3e1.mirbase21.mirnas.quantification.txt,Metastatic
a4b515cd-f843-411c-999d-5866a04cefcd.mirbase21.mirnas.quantification.txt,Metastatic
a06618cd-3f46-4c9a-98ea-bf01e5d49256.mirbase21.mirnas.quantification.txt,Metastatic
7c6186e1-ad18-424b-9dd3-6fc1549c14a5.mirbase21.mirnas.quantification.txt,Metastatic
245aea7a-0d5c-4d50-80df-f895e23bbef0.mirbase21.mirnas.quantification.txt,Metastatic
fb1eed2e-d5be-4e52-9a42-a5b10dc19ac1.mirbase21.mirnas.quantification.txt,Metastatic
2bb8ecd6-1825-4ff5-8ecb-ef23cde4665a.mirbase21.mirnas.quantification.txt,Metastatic
fb2e9584-2781-4271-ada5-7cc53bb8167a.mirbase21.mirnas.quantification.txt,Metastatic
af835687-1b5d-4c25-954e-639473db689c.mirbase21.mirnas.quantification.txt,Metastatic
de243da5-d29c-4323-9280-16fb1960b414.mirbase21.mirnas.quantification.txt,Metastatic
e3ddd6d7-a900-4eff-9adf-27f9c062473c.mirbase21.mirnas.quantification.txt,Metastatic
34eb4142-588b-478c-814b-1eb72ab0ce4b.mirbase21.mirnas.quantification.txt,Metastatic
aec10352-3065-450f-8483-8707dca5afe9.mirbase21.mirnas.quantification.txt,Metastatic
5a29956d-a812-4b38-90ab-bced2079dfa8.mirbase21.mirnas.quantification.txt,Metastatic
4a2320e9-d329-401f-af31-6abc3529f2fa.mirbase21.mirnas.quantification.txt,Metastatic
0ceb247c-1732-48bb-a998-81bd91653c88.mirbase21.mirnas.quantification.txt,Metastatic
c3708708-74a0-4be4-b1cf-a1917bbcf671.mirbase21.mirnas.quantification.txt,Metastatic
5ee9292c-e916-4964-a9cd-9d72ea7c30fd.mirbase21.mirnas.quantification.txt,Metastatic
7f3057c2-2c28-4e9e-a421-fe5e5528ced8.mirbase21.mirnas.quantification.txt,Metastatic
de821769-ac6e-4fb4-be5e-e334c3750068.mirbase21.mirnas.quantification.txt,Metastatic
5fd86190-cc2c-41f7-8b0f-a63b76983498.mirbase21.mirnas.quantification.txt,Primary Tumor
808689c5-a7e0-4ff4-ab99-42405605b53a.mirbase21.mirnas.quantification.txt,Metastatic
4b34d21d-987b-461d-b1b1-29ab12f23ca1.mirbase21.mirnas.quantification.txt,Metastatic
6476ae06-f64c-4077-90e1-0f06733409c8.mirbase21.mirnas.quantification.txt,Metastatic
4fd0cef2-8ce2-41ab-b5fe-0ac3b4c0ea7d.mirbase21.mirnas.quantification.txt,Primary Tumor
f9e848e8-5235-4001-90f8-d1a6ace75385.mirbase21.mirnas.quantification.txt,Metastatic
dc25b852-479e-4440-b3f1-6a1ad2781409.mirbase21.mirnas.quantification.txt,Metastatic
055ad325-4ec0-4bc5-b91e-3ceca0ece3f6.mirbase21.mirnas.quantification.txt,Metastatic
96222406-35ab-434c-a4ac-042d3f877aaa.mirbase21.mirnas.quantification.txt,Metastatic
f6dcb5a0-b4d9-4290-a449-70c093410830.mirbase21.mirnas.quantification.txt,Metastatic
73a468d5-cc1b-412a-8b91-66a32f59ab32.mirbase21.mirnas.quantification.txt,Metastatic
ee75de56-2141-4ff7-8e68-2aecfd15bb54.mirbase21.mirnas.quantification.txt,Primary Tumor
46bac7c2-5eba-49f9-96d6-3d02f1a92af8.mirbase21.mirnas.quantification.txt,Metastatic
3c010b9d-d64b-4fdd-a096-fb9178955b07.mirbase21.mirnas.quantification.txt,Metastatic
f0cea85d-baf6-4c68-a275-969aaa28b0f8.mirbase21.mirnas.quantification.txt,Primary Tumor
2923dc9c-0158-4e78-ab4c-dbe7e9ab22e5.mirbase21.mirnas.quantification.txt,Metastatic
cb3c53f5-358f-4f94-99b2-9ee0960a6731.mirbase21.mirnas.quantification.txt,Metastatic
beeee715-c538-465c-9250-ea3305f2ea0a.mirbase21.mirnas.quantification.txt,Metastatic
92733ed3-62d1-45e3-89cf-c9dacb67c9c1.mirbase21.mirnas.quantification.txt,Metastatic
05455314-172b-4001-a769-ea6fd2445409.mirbase21.mirnas.quantification.txt,Primary Tumor
ad2d90b1-1624-403e-972e-8dbf5a31a48a.mirbase21.mirnas.quantification.txt,Metastatic
38e123c7-5339-4938-805a-168f4527a494.mirbase21.mirnas.quantification.txt,Metastatic
1dc05187-7200-47a0-a5f4-dea243b11c09.mirbase21.mirnas.quantification.txt,Metastatic
0ca9152f-2343-4816-9921-f426ab54e99a.mirbase21.mirnas.quantification.txt,Metastatic
294b95c1-d184-4c2d-9055-b5aa8b0d205f.mirbase21.mirnas.quantification.txt,Metastatic
e15129b6-6794-44be-8a38-b1a3170c7f61.mirbase21.mirnas.quantification.txt,Metastatic
82bcec3a-5aeb-46e6-a680-eb63c013a927.mirbase21.mirnas.quantification.txt,Metastatic
0884b773-19a4-4992-b5ca-66bc947b60ec.mirbase21.mirnas.quantification.txt,Metastatic
19c53bd8-ddcc-4656-9140-4532216c5f49.mirbase21.mirnas.quantification.txt,Metastatic
69a04663-63bc-479a-9db6-3ac74d2419a1.mirbase21.mirnas.quantification.txt,Metastatic
52ee5fe6-d568-4c21-8871-287e8a8e8312.mirbase21.mirnas.quantification.txt,Metastatic
1f499e7a-9591-4024-9585-96af31f51774.mirbase21.mirnas.quantification.txt,Primary Tumor
3f9fc9c4-1be8-4530-b51d-d78d8b4e1de1.mirbase21.mirnas.quantification.txt,Primary Tumor
cbb35bf3-1c44-4225-ae46-e70e791111b2.mirbase21.mirnas.quantification.txt,Metastatic
a45b6014-def0-4d57-b9a4-12edbb190497.mirbase21.mirnas.quantification.txt,Solid Tissue Normal
e6888726-d98d-4271-9fe1-77e57bff0f75.mirbase21.mirnas.quantification.txt,Metastatic
c6debaea-5b27-4f37-8fed-09feb306c0a3.mirbase21.mirnas.quantification.txt,Primary Tumor
c4591ec4-3813-4e5c-a5c1-eb7e6ae2aea6.mirbase21.mirnas.quantification.txt,Primary Tumor
bbc7befd-6578-47b5-829e-4b33f828edf7.mirbase21.mirnas.quantification.txt,Metastatic
3a58851b-e2fc-4ab8-9efe-fb7f0980b71a.mirbase21.mirnas.quantification.txt,Metastatic
ac09bda5-882a-4913-a38b-06f939371042.mirbase21.mirnas.quantification.txt,Metastatic
3fa19cb1-edfb-4fdc-a202-b6634930d30c.mirbase21.mirnas.quantification.txt,Primary Tumor
ae1a5d36-48e5-4364-b0c3-4059c5a7df1b.mirbase21.mirnas.quantification.txt,Metastatic
675cc9a8-ee1d-4918-8b92-9d97ad6c5050.mirbase21.mirnas.quantification.txt,Primary Tumor
58120eb4-a686-4d00-95e0-4b2756ce4761.mirbase21.mirnas.quantification.txt,Metastatic
f2d248c9-3628-4fb6-9702-6e88f62bf9e9.mirbase21.mirnas.quantification.txt,Metastatic
4ab8ea61-f8fc-43d6-943d-a2c36ab17ad5.mirbase21.mirnas.quantification.txt,Metastatic
fffa6e8d-615e-483c-99a0-4705ccde8dc6.mirbase21.mirnas.quantification.txt,Metastatic
9815f8cf-719b-4a2c-bb08-4892f80ef17c.mirbase21.mirnas.quantification.txt,Metastatic
1184e4db-d13e-447c-9532-0087a1ddd2d2.mirbase21.mirnas.quantification.txt,Primary Tumor
02434edc-7a19-4e31-867e-d241c49194f8.mirbase21.mirnas.quantification.txt,Primary Tumor
0cc09821-bd01-4fd7-b5d5-4cbbcd49dabb.mirbase21.mirnas.quantification.txt,Metastatic
3edec833-ad1c-4432-beb0-693e3c290010.mirbase21.mirnas.quantification.txt,Metastatic
9fca19aa-db3f-4cc4-9a25-c99162b67a53.mirbase21.mirnas.quantification.txt,Metastatic
be737d42-df0d-4cbd-ba76-8c1fc64214a3.mirbase21.mirnas.quantification.txt,Primary Tumor
71083737-88d9-46a9-a0b7-6f97c5f4288e.mirbase21.mirnas.quantification.txt,Primary Tumor
a68cad0d-849c-4dbe-a13c-e6ca4bbc6ddb.mirbase21.mirnas.quantification.txt,Metastatic
2eaa81e0-9626-42a5-acf9-bcf2ed5c4971.mirbase21.mirnas.quantification.txt,Metastatic
1d94f258-fc28-4967-86c5-edf23e640070.mirbase21.mirnas.quantification.txt,Metastatic
693fd0a3-7cae-4ea3-9473-508e2a60b756.mirbase21.mirnas.quantification.txt,Metastatic
c9c4a45c-3c7d-41a7-91a0-6e3a422d1c97.mirbase21.mirnas.quantification.txt,Metastatic
2b1cd0a6-72ed-4d4e-a166-93ce8a43388a.mirbase21.mirnas.quantification.txt,Metastatic
c563faa2-c89c-4ca7-a583-b5ca0a2dd514.mirbase21.mirnas.quantification.txt,Primary Tumor
7953f514-91aa-4397-a9ab-2a0927238bc4.mirbase21.mirnas.quantification.txt,Metastatic
aa216171-0f18-4dbb-a75b-b1363d67e342.mirbase21.mirnas.quantification.txt,Primary Tumor
d9750240-1538-4c91-9ecb-85d43d0963b2.mirbase21.mirnas.quantification.txt,Primary Tumor
39327f4a-a996-4821-a50b-4c39f857b5fd.mirbase21.mirnas.quantification.txt,Primary Tumor
668ac0f8-f32d-4d97-a56f-14ffc1f53c4e.mirbase21.mirnas.quantification.txt,Primary Tumor
a6accaa0-7390-436b-be65-e51ca3e910f6.mirbase21.mirnas.quantification.txt,Metastatic
fd9200b7-31d8-4dff-b959-d6ffd7d026d1.mirbase21.mirnas.quantification.txt,Metastatic
b1d03b93-ae37-439f-ad8e-cd9a86604b0c.mirbase21.mirnas.quantification.txt,Metastatic
5e072af8-e8ac-4fe4-b766-270ab7efe00a.mirbase21.mirnas.quantification.txt,Metastatic
91d187ba-3bb0-4f3b-b196-3a1c3ec61ad8.mirbase21.mirnas.quantification.txt,Metastatic
00324ab1-a0ae-431f-8e02-1b5fcaf9413b.mirbase21.mirnas.quantification.txt,Metastatic
5c49b18b-5194-4ab5-a3aa-3e053f9df267.mirbase21.mirnas.quantification.txt,Metastatic
4abe642e-d2c2-4034-9b8e-fe04d5e3d310.mirbase21.mirnas.quantification.txt,Metastatic
f3177312-8916-4e5f-96b8-00b2fb85256b.mirbase21.mirnas.quantification.txt,Metastatic
21ccab94-bd51-45ad-93c1-fb589102c9d9.mirbase21.mirnas.quantification.txt,Metastatic
21003bc4-757d-470e-8306-fc930b6e6ae8.mirbase21.mirnas.quantification.txt,Metastatic
490d30a4-4b5a-40fa-bb5f-bc1a17babc0d.mirbase21.mirnas.quantification.txt,Primary Tumor
42a89c1f-1b60-46c4-9b21-b9b82b1e64dc.mirbase21.mirnas.quantification.txt,Metastatic
4fd99f2d-0621-477b-8379-6165e9805328.mirbase21.mirnas.quantification.txt,Metastatic
cab1f527-21a2-4126-8c16-3e271936c12e.mirbase21.mirnas.quantification.txt,Metastatic
9c450f49-2c57-4307-a397-965e2eafe1c5.mirbase21.mirnas.quantification.txt,Metastatic
0f78fad7-bea4-4a82-9ad1-3a8b3910bc55.mirbase21.mirnas.quantification.txt,Metastatic
b1181259-57ad-4925-9457-7947474f1225.mirbase21.mirnas.quantification.txt,Metastatic
9ab793dc-0bbe-485a-89ad-f1dfdf601acd.mirbase21.mirnas.quantification.txt,Metastatic
dff7ae5c-4edf-4d9d-85a0-bf7ba055e818.mirbase21.mirnas.quantification.txt,Metastatic
b615eb59-ada5-4e66-8657-47c62910f763.mirbase21.mirnas.quantification.txt,Primary Tumor
0eff2546-c0ac-4257-b3f7-2abea392d430.mirbase21.mirnas.quantification.txt,Metastatic
566eb81b-e919-4564-a382-76dde54663d8.mirbase21.mirnas.quantification.txt,Metastatic
84ce8589-e7e4-45d0-844b-f1383adf4b97.mirbase21.mirnas.quantification.txt,Metastatic
4e6f11b0-48a7-4cc4-b2e5-9f9909fa4935.mirbase21.mirnas.quantification.txt,Metastatic
97fa6e50-9fe3-46cb-a81c-75f26bcd7688.mirbase21.mirnas.quantification.txt,Metastatic
0d56e0f8-e40b-4844-8da8-dc99b49c7943.mirbase21.mirnas.quantification.txt,Metastatic
bc8a1ed0-c758-4305-9d49-8f4e3455807b.mirbase21.mirnas.quantification.txt,Metastatic
7afde7ca-4132-4140-9842-bf5a5053666f.mirbase21.mirnas.quantification.txt,Metastatic
e88056c6-4de5-4a96-b76c-24b5db13ff2b.mirbase21.mirnas.quantification.txt,Metastatic
bf9fd206-6154-463e-9cf5-5c85314022b8.mirbase21.mirnas.quantification.txt,Metastatic
f0ab4363-bab1-4424-8905-3d5916a0049e.mirbase21.mirnas.quantification.txt,Metastatic
bc4c4010-6641-45e6-8ba7-fa8301ec9c72.mirbase21.mirnas.quantification.txt,Metastatic
d3c2b634-94d2-481f-a602-4735d3bf5043.mirbase21.mirnas.quantification.txt,Metastatic
adf07cfa-8a37-4838-9700-d7cd616d3104.mirbase21.mirnas.quantification.txt,Metastatic
213f0d67-4dd1-400b-b8a2-48064700ae94.mirbase21.mirnas.quantification.txt,Metastatic
ce89f33f-06d2-4b21-92fe-85fd0d8b95ee.mirbase21.mirnas.quantification.txt,Metastatic
86629f2d-1cc7-4251-a0dc-9b12643a32b3.mirbase21.mirnas.quantification.txt,Metastatic
9d32f578-4734-471a-8877-87b5ccc0e138.mirbase21.mirnas.quantification.txt,Primary Tumor
a60fd4de-1ed4-475b-89a4-b9b54addf30c.mirbase21.mirnas.quantification.txt,Metastatic
e42416d4-adb4-47a7-82ef-59d51ea0bc73.mirbase21.mirnas.quantification.txt,Primary Tumor
ef3d75f6-a8b8-43d1-a50b-c8b787c41f9e.mirbase21.mirnas.quantification.txt,Primary Tumor
73b798c9-35d9-4281-a76f-04a45ae23729.mirbase21.mirnas.quantification.txt,Metastatic
7cd6702d-f216-4e68-8228-63b3c19b82c0.mirbase21.mirnas.quantification.txt,Metastatic
199e964a-98ee-4958-8cbd-7ef6de72ffae.mirbase21.mirnas.quantification.txt,Metastatic
3084d51f-48f3-4f39-b4a5-e268d2a627c4.mirbase21.mirnas.quantification.txt,Metastatic
d4a4116c-d7e1-4b55-b920-5e8c97afeb9c.mirbase21.mirnas.quantification.txt,Metastatic
fa3f8f5f-4d00-471c-8993-9f7a5c40dec6.mirbase21.mirnas.quantification.txt,Metastatic
ec469793-390d-4e4d-89e0-1b4d941fcd46.mirbase21.mirnas.quantification.txt,Primary Tumor
4455b8f5-78be-431e-953a-78683411bbac.mirbase21.mirnas.quantification.txt,Metastatic
23d22ddd-877a-4e26-a8cb-84a57c533072.mirbase21.mirnas.quantification.txt,Metastatic
febb8af0-9356-4e4c-8be0-88af0c853c52.mirbase21.mirnas.quantification.txt,Metastatic
46a53192-4672-4aa1-93b1-fa2d7b6b4831.mirbase21.mirnas.quantification.txt,Metastatic
d51c8127-15fc-4e5b-b798-b3268400523f.mirbase21.mirnas.quantification.txt,Metastatic
1ec9ee99-be48-4be9-9b7f-bdc3336877cf.mirbase21.mirnas.quantification.txt,Primary Tumor
820c7be5-c7f1-475f-8fc9-5cb5ddd3bb9a.mirbase21.mirnas.quantification.txt,Metastatic
3ae96672-5985-44a7-87a5-a17acfa7beb0.mirbase21.mirnas.quantification.txt,Primary Tumor
d916d906-8cf5-4f71-a54f-31006294b73b.mirbase21.mirnas.quantification.txt,Metastatic
0f762d5a-bcc9-40cf-97e4-81e0bc1642d1.mirbase21.mirnas.quantification.txt,Metastatic
05b42914-c200-4100-8c2b-c977ae0f3c63.mirbase21.mirnas.quantification.txt,Metastatic
a49f3629-ddde-4240-b28c-7a4170f0cdd3.mirbase21.mirnas.quantification.txt,Primary Tumor
2d3acc0b-677b-4834-9692-84ffed73bd29.mirbase21.mirnas.quantification.txt,Metastatic
60e04e30-71ab-4c37-9e01-95e0bce30899.mirbase21.mirnas.quantification.txt,Metastatic
a796c8d7-0833-4091-ad97-8520302ca6cd.mirbase21.mirnas.quantification.txt,Metastatic
f0a791ff-2f16-4359-bf6f-b4e0e636047e.mirbase21.mirnas.quantification.txt,Primary Tumor
7f66b17f-acac-4eb0-8ad6-9c571a5c926a.mirbase21.mirnas.quantification.txt,Metastatic
c06cd2f6-4282-4d72-a21c-6c16ea4aadfe.mirbase21.mirnas.quantification.txt,Metastatic
df5aae3d-066b-45ad-826d-9758baa0629d.mirbase21.mirnas.quantification.txt,Metastatic
cd93c29e-059d-4b14-8b31-f47757eb173c.mirbase21.mirnas.quantification.txt,Primary Tumor
d8b4465e-6750-4101-9c25-d0486fabcb66.mirbase21.mirnas.quantification.txt,Metastatic
b3c3e8a0-b220-429f-b69e-69d17bfb7433.mirbase21.mirnas.quantification.txt,Metastatic
4cd769f9-dfa8-4d78-b5bc-539b2969f6e2.mirbase21.mirnas.quantification.txt,Metastatic
80773a38-df95-4945-b77e-b3e1bcd2f01d.mirbase21.mirnas.quantification.txt,Metastatic
4d1a7f75-1111-4c65-bdb3-0b42c65ffba3.mirbase21.mirnas.quantification.txt,Primary Tumor
1abf5fd7-bc43-4be2-99de-867fbf60b1bd.mirbase21.mirnas.quantification.txt,Metastatic
e76870a8-b77e-4232-8716-c472de3cc8bb.mirbase21.mirnas.quantification.txt,Primary Tumor
18bc4644-5ebd-4edd-89ac-bf97e6c7343d.mirbase21.mirnas.quantification.txt,Metastatic
22f8c7f5-5280-41f1-a2de-41c3903e84c0.mirbase21.mirnas.quantification.txt,Metastatic
8ad5efbd-9ab5-43c5-8c53-520993c3ddb4.mirbase21.mirnas.quantification.txt,Primary Tumor
cc098cbe-62c6-4dbc-b446-baf8e2e31619.mirbase21.mirnas.quantification.txt,Metastatic
6a4fb0e5-b14b-472a-a2e6-d23abf91dbf3.mirbase21.mirnas.quantification.txt,Metastatic
65f5a22b-67c2-40c3-8a90-3bee6ce99611.mirbase21.mirnas.quantification.txt,Primary Tumor
a4a57834-5f7d-449c-a233-0282f642b8f0.mirbase21.mirnas.quantification.txt,Additional Metastatic
c043e215-7c57-44e7-a9dc-51ddefba33df.mirbase21.mirnas.quantification.txt,Metastatic
c3e0eabc-cb8f-4d90-aa58-759779a6869c.mirbase21.mirnas.quantification.txt,Metastatic
f1e7104e-821b-47aa-806c-bd1f590aa378.mirbase21.mirnas.quantification.txt,Metastatic
27800e40-45b8-49b7-a07f-f5756f806644.mirbase21.mirnas.quantification.txt,Primary Tumor
9a167b57-0f06-41a4-a1d4-561aa3ac7566.mirbase21.mirnas.quantification.txt,Metastatic
536cf5a5-0ac1-424d-a4b0-17fb924b8797.mirbase21.mirnas.quantification.txt,Metastatic
99f648f1-8b56-493f-845d-30bb50a5e3dd.mirbase21.mirnas.quantification.txt,Metastatic
47d1eb9e-ba09-4eae-a017-f9d2c7f2c99d.mirbase21.mirnas.quantification.txt,Metastatic
b5b6f9e9-481a-4286-9379-514f6c94ff2e.mirbase21.mirnas.quantification.txt,Metastatic
8929d60a-455e-4267-aaf9-c914a91c52c9.mirbase21.mirnas.quantification.txt,Metastatic
d6d8731f-3956-4f88-ba96-b01bf2d37fd2.mirbase21.mirnas.quantification.txt,Metastatic
96286a23-cbc9-4a7e-865e-e3a467365cb4.mirbase21.mirnas.quantification.txt,Metastatic
7ace6d11-c2c0-474e-8772-d41c369b55e6.mirbase21.mirnas.quantification.txt,Metastatic
d348cdfe-811d-45cd-ac3a-d3e2f81abf7f.mirbase21.mirnas.quantification.txt,Metastatic
cf881175-9db1-42e1-b48d-76ae5d953469.mirbase21.mirnas.quantification.txt,Metastatic
44c22de3-9f00-45f1-bbdd-a072bcfd827f.mirbase21.mirnas.quantification.txt,Metastatic
23876dbf-4870-4314-8db6-536b241be012.mirbase21.mirnas.quantification.txt,Metastatic
b37da04e-e909-490c-9fe1-9e143c9809f1.mirbase21.mirnas.quantification.txt,Metastatic
843d2e17-704a-4be1-a0e8-33dc9677f11f.mirbase21.mirnas.quantification.txt,Metastatic
280e04f9-83c5-4f46-aec6-675b1583c590.mirbase21.mirnas.quantification.txt,Metastatic
229d886c-fed2-4eec-add7-2d98fb4f0cf0.mirbase21.mirnas.quantification.txt,Metastatic
8f9da7f4-5c1c-438e-bb5c-c7c7df152697.mirbase21.mirnas.quantification.txt,Metastatic
c407bc53-b06d-48cb-889c-1b360469fe3f.mirbase21.mirnas.quantification.txt,Metastatic
b9d53896-9fab-4e3a-aff0-9f55d95badc6.mirbase21.mirnas.quantification.txt,Primary Tumor
68d28dae-9d73-4eef-89e3-60928c92c75f.mirbase21.mirnas.quantification.txt,Metastatic
1826889d-10a2-45a7-bc1f-f36fbb0468c8.mirbase21.mirnas.quantification.txt,Metastatic
870b67ee-4d49-4d1f-aac6-76596457df68.mirbase21.mirnas.quantification.txt,Metastatic
ded7c178-bf52-4f6d-a617-d09555d186fe.mirbase21.mirnas.quantification.txt,Metastatic
f84f8336-ee80-4b77-b825-102c0f2e73c8.mirbase21.mirnas.quantification.txt,Metastatic
d59a110a-82fa-444a-b557-0f69ca37b56e.mirbase21.mirnas.quantification.txt,Metastatic
3a1a8739-63f7-45f3-856b-fab8f46612dc.mirbase21.mirnas.quantification.txt,Metastatic
07190cb3-c60f-40bf-9e0b-e423f02ea404.mirbase21.mirnas.quantification.txt,Metastatic
82aeffef-2772-4344-968b-ef853e0e098d.mirbase21.mirnas.quantification.txt,Metastatic
7117d5fb-cba1-40c8-bc1f-96567f714b90.mirbase21.mirnas.quantification.txt,Metastatic
03d65cf8-8d4e-49e5-aab6-4f1ec22e9dd8.mirbase21.mirnas.quantification.txt,Metastatic
f851d770-cfd7-4f58-b4b9-29fb88e9eae3.mirbase21.mirnas.quantification.txt,Metastatic
38d2ba29-b4fd-44de-a28b-6eeaf703e500.mirbase21.mirnas.quantification.txt,Metastatic
9a9e4e42-85a5-4d62-bb82-64aa754fe196.mirbase21.mirnas.quantification.txt,Metastatic
688d59b5-2475-49e0-8220-2467a1cd0f11.mirbase21.mirnas.quantification.txt,Metastatic
7df06451-0124-453e-ac99-ef1057c90a7c.mirbase21.mirnas.quantification.txt,Metastatic
c069969a-2d72-4029-b5c4-2933e53370a1.mirbase21.mirnas.quantification.txt,Primary Tumor
db01065e-8c1f-4a08-b464-212f223cff0d.mirbase21.mirnas.quantification.txt,Metastatic
ce1278b0-a207-4cfa-849f-7a1ea1a8bdd5.mirbase21.mirnas.quantification.txt,Metastatic
37a18cce-3206-4a9b-9024-1a2094dfa54d.mirbase21.mirnas.quantification.txt,Primary Tumor
54e9d97f-6ab7-4204-b2b0-cd0f9f2ce8c4.mirbase21.mirnas.quantification.txt,Metastatic
b12c1534-9b4e-427f-9de1-3567dfef02b7.mirbase21.mirnas.quantification.txt,Metastatic
7b899850-1879-4f0b-9ed8-a778d28d3046.mirbase21.mirnas.quantification.txt,Metastatic
da9587f2-2092-4b04-a03a-a068ec663bc7.mirbase21.mirnas.quantification.txt,Primary Tumor
76508036-78ba-48f1-83b6-c29fbaae111f.mirbase21.mirnas.quantification.txt,Metastatic
5bae3c67-aa89-4709-9cf4-3b26802a1886.mirbase21.mirnas.quantification.txt,Metastatic
17c501c6-aa8f-4964-b827-33869403d9ce.mirbase21.mirnas.quantification.txt,Metastatic
6c507b78-9e1d-4998-8022-9c817c9becb4.mirbase21.mirnas.quantification.txt,Metastatic
749e4a64-d641-47fb-84fd-ded5760391be.mirbase21.mirnas.quantification.txt,Metastatic
cd8ed397-13f0-459d-b17b-22a211dd997a.mirbase21.mirnas.quantification.txt,Metastatic
3b93fabe-1e7c-4c52-8ec6-0eed62cc1278.mirbase21.mirnas.quantification.txt,Primary Tumor
85a1951d-e9ff-453e-88d5-aa6f3e3146fa.mirbase21.mirnas.quantification.txt,Metastatic
5b9599b1-6df7-44bd-b809-2a44c1bec91c.mirbase21.mirnas.quantification.txt,Metastatic
cec11a22-1dda-4d18-b6d9-32d996cdcf55.mirbase21.mirnas.quantification.txt,Primary Tumor
c65f2e59-09a5-4686-9eb6-7899c5e77950.mirbase21.mirnas.quantification.txt,Metastatic
c2654b5a-c5c3-4d04-a7bc-8129561724e4.mirbase21.mirnas.quantification.txt,Primary Tumor
4628e782-b7be-4406-a342-d9b303454eed.mirbase21.mirnas.quantification.txt,Primary Tumor
ab0672d8-0038-49fc-a3e6-86592612a63d.mirbase21.mirnas.quantification.txt,Metastatic
74f1bfd2-bd12-4e87-8d5a-22e0bc2d2adf.mirbase21.mirnas.quantification.txt,Metastatic
e56536ac-6653-4052-a445-8e7bc2a71557.mirbase21.mirnas.quantification.txt,Metastatic
b883133b-d0bb-40f1-a1b5-c12b461d77cb.mirbase21.mirnas.quantification.txt,Metastatic
e122de3a-3970-49b5-95e7-61937a4b8d01.mirbase21.mirnas.quantification.txt,Metastatic
98b07d68-0dff-41c8-8dea-2fa9b5b9ec53.mirbase21.mirnas.quantification.txt,Primary Tumor
23f4b77d-d41f-43e6-bbb3-3706ddf532e1.mirbase21.mirnas.quantification.txt,Primary Tumor
41b67906-5a9f-4f4e-9366-565dda8768c7.mirbase21.mirnas.quantification.txt,Primary Tumor
b0d0ccba-9568-4e5a-b392-9c998334cea5.mirbase21.mirnas.quantification.txt,Metastatic
0a60cd97-70f0-45eb-9714-560cff03e40c.mirbase21.mirnas.quantification.txt,Metastatic
8d01585b-4bc3-43e3-a28d-38bf4b7e2d9e.mirbase21.mirnas.quantification.txt,Primary Tumor
be6acff6-951b-47b2-bbbc-9e267b000014.mirbase21.mirnas.quantification.txt,Metastatic
f32b53b2-e28e-4720-ae3e-4f32f5b969d3.mirbase21.mirnas.quantification.txt,Primary Tumor
5141c895-0a6b-4ef3-9d66-63678a6479e7.mirbase21.mirnas.quantification.txt,Metastatic
5381e080-e31a-4b92-b076-8667b0f3cbf1.mirbase21.mirnas.quantification.txt,Primary Tumor
bf1b0676-33fb-4a1a-b727-3eaa167f688f.mirbase21.mirnas.quantification.txt,Metastatic
0b7b7b79-5575-4d50-97b1-b79458be57f9.mirbase21.mirnas.quantification.txt,Metastatic
d1471134-95d9-4c0f-bae8-9fd967cfc4c1.mirbase21.mirnas.quantification.txt,Metastatic
9e5b7304-d45a-42f2-b1df-3ac9f77798df.mirbase21.mirnas.quantification.txt,Metastatic
62da43bf-7e4d-482b-ad0c-4e4680565470.mirbase21.mirnas.quantification.txt,Metastatic
39361d8d-8717-4e8e-bfb5-f6439b352caa.mirbase21.mirnas.quantification.txt,Metastatic
01f1fbcb-9dec-4904-865e-a4feb797c0b4.mirbase21.mirnas.quantification.txt,Metastatic
7839029d-ce24-4965-bef0-76089748e2c0.mirbase21.mirnas.quantification.txt,Metastatic
c2bd24e0-5612-4e33-af93-d99f4e080864.mirbase21.mirnas.quantification.txt,Metastatic
f2ac729f-939c-4647-ac73-c3700a05bedc.mirbase21.mirnas.quantification.txt,Metastatic
d164e3be-e663-4d1d-8606-69a878e18e23.mirbase21.mirnas.quantification.txt,Metastatic
6524303f-71bd-458a-ac25-e5a02a24329d.mirbase21.mirnas.quantification.txt,Metastatic
48b59b3a-f6e6-49e9-aaa6-f7c5e2713b8d.mirbase21.mirnas.quantification.txt,Metastatic
22656b6b-f60a-43d2-8577-7e37b82e4ff0.mirbase21.mirnas.quantification.txt,Metastatic
83733b4a-c4cb-46bb-9b1b-2f0054b35e88.mirbase21.mirnas.quantification.txt,Primary Tumor
fae46710-5f02-4a1c-94dc-bda6099b583c.mirbase21.mirnas.quantification.txt,Primary Tumor
8feb6bd7-245d-49dd-9cf9-3848ec4945a7.mirbase21.mirnas.quantification.txt,Metastatic
894a6355-0190-451c-a2bb-1c60c49ec369.mirbase21.mirnas.quantification.txt,Metastatic
25e62af9-9c4f-4fec-99bc-2bfdfc8f7b69.mirbase21.mirnas.quantification.txt,Metastatic
e10317b9-503f-480c-b77c-73b56a09cae9.mirbase21.mirnas.quantification.txt,Metastatic
821d252c-99d4-49fe-9b79-9aef37574fb7.mirbase21.mirnas.quantification.txt,Metastatic
662f45e3-c36f-4be5-884f-e24a0ff4c544.mirbase21.mirnas.quantification.txt,Metastatic
465487e0-3a0d-47dd-8136-08d103d05c39.mirbase21.mirnas.quantification.txt,Metastatic
85fb079a-f90e-4528-b467-3a19c8fb048c.mirbase21.mirnas.quantification.txt,Metastatic
1b7c85a4-c93d-4687-8be7-14d9c6e46494.mirbase21.mirnas.quantification.txt,Metastatic
ae66dc2d-272b-44f6-be5d-d9fdba075c44.mirbase21.mirnas.quantification.txt,Metastatic
8fc82582-366b-4776-ba93-1724ff9e938a.mirbase21.mirnas.quantification.txt,Metastatic
e54a0565-2339-4142-8ebb-a6f3ad6f2228.mirbase21.mirnas.quantification.txt,Metastatic
f478155b-1eb6-41ae-8a20-42922967b0bb.mirbase21.mirnas.quantification.txt,Metastatic
700380a4-166f-4e3c-b58c-1cde9d95bff6.mirbase21.mirnas.quantification.txt,Metastatic
19a91470-f129-4237-b866-65b6433da3a8.mirbase21.mirnas.quantification.txt,Metastatic
98df0056-ece7-44be-9ca7-ae1fd72dc3f4.mirbase21.mirnas.quantification.txt,Metastatic
61d00cce-5b4c-4048-82b0-69f4a646dbf0.mirbase21.mirnas.quantification.txt,Metastatic
74e61d97-2a3f-4a5a-aa7e-659cd3803a7a.mirbase21.mirnas.quantification.txt,Metastatic
29cbc421-b279-49d9-bd39-7acfc5da3c5e.mirbase21.mirnas.quantification.txt,Metastatic
10cb35df-b685-4086-a13b-7a24456140d1.mirbase21.mirnas.quantification.txt,Metastatic
ffe5f25d-1662-4b49-910a-d1b7c53012cc.mirbase21.mirnas.quantification.txt,Metastatic
6c539762-7c97-43fd-a5e1-b074491c6674.mirbase21.mirnas.quantification.txt,Metastatic
1ea24752-89e1-46b2-85a1-c3adfc517460.mirbase21.mirnas.quantification.txt,Metastatic
a6c56a68-324f-447f-abb4-f142fcb0e0e3.mirbase21.mirnas.quantification.txt,Metastatic
ed24d5df-d6e9-461b-ba4e-0da49ea7655e.mirbase21.mirnas.quantification.txt,Metastatic
d4da66e3-1d87-4cd3-ad60-3e3d64c4d6b7.mirbase21.mirnas.quantification.txt,Metastatic
808c244d-60ba-4726-9087-aadceb3cd027.mirbase21.mirnas.quantification.txt,Metastatic
e523cdbc-f12c-4e5d-a3a8-9d2ff956be02.mirbase21.mirnas.quantification.txt,Primary Tumor
afa7fbf9-17bd-4d3f-888a-916026d242ba.mirbase21.mirnas.quantification.txt,Metastatic
971755d3-072e-4dd1-974d-65db6cbc02f9.mirbase21.mirnas.quantification.txt,Metastatic
45a045ae-3f90-436e-bb0d-3975e5f53d62.mirbase21.mirnas.quantification.txt,Primary Tumor
4f2655c1-c6aa-4175-a4b9-3f15696720a6.mirbase21.mirnas.quantification.txt,Metastatic
3d27bcd8-8737-4b0b-bb20-b63e7c8e2d73.mirbase21.mirnas.quantification.txt,Metastatic
c4631666-2127-4fc8-9ef6-e9e2b3eb07e5.mirbase21.mirnas.quantification.txt,Metastatic
e13576f6-e346-47a2-99d1-bb45f27b5670.mirbase21.mirnas.quantification.txt,Metastatic
2ea1bbdc-7714-484f-aefb-4e79873f2fb1.mirbase21.mirnas.quantification.txt,Metastatic
7d914ac9-ec98-49ec-8332-b59f1c757b80.mirbase21.mirnas.quantification.txt,Metastatic
5699315c-a9e6-4aaa-b29b-f7855c2f9f15.mirbase21.mirnas.quantification.txt,Metastatic
e8c3d4f1-eb7c-4b71-9ff3-4c8dfbb0e5cf.mirbase21.mirnas.quantification.txt,Metastatic
732848af-b24d-4c35-b8c2-1271fb4da5ef.mirbase21.mirnas.quantification.txt,Metastatic
aa46550d-2102-4f44-847f-82d322f79f3d.mirbase21.mirnas.quantification.txt,Metastatic
556398cf-6041-4736-90f3-4fa5ad10a54a.mirbase21.mirnas.quantification.txt,Metastatic
35220eb6-ebc9-4466-8ab0-d34b19c6ce20.mirbase21.mirnas.quantification.txt,Metastatic
8488e72c-7d24-4af4-98f2-740e3dcfdf37.mirbase21.mirnas.quantification.txt,Metastatic
4dc37f64-7af7-405a-854d-c4aec885d98a.mirbase21.mirnas.quantification.txt,Metastatic
abae27d1-3413-4408-abb5-694be20cdd5c.mirbase21.mirnas.quantification.txt,Metastatic
6d5ef574-9b59-4378-acbd-e38bf005c457.mirbase21.mirnas.quantification.txt,Primary Tumor
63d3532e-4e59-44dc-b014-bebceae1698a.mirbase21.mirnas.quantification.txt,Primary Tumor
470bf791-f77c-4672-8225-ff5d55ec6b6c.mirbase21.mirnas.quantification.txt,Primary Tumor
5e2d1394-fd9d-47bb-afc0-f679b9315221.mirbase21.mirnas.quantification.txt,Metastatic
e4e72893-660f-4fdb-96f0-cd8522710653.mirbase21.mirnas.quantification.txt,Primary Tumor
3bdbee43-8788-4181-b977-3fe7cc33da49.mirbase21.mirnas.quantification.txt,Primary Tumor
7a2e4a37-5490-4747-9273-169755881485.mirbase21.mirnas.quantification.txt,Metastatic
ff9b599d-b119-4670-a785-3a8798960397.mirbase21.mirnas.quantification.txt,Metastatic
96786309-3f49-42d4-a2a2-1ff26d217f31.mirbase21.mirnas.quantification.txt,Metastatic
b0f574c1-aab1-4709-b909-a78ef904eb83.mirbase21.mirnas.quantification.txt,Primary Tumor
4a1606e9-b85c-4975-80da-617b178a7e87.mirbase21.mirnas.quantification.txt,Metastatic
4ced7eaf-f43c-42bf-8766-32da9da22825.mirbase21.mirnas.quantification.txt,Metastatic
811e1467-5583-41f7-9e69-a4b926f2cae0.mirbase21.mirnas.quantification.txt,Primary Tumor
ca990476-292f-40df-b3cc-c0d390a3ce81.mirbase21.mirnas.quantification.txt,Metastatic
6668fb8f-2f51-4074-830d-b94d13942a69.mirbase21.mirnas.quantification.txt,Metastatic
a22fb043-f987-4556-b04b-13fab8756196.mirbase21.mirnas.quantification.txt,Primary Tumor
b0edb975-2514-4e70-9deb-39e0f2446dcc.mirbase21.mirnas.quantification.txt,Metastatic
ca012a4e-c569-4a36-aec7-ac9ce0b88c4c.mirbase21.mirnas.quantification.txt,Metastatic
44173201-dd6f-4a8d-9e25-00d8210aff69.mirbase21.mirnas.quantification.txt,Primary Tumor
da004f0d-b1ac-4efa-88a0-b7b5fc79da2c.mirbase21.mirnas.quantification.txt,Metastatic
26e90dce-af9a-4285-a877-02384b9f7dc1.mirbase21.mirnas.quantification.txt,Metastatic
36a86a89-8784-47a0-b39d-6d9058914854.mirbase21.mirnas.quantification.txt,Primary Tumor
5801a134-103b-43af-88b0-b24581b5ad9b.mirbase21.mirnas.quantification.txt,Metastatic
a8b6af78-ef5c-4f37-8ffe-e2ae1475ff89.mirbase21.mirnas.quantification.txt,Metastatic
6a84d162-c80d-451f-9a18-cc86c405cbce.mirbase21.mirnas.quantification.txt,Primary Tumor
32f249f1-d00a-4b86-982c-9d84c3117454.mirbase21.mirnas.quantification.txt,Metastatic
c74f1be2-5e66-48a6-9b46-75fb28c11787.mirbase21.mirnas.quantification.txt,Metastatic
f8d346d6-cd6f-4c52-a161-348abf4683f2.mirbase21.mirnas.quantification.txt,Metastatic
ea946e50-d521-468c-84f0-9a65173ee6b0.mirbase21.mirnas.quantification.txt,Metastatic
3d5decc6-5d24-4045-9fd0-7022dbef620a.mirbase21.mirnas.quantification.txt,Metastatic
dda4d1c1-031e-49db-ade0-fd2c4587b9b1.mirbase21.mirnas.quantification.txt,Metastatic
0f78f2f1-9e83-4873-a61f-a534768e23cb.mirbase21.mirnas.quantification.txt,Primary Tumor
27b109d4-eaf6-4151-a769-0c75769ebc1e.mirbase21.mirnas.quantification.txt,Metastatic
e2c55eed-174c-4915-87a9-2ed385120478.mirbase21.mirnas.quantification.txt,Metastatic
6c69b3a5-9794-44e2-988c-569e7de0dfb7.mirbase21.mirnas.quantification.txt,Metastatic
1ecc0e14-86e6-4391-ac88-6f393f39ac23.mirbase21.mirnas.quantification.txt,Primary Tumor
52fa3fe2-a847-4dcd-acde-ded8f5c89a5a.mirbase21.mirnas.quantification.txt,Metastatic
18ec98a9-023f-4d3c-bce3-8d71503246d3.mirbase21.mirnas.quantification.txt,Metastatic
b81a3219-aa54-44aa-a5f1-33bb1ecf1b57.mirbase21.mirnas.quantification.txt,Metastatic
ea604d58-4ece-46e0-bfdd-74591de6dd7d.mirbase21.mirnas.quantification.txt,Metastatic
4b6d8b7d-bd6e-4792-ac4a-9479ad46393c.mirbase21.mirnas.quantification.txt,Metastatic
a72ce007-d662-44bc-8e59-719c80a8f009.mirbase21.mirnas.quantification.txt,Metastatic
1919adb8-a40a-420a-b145-28d319515556.mirbase21.mirnas.quantification.txt,Metastatic
ba155781-0571-4915-8b0d-e1e459f7bd53.mirbase21.mirnas.quantification.txt,Metastatic
8312cd24-2e04-48b2-a9c3-45541ed7f8cf.mirbase21.mirnas.quantification.txt,Metastatic
76685dec-50fc-4d50-acc9-ba20f7453152.mirbase21.mirnas.quantification.txt,Metastatic
196a5911-9c61-4330-8eeb-a7e4d885dfed.mirbase21.mirnas.quantification.txt,Metastatic
f19aab00-1613-46cf-8de4-2fa36c69c19a.mirbase21.mirnas.quantification.txt,Metastatic
576b3c0f-33b5-4938-8d32-1ba83763306f.mirbase21.mirnas.quantification.txt,Metastatic
8a55f740-92a0-4f02-9f52-e5f82b2661fb.mirbase21.mirnas.quantification.txt,Metastatic
9ddbe935-c542-47da-af7d-3edd962e5884.mirbase21.mirnas.quantification.txt,Metastatic