0f1adfcd-f0ea-4864-80fb-ce1c665d4117.mirbase21.mirnas.quantification.txt,Primary Tumor
bfc98ef5-2466-47ab-b970-51bb8984598f.mirbase21.mirnas.quantification.txt,Primary Tumor
2bc053c2-1176-4ab5-9e11-b29dbfb0aef8.mirbase21.mirnas.quantification.txt,Primary Tumor
ae7a8248-40dd-4989-a0ba-67fbbc283b0d.mirbase21.mirnas.quantification.txt,Primary Tumor
58059d38-5d5d-4703-8bc3-ec0cfcb40271.mirbase21.mirnas.quantification.txt,Solid Tissue Normal
bf38c5d5-a3c8-45ea-bc44-82574bf9164b.mirbase21.mirnas.quantification.txt,Primary Tumor
d1395b67-a9de-41eb-8f24-82a98ec12466.mirbase21.mirnas.quantification.txt,Primary Tumor
acc95e12-3168-4421-bfc8-42609f6569c7.mirbase21.mirnas.quantification.txt,Primary Tumor
3cfc7759-1f62-4ce8-9e18-8c4b4c301f08.mirbase21.mirnas.quantification.txt,Primary Tumor
1000d522-4229-4efb-93d0-05b79d9c10a9.mirbase21.mirnas.quantification.txt,Primary Tumor
362b8279-eb58-4a7e-b9c0-112f1c54021a.mirbase21.mirnas.quantification.txt,Primary Tumor
97d5c619-42b1-48c6-92ba-060521a03d1a.mirbase21.mirnas.quantification.txt,Primary Tumor
04784960-4659-45df-8be7-850d745762dd.mirbase21.mirnas.quantification.txt,Primary Tumor
d16b042b-b32e-4442-bca1-9510c85687df.mirbase21.mirnas.quantification.txt,Primary Tumor
527c8b1b-9ad7-4fc8-87ef-c190f3540942.mirbase21.mirnas.quantification.txt,Solid Tissue Normal
7d2e209d-a5f9-4b07-8f20-c8e72c3cac5a.mirbase21.mirnas.quantification.txt,Primary Tumor
90eee111-40fb-44b9-a839-69ee9cbeebb6.mirbase21.mirnas.quantification.txt,Primary Tumor
fa1a8285-3b7e-4878-a29f-ee280fa580ca.mirbase21.mirnas.quantification.txt,Primary Tumor
5039f200-38f6-45a4-9b30-6fb3b8fd946d.mirbase21.mirnas.quantification.txt,Primary Tumor
913017e8-fd16-4b08-984c-2cfa3c36bcdd.mirbase21.mirnas.quantification.txt,Primary Tumor
ca395917-71de-4b57-8722-c717406f62f9.mirbase21.mirnas.quantification.txt,Primary Tumor
8aeaf9bb-2a35-4385-ad1f-5b109f2ff43d.mirbase21.mirnas.quantification.txt,Primary Tumor
ba61393c-391e-408d-aaee-6c7c293a2cf2.mirbase21.mirnas.quantification.txt,Primary Tumor
fcbcb9ab-dc24-4169-a949-fa5c2f821152.mirbase21.mirnas.quantification.txt,Primary Tumor
004243d6-1bd6-4cd1-aa4b-963d9daa4d29.mirbase21.mirnas.quantification.txt,Primary Tumor
3e9d6066-074d-4bdd-bd49-e43de15b603c.mirbase21.mirnas.quantification.txt,Primary Tumor
f80795d2-24a0-44dc-a8de-c090d3cf527f.mirbase21.mirnas.quantification.txt,Primary Tumor
9439019a-c865-401c-9470-4becfd78255c.mirbase21.mirnas.quantification.txt,Primary Tumor
c44be865-5da0-44d6-a181-a9b6a1da7b22.mirbase21.mirnas.quantification.txt,Primary Tumor
fa7c9692-cc6a-4b8d-9fab-94366f1b91d1.mirbase21.mirnas.quantification.txt,Primary Tumor
8a117856-211b-457b-8235-18c8ead14b07.mirbase21.mirnas.quantification.txt,Primary Tumor
166de38a-ebe7-44be-afd2-3de92b90738f.mirbase21.mirnas.quantification.txt,Primary Tumor
956524b3-d119-43b8-af72-71137a3adca0.mirbase21.mirnas.quantification.txt,Primary Tumor
29a86ff8-fbab-494a-ae84-63d463e61a8b.mirbase21.mirnas.quantification.txt,Primary Tumor
46ba8c52-021c-47c8-ba97-940dd354a7be.mirbase21.mirnas.quantification.txt,Primary Tumor
9b7cc61b-1e00-4599-8624-e7f22b0887e1.mirbase21.mirnas.quantification.txt,Primary Tumor
a91b0494-4774-4e6a-ac50-107eec8bfd36.mirbase21.mirnas.quantification.txt,Primary Tumor
d719bc04-34bc-46fa-ba7f-affc3a96ba76.mirbase21.mirnas.quantification.txt,Primary Tumor
db97894a-6555-45e6-8b48-7131650be7cf.mirbase21.mirnas.quantification.txt,Solid Tissue Normal
b8d0dc02-35c8-4c82-b7c3-7ce0269a62a6.mirbase21.mirnas.quantification.txt,Primary Tumor
759fa0fe-5281-4b49-a434-09ca4ad25ae3.mirbase21.mirnas.quantification.txt,Primary Tumor
64497303-04b9-45b9-83d5-011068bc3b7c.mirbase21.mirnas.quantification.txt,Primary Tumor
139f504f-7665-4491-ba32-bac1cc937173.mirbase21.mirnas.quantification.txt,Primary Tumor
6d58171f-285c-4dcd-ad76-add27f9e0743.mirbase21.mirnas.quantification.txt,Primary Tumor
605c56db-7da9-4fb7-8853-0a1ebf1e1085.mirbase21.mirnas.quantification.txt,Primary Tumor
6de15421-85bd-4296-a80f-3e9211da2734.mirbase21.mirnas.quantification.txt,Primary Tumor
ffc0102b-f3f0-4ad2-a0ca-4dc0425391ce.mirbase21.mirnas.quantification.txt,Primary Tumor
a56c6f58-aeb9-4407-ad99-c5d69e038215.mirbase21.mirnas.quantification.txt,Primary Tumor
c3c45a09-daf8-4466-88cd-c938610f552b.mirbase21.mirnas.quantification.txt,Primary Tumor
24a7d302-c6fd-4732-807a-8e2018f40e23.mirbase21.mirnas.quantification.txt,Primary Tumor
f9f8ebda-73b7-41cd-a5e9-cfd3c04079cc.mirbase21.mirnas.quantification.txt,Primary Tumor
de0a08cf-76f6-4c1f-ba52-9b8b1468ac70.mirbase21.mirnas.quantification.txt,Solid Tissue Normal
a0383bce-04ee-4d36-9f46-6b5c75b1c768.mirbase21.mirnas.quantification.txt,Primary Tumor
1dbbc3a5-38be-42fc-93de-2f2cf8c466ba.mirbase21.mirnas.quantification.txt,Primary Tumor
ea7be3c1-4014-457b-b5db-d6594ce87f1a.mirbase21.mirnas.quantification.txt,Solid Tissue Normal
c65a4303-17b1-49fb-82f2-7161baf895b9.mirbase21.mirnas.quantification.txt,Primary Tumor
77773e95-3644-4949-98d7-df02b64d78b9.mirbase21.mirnas.quantification.txt,Primary Tumor
5d1acfc6-aa4c-4c92-bd29-7120c753e8e0.mirbase21.mirnas.quantification.txt,Primary Tumor
4f504dab-7283-4f50-a94d-937756bd668f.mirbase21.mirnas.quantification.txt,Primary Tumor
f69743ce-16b8-460b-935a-d8197859cea2.mirbase21.mirnas.quantification.txt,Primary Tumor
7e1b42f5-c577-4747-a5f7-e026ee94218c.mirbase21.mirnas.quantification.txt,Primary Tumor
a72a31af-35ec-4b9f-8832-0b45039319ba.mirbase21.mirnas.quantification.txt,Primary Tumor
276f380e-2929-4534-ad88-0a5ff3df184b.mirbase21.mirnas.quantification.txt,Primary Tumor
9d383fe7-8265-423d-8eb3-d47f58a2fa77.mirbase21.mirnas.quantification.txt,Primary Tumor
74dda470-561e-46e8-b8f5-1db35a1a8d57.mirbase21.mirnas.quantification.txt,Primary Tumor
1acef51c-8cc6-4ce9-b7bc-21ece6fae7de.mirbase21.mirnas.quantification.txt,Primary Tumor
1007a6b3-e11a-4059-a661-4a8644253a48.mirbase21.mirnas.quantification.txt,Primary Tumor
033badae-357a-4580-982a-cbf9035e4f8a.mirbase21.mirnas.quantification.txt,Primary Tumor
0f698163-d480-41dd-b90c-2ac432d5c9be.mirbase21.mirnas.quantification.txt,Primary Tumor
42ad728c-d974-498f-9c33-a69fa0cc2128.mirbase21.mirnas.quantification.txt,Primary Tumor
c7c47084-8742-48b8-ba3e-e8950ae70014.mirbase21.mirnas.quantification.txt,Primary Tumor
5777058a-cf53-4bc9-a91d-51e74ce5a133.mirbase21.mirnas.quantification.txt,Primary Tumor
f9f9d5f8-ec97-4a45-8117-21845ddd9aef.mirbase21.mirnas.quantification.txt,Primary Tumor
eb7bb941-5125-4316-81c4-e82150bff615.mirbase21.mirnas.quantification.txt,Primary Tumor
06b300b7-e1c5-425f-96de-b221d6bd0035.mirbase21.mirnas.quantification.txt,Primary Tumor
1afb8ec8-3518-4ff3-b1cf-798473a0efca.mirbase21.mirnas.quantification.txt,Primary Tumor
8a045773-8f97-4a39-9cfa-58984e5e41eb.mirbase21.mirnas.quantification.txt,Primary Tumor
52981890-616a-4bc0-91cd-a49f5dc8d799.mirbase21.mirnas.quantification.txt,Primary Tumor
7940cedd-7796-4e10-a4bf-aa5c3f5c36db.mirbase21.mirnas.quantification.txt,Primary Tumor
87a2d577-bb79-4bc8-be71-5b0f8023c37b.mirbase21.mirnas.quantification.txt,Primary Tumor
73abd439-7449-470a-87b5-66a32bc21e3a.mirbase21.mirnas.quantification.txt,Solid Tissue Normal
6d7d1219-acff-4d44-b310-f60522098c04.mirbase21.mirnas.quantification.txt,Primary Tumor
4f0f3861-f281-49bc-8fd3-162e1f082f35.mirbase21.mirnas.quantification.txt,Primary Tumor
b2152109-1179-441c-a456-cd2026e6803a.mirbase21.mirnas.quantification.txt,Primary Tumor
e29ce5c4-9d26-4729-931d-3718196c082e.mirbase21.mirnas.quantification.txt,Primary Tumor
a2b18f6b-2b76-4b6b-b88f-4339eee7b285.mirbase21.mirnas.quantification.txt,Primary Tumor
2431d2d1-aecd-4dcf-ad07-c3b27ad9219f.mirbase21.mirnas.quantification.txt,Primary Tumor
8eee4b39-1ec9-43ff-b987-f2ac2b18dcd1.mirbase21.mirnas.quantification.txt,Primary Tumor
f96f1096-1796-403d-921c-382e5fcf23e8.mirbase21.mirnas.quantification.txt,Solid Tissue Normal
b09f28f1-f6b7-44c1-a0ff-a54612ffd432.mirbase21.mirnas.quantification.txt,Primary Tumor
bcb46efa-69d7-4c29-b212-2b724bdc2fdc.mirbase21.mirnas.quantification.txt,Primary Tumor
d80bb1db-02b1-4d91-9edf-3c1cda4933a3.mirbase21.mirnas.quantification.txt,Solid Tissue Normal
aa5bdfd8-2ad1-4c14-9dc1-9744d394507f.mirbase21.mirnas.quantification.txt,Primary Tumor
f94c2a80-37a8-4306-b68f-d706bbb41818.mirbase21.mirnas.quantification.txt,Primary Tumor
5f2589d3-09ed-4ce3-b8a3-e3e22de5065c.mirbase21.mirnas.quantification.txt,Primary Tumor
20693544-5067-4018-8207-121cd7661316.mirbase21.mirnas.quantification.txt,Primary Tumor
807c5653-a544-473d-89b0-0441aff65749.mirbase21.mirnas.quantification.txt,Primary Tumor
6dc39c86-4526-40e7-9212-371c47694de1.mirbase21.mirnas.quantification.txt,Primary Tumor
c3eae654-4879-47cf-aa5d-83debdc03ad5.mirbase21.mirnas.quantification.txt,Primary Tumor
c7025602-aeef-41d6-ab9f-3687ba43a8e7.mirbase21.mirnas.quantification.txt,Primary Tumor
37468b79-afd2-4c07-8e82-3658fbce39c7.mirbase21.mirnas.quantification.txt,Primary Tumor
6ef5a3c7-0321-478c-ba3a-9c36260748b9.mirbase21.mirnas.quantification.txt,Primary Tumor
68f827de-3bf5-4c95-a0b0-5423d5b43f65.mirbase21.mirnas.quantification.txt,Primary Tumor
384c656a-78df-489a-b4c3-aebba52147e5.mirbase21.mirnas.quantification.txt,Primary Tumor
61070106-413c-481b-8cfe-89f4d9d4e2ff.mirbase21.mirnas.quantification.txt,Primary Tumor
a95816be-da36-4e03-b2fb-c128f8440dc2.mirbase21.mirnas.quantification.txt,Primary Tumor
d5f386c5-9c90-4333-92ed-dd04251c025d.mirbase21.mirnas.quantification.txt,Primary Tumor
a4431782-4e46-4b9c-acd2-0f66c8d351ca.mirbase21.mirnas.quantification.txt,Primary Tumor
faf4e595-8d64-4b0b-90a9-cb8b20c4757d.mirbase21.mirnas.quantification.txt,Primary Tumor
ccacc213-4604-4d16-8796-06d2fe37c11b.mirbase21.mirnas.quantification.txt,Primary Tumor
4ba41d6e-20d6-40b2-a624-bd9686083069.mirbase21.mirnas.quantification.txt,Primary Tumor
b22dd2ca-e0a5-4f1d-b154-dbe4815ac7e9.mirbase21.mirnas.quantification.txt,Primary Tumor
f81d0a05-5675-42d7-aa5e-a5ec54b49630.mirbase21.mirnas.quantification.txt,Primary Tumor
10e200bd-7cff-4518-975c-8dcfa511e31e.mirbase21.mirnas.quantification.txt,Primary Tumor
bb53316a-9341-4a28-a870-5e2944c298fd.mirbase21.mirnas.quantification.txt,Primary Tumor
3664ecd2-c83d-4bfd-ba36-6f21a9ef7f5d.mirbase21.mirnas.quantification.txt,Primary Tumor
47687f0d-bade-482a-a1e3-be3b56b5363e.mirbase21.mirnas.quantification.txt,Primary Tumor
33080c86-dbfa-4313-b40c-8fcbd415e47d.mirbase21.mirnas.quantification.txt,Primary Tumor
14fa5509-f2cc-4ec2-8e12-d047364224f0.mirbase21.mirnas.quantification.txt,Primary Tumor
6711259e-af37-4616-a64b-74a5ac2be1c1.mirbase21.mirnas.quantification.txt,Solid Tissue Normal
9ca6cae0-be1b-4320-a858-8298d8edc9e7.mirbase21.mirnas.quantification.txt,Primary Tumor
c8ecd82b-d7b8-40da-b4c8-56173d1de6c8.mirbase21.mirnas.quantification.txt,Primary Tumor
1f3c3d46-5cbb-413d-a793-304a4ec6eb83.mirbase21.mirnas.quantification.txt,Primary Tumor
2e529fbb-95ce-4271-9aa1-f376979a134f.mirbase21.mirnas.quantification.txt,Primary Tumor
47c6c679-ed2a-430b-a6e6-b96ad89703d7.mirbase21.mirnas.quantification.txt,Primary Tumor
2fb4357a-15f5-46eb-b432-f7c010feafe2.mirbase21.mirnas.quantification.txt,Primary Tumor
7c5f3355-ea76-419b-b059-00d64c6a287e.mirbase21.mirnas.quantification.txt,Primary Tumor
36f39f4e-6bf6-48b0-b885-b7214fab5706.mirbase21.mirnas.quantification.txt,Primary Tumor
41ae7e05-986c-414f-97ec-23e1e39a8cbe.mirbase21.mirnas.quantification.txt,Primary Tumor
df35f36f-66eb-43ba-8cb8-bbd77f00c73e.mirbase21.mirnas.quantification.txt,Solid Tissue Normal
c5319ac4-73b9-4db8-a2ae-ad9943fffc54.mirbase21.mirnas.quantification.txt,Primary Tumor
7b668ac7-22ec-47f7-a055-3d425fd4435a.mirbase21.mirnas.quantification.txt,Primary Tumor
deded0df-18ed-4053-8e1c-9c62bf9343b5.mirbase21.mirnas.quantification.txt,Solid Tissue Normal
d6b2e651-e77c-430a-af3a-4ed031343c6d.mirbase21.mirnas.quantification.txt,Primary Tumor
886bedf8-8130-4f24-85a7-8ddce4fc2246.mirbase21.mirnas.quantification.txt,Primary Tumor
cd5d9b5d-fc29-4c4f-bb32-e31ac2d160ca.mirbase21.mirnas.quantification.txt,Primary Tumor
a9c5301f-c110-4579-afd2-e3a8052b68c8.mirbase21.mirnas.quantification.txt,Primary Tumor
9146d03c-caae-45f1-854c-693a91feebcc.mirbase21.mirnas.quantification.txt,Primary Tumor
68d32810-05e5-4afa-bdf8-85ee0207d5bd.mirbase21.mirnas.quantification.txt,Primary Tumor
1feb1a39-f63f-433f-9809-9bc2069b61d5.mirbase21.mirnas.quantification.txt,Primary Tumor
9ebced52-df04-4696-9d12-461c209cd1b2.mirbase21.mirnas.quantification.txt,Primary Tumor
2ef0b232-190b-452b-b3f3-9c551d20fc67.mirbase21.mirnas.quantification.txt,Primary Tumor
e1cb3928-f26b-4fa6-9e7f-ca7f489d3eb9.mirbase21.mirnas.quantification.txt,Primary Tumor
6256e080-1a6e-4e61-9b7b-22bc12bd1ded.mirbase21.mirnas.quantification.txt,Primary Tumor
b04446a3-5d91-4776-9617-28fa37c273c6.mirbase21.mirnas.quantification.txt,Primary Tumor
c8207f1e-2119-4da7-ad5a-c3c9b5f8f768.mirbase21.mirnas.quantification.txt,Primary Tumor
f547fda0-870e-4e63-b45c-067f3220c1bd.mirbase21.mirnas.quantification.txt,Primary Tumor
44806c5d-393c-44fc-9b1c-c66a0d7e63aa.mirbase21.mirnas.quantification.txt,Primary Tumor
e7af122b-5e57-4afd-bfb3-ce08ad648a3b.mirbase21.mirnas.quantification.txt,Primary Tumor
9516aae8-b543-4e34-8613-cffdeb2801a2.mirbase21.mirnas.quantification.txt,Primary Tumor
50167fc8-39f1-4d5d-9478-b5615a1b7354.mirbase21.mirnas.quantification.txt,Primary Tumor
9fd8a3ad-2448-4660-94e0-a6093213e747.mirbase21.mirnas.quantification.txt,Primary Tumor
814431bd-5440-4210-8293-2b9ecf9da352.mirbase21.mirnas.quantification.txt,Primary Tumor
c8d01803-113b-4f0d-a4a1-9ebd19d37b93.mirbase21.mirnas.quantification.txt,Primary Tumor
31cb2b1e-0be7-4977-abff-4f4c589d1670.mirbase21.mirnas.quantification.txt,Primary Tumor
9e5fc713-22a2-4ea6-aceb-ae3d770d1f0b.mirbase21.mirnas.quantification.txt,Primary Tumor
cbf1dc6e-b32e-4b3d-9370-e75a21eb47a0.mirbase21.mirnas.quantification.txt,Primary Tumor
18fc1525-0289-4421-80c7-e7e6d0272ddb.mirbase21.mirnas.quantification.txt,Primary Tumor
3d1956a4-d722-411e-aa1b-96a11c0c3896.mirbase21.mirnas.quantification.txt,Primary Tumor
306a1695-93df-4add-9aba-33d5750c7df6.mirbase21.mirnas.quantification.txt,Primary Tumor
271c0dcb-e460-41cf-91f2-bff215e88213.mirbase21.mirnas.quantification.txt,Primary Tumor
97a0b501-75f2-4c26-88b6-23ad547f9366.mirbase21.mirnas.quantification.txt,Primary Tumor
487a1c8b-7927-4639-9eb8-d060b10afa27.mirbase21.mirnas.quantification.txt,Primary Tumor
b4519641-fa72-4ba7-943f-5ff6297f0fe0.mirbase21.mirnas.quantification.txt,Primary Tumor
c81a198a-14b7-40ad-bdb9-b0d5697cfc9b.mirbase21.mirnas.quantification.txt,Primary Tumor
62584e35-9fe8-4387-a13a-98909f353740.mirbase21.mirnas.quantification.txt,Primary Tumor
91b37c0c-18db-404d-befe-02a79f0d9d31.mirbase21.mirnas.quantification.txt,Primary Tumor
12530f0f-ad19-4ac3-84ca-4dce21821157.mirbase21.mirnas.quantification.txt,Primary Tumor
dfe3541c-bcf0-4f06-a8de-3dda94ca7ead.mirbase21.mirnas.quantification.txt,Primary Tumor
4d77a59a-8647-4cf3-89e4-4bac6b62f437.mirbase21.mirnas.quantification.txt,Primary Tumor
98657690-8061-4d83-a6aa-d5d847215cdc.mirbase21.mirnas.quantification.txt,Primary Tumor
c46c2ce5-3df8-42fc-878d-b3d29a917bf9.mirbase21.mirnas.quantification.txt,Primary Tumor
665c4897-2652-4475-aeb6-f4f60ef2558c.mirbase21.mirnas.quantification.txt,Primary Tumor
9d406540-44d2-4acd-864c-ad73df2da956.mirbase21.mirnas.quantification.txt,Primary Tumor
c89c737f-374c-4363-9df4-d5601ef89aef.mirbase21.mirnas.quantification.txt,Primary Tumor
d15d5a88-588d-4a20-a7cc-698ef47e8a3f.mirbase21.mirnas.quantification.txt,Primary Tumor
64623e0b-fec6-468a-8a6f-10d3b39ffdae.mirbase21.mirnas.quantification.txt,Primary Tumor
c20a6fc2-810c-482f-b670-05f61bbbeb18.mirbase21.mirnas.quantification.txt,Primary Tumor
a4c5975d-af1e-4ea1-8312-cfcf97a1bf95.mirbase21.mirnas.quantification.txt,Primary Tumor
3860ccc7-6f72-41f5-863c-6ef2065f037d.mirbase21.mirnas.quantification.txt,Primary Tumor
c6dd1f80-83ac-4ec9-a845-68e3af660e16.mirbase21.mirnas.quantification.txt,Primary Tumor
1a4be7ae-b517-40f9-a881-67a09bcbadc5.mirbase21.mirnas.quantification.txt,Primary Tumor
f597c787-3575-4829-b6f6-7cdb6c2fc2db.mirbase21.mirnas.quantification.txt,Primary Tumor
a7e03195-eda2-4873-ae9c-71e90aae4f46.mirbase21.mirnas.quantification.txt,Primary Tumor
e98fcfdb-5db1-4a93-ae0a-c0edd39c5145.mirbase21.mirnas.quantification.txt,Primary Tumor
f0d72d0f-0c63-4ca9-a1a3-c20e923235fe.mirbase21.mirnas.quantification.txt,Primary Tumor
2790a83c-c46b-4363-9180-4d0997d004ba.mirbase21.mirnas.quantification.txt,Primary Tumor
3dc8b613-4a43-4931-b39e-8baf8667110a.mirbase21.mirnas.quantification.txt,Primary Tumor
dd05d7e8-ba4b-4e5a-a97b-d2534ac2ebcf.mirbase21.mirnas.quantification.txt,Primary Tumor
34b806ce-6297-46e6-ab58-2dc72561d429.mirbase21.mirnas.quantification.txt,Primary Tumor
ba22d6a2-31e7-4617-adb6-c13e994a20ee.mirbase21.mirnas.quantification.txt,Primary Tumor
2239b2bd-48ec-436a-bb53-79272eacc79f.mirbase21.mirnas.quantification.txt,Solid Tissue Normal
3b666281-17b4-429f-b86c-73aa9f8ce889.mirbase21.mirnas.quantification.txt,Solid Tissue Normal
e33fd34f-73d9-4d6a-a811-9efe3d9ba65d.mirbase21.mirnas.quantification.txt,Primary Tumor
e7bea968-ca96-4c7f-ae1f-5cfbf49509e2.mirbase21.mirnas.quantification.txt,Primary Tumor
5fc92066-c0ec-458d-9fa9-5c8f0d4085fe.mirbase21.mirnas.quantification.txt,Solid Tissue Normal
bd68c487-b414-4044-b0b5-ae497ef5aef4.mirbase21.mirnas.quantification.txt,Primary Tumor
201fab39-e6f9-4d83-85e9-0da3b04a055e.mirbase21.mirnas.quantification.txt,Primary Tumor
62887c5e-8f19-4834-9126-33c2123d82e6.mirbase21.mirnas.quantification.txt,Solid Tissue Normal
14a5b874-f5f6-4339-9866-dc0f10d9754e.mirbase21.mirnas.quantification.txt,Primary Tumor
cd6c88ea-c536-471f-a4b4-39acec8b55db.mirbase21.mirnas.quantification.txt,Solid Tissue Normal
b16694e7-eca5-421e-bed3-08dc1400724c.mirbase21.mirnas.quantification.txt,Primary Tumor
1cd9fd7f-bd49-4b2c-a543-57917395a213.mirbase21.mirnas.quantification.txt,Solid Tissue Normal
ec697076-e555-43b7-a638-d47d9c58a847.mirbase21.mirnas.quantification.txt,Primary Tumor
fe141dc1-2c18-4d14-b948-4673c299e451.mirbase21.mirnas.quantification.txt,Primary Tumor
aa9e0740-949d-493d-a6c4-7bb3637699bf.mirbase21.mirnas.quantification.txt,Solid Tissue Normal
6ebe2a9f-9a96-4e73-9d3c-a188d347c725.mirbase21.mirnas.quantification.txt,Primary Tumor
7c21c255-0ce8-4b4b-a3b5-c76353b1fdec.mirbase21.mirnas.quantification.txt,Primary Tumor
18c7976e-8b7e-46dc-9be8-365c951ff5b4.mirbase21.mirnas.quantification.txt,Primary Tumor
83bdb996-1c18-4f29-be7f-4439da2d9e18.mirbase21.mirnas.quantification.txt,Primary Tumor
beaf2281-1135-41a9-b14c-e325dabbeb43.mirbase21.mirnas.quantification.txt,Primary Tumor
c7fda544-5450-4538-8d9e-a4e2d5866275.mirbase21.mirnas.quantification.txt,Primary Tumor
6ff8d6af-f046-41ac-a490-c141e1c932dd.mirbase21.mirnas.quantification.txt,Primary Tumor
4806940a-8960-4859-838a-f13144d6608a.mirbase21.mirnas.quantification.txt,Primary Tumor
90c67291-83a2-40f0-afe4-f65ee8a15e6e.mirbase21.mirnas.quantification.txt,Primary Tumor
0b28b931-b786-4183-99de-f5350bdea025.mirbase21.mirnas.quantification.txt,Primary Tumor
22226a99-3268-41d0-bf58-6de342f20753.mirbase21.mirnas.quantification.txt,Primary Tumor
b01d54a6-0ad1-4442-bcc7-6bc8ed0a2992.mirbase21.mirnas.quantification.txt,Primary Tumor
8cc982ef-3952-4bb3-abf9-d165882ad39e.mirbase21.mirnas.quantification.txt,Solid Tissue Normal
a65c995d-afd0-48ce-adbe-4304858e6898.mirbase21.mirnas.quantification.txt,Primary Tumor
77c342b1-4f41-46a0-9a92-ce77ef157347.mirbase21.mirnas.quantification.txt,Primary Tumor
a908b76f-8abe-43b6-a817-5ec28d8596e2.mirbase21.mirnas.quantification.txt,Primary Tumor
11d343fb-f219-42b7-92dd-00efa2e2d228.mirbase21.mirnas.quantification.txt,Solid Tissue Normal
54f641e3-fafc-4028-854d-1012118d0ef0.mirbase21.mirnas.quantification.txt,Primary Tumor
1d46155b-1858-4ee9-9489-685d5ac3cd81.mirbase21.mirnas.quantification.txt,Primary Tumor
9ca73c2b-73ad-4aa9-bf63-72b8fb15bf95.mirbase21.mirnas.quantification.txt,Primary Tumor
92478e18-2d44-4f9e-867b-99c804881a20.mirbase21.mirnas.quantification.txt,Primary Tumor
6eae6c2a-3c06-4fe4-9c97-a049d47fe1fa.mirbase21.mirnas.quantification.txt,Primary Tumor
526f05f1-a125-4001-801c-2eeaae2cd4a4.mirbase21.mirnas.quantification.txt,Primary Tumor
d2d1d058-f728-494d-8cfe-d217d8b5edc1.mirbase21.mirnas.quantification.txt,Primary Tumor
0f5abb0b-14e2-424a-8ec4-ed8d0a4c39e9.mirbase21.mirnas.quantification.txt,Primary Tumor
f2dcc13f-f03e-436e-911e-3b4df5252c46.mirbase21.mirnas.quantification.txt,Primary Tumor
dc8ad458-df16-4771-8180-78491811f44f.mirbase21.mirnas.quantification.txt,Solid Tissue Normal
ef2e944d-62fb-4346-84cd-60f2d0d41661.mirbase21.mirnas.quantification.txt,Primary Tumor
71f38d1d-6bca-4815-8f44-c19a91222351.mirbase21.mirnas.quantification.txt,Primary Tumor
60dcc2b1-fda4-44cf-aa03-8ad816a51ef8.mirbase21.mirnas.quantification.txt,Primary Tumor
fef622d5-2537-4815-9304-3891c4a7ce98.mirbase21.mirnas.quantification.txt,Primary Tumor
c02841ed-22af-470c-beb4-e684afe1ade3.mirbase21.mirnas.quantification.txt,Primary Tumor
701eb360-c7f0-4f24-812f-4f74c04657b3.mirbase21.mirnas.quantification.txt,Primary Tumor
8082401f-1ab5-4961-ac42-273d73e62e10.mirbase21.mirnas.quantification.txt,Solid Tissue Normal
797a35e5-6092-4c96-badf-222476519f0e.mirbase21.mirnas.quantification.txt,Solid Tissue Normal
96b39960-f069-4b65-96ae-19585824570c.mirbase21.mirnas.quantification.txt,Primary Tumor
5870fac4-9f0e-4066-9d98-51ee3b9b5052.mirbase21.mirnas.quantification.txt,Primary Tumor
bbcdcefc-c9d3-43a7-9cd3-a492e391218f.mirbase21.mirnas.quantification.txt,Primary Tumor
37e5a400-14d4-4c26-b571-deec4b986a94.mirbase21.mirnas.quantification.txt,Solid Tissue Normal
82537d7c-0d32-45b9-a857-9d382cfb84bf.mirbase21.mirnas.quantification.txt,Solid Tissue Normal
0fd2aa07-4142-4352-ac8b-a9d9c96227be.mirbase21.mirnas.quantification.txt,Primary Tumor
093b49b1-7e26-407b-88e0-03a0f60187a8.mirbase21.mirnas.quantification.txt,Primary Tumor
7f3a0b4e-0a02-405e-aa2f-cd5a51a8b5db.mirbase21.mirnas.quantification.txt,Primary Tumor
18981ec0-d25b-45c5-b50e-a6ab17203821.mirbase21.mirnas.quantification.txt,Primary Tumor
eb0ed9d2-7bab-4357-96d2-345b987bb1fa.mirbase21.mirnas.quantification.txt,Primary Tumor
bcf62ead-e26a-4660-a331-f4ae4a7bb6b6.mirbase21.mirnas.quantification.txt,Solid Tissue Normal
368c7f82-5b66-4868-85f7-68ce27299992.mirbase21.mirnas.quantification.txt,Primary Tumor
07c27681-b94e-4967-94a7-b5e7557ebc16.mirbase21.mirnas.quantification.txt,Primary Tumor
1a3492be-0ba7-458b-8c6f-26d4c8adff56.mirbase21.mirnas.quantification.txt,Primary Tumor
7e27a458-e534-4c75-a824-31b6686cc57c.mirbase21.mirnas.quantification.txt,Primary Tumor
06616caa-209e-4576-814a-cdb70a17ff97.mirbase21.mirnas.quantification.txt,Primary Tumor
8a4bfd8d-d7ba-48b2-8752-fa4e96271be4.mirbase21.mirnas.quantification.txt,Primary Tumor
98d67bbe-2c10-4933-abff-a003865c4bdf.mirbase21.mirnas.quantification.txt,Solid Tissue Normal
fb175ff3-2064-4706-86ec-db8ff324305f.mirbase21.mirnas.quantification.txt,Primary Tumor
3a8ea7a4-5f84-47a7-a1ac-1eeca180c436.mirbase21.mirnas.quantification.txt,Primary Tumor
add7015f-2f55-4173-82e6-596d2fde1db1.mirbase21.mirnas.quantification.txt,Primary Tumor
2c57e8f9-cd9a-4e3d-867a-54276db19716.mirbase21.mirnas.quantification.txt,Primary Tumor
958c0ea5-6836-4534-9955-c1a716e0a00c.mirbase21.mirnas.quantification.txt,Primary Tumor
95e36a21-aee9-4fd8-a2dc-cde44e2adaf7.mirbase21.mirnas.quantification.txt,Primary Tumor
00fbb09b-a92d-4460-9ebe-7f57ec9bd674.mirbase21.mirnas.quantification.txt,Primary Tumor
ddc4d1db-5ca0-4a95-88eb-22655ac22a4f.mirbase21.mirnas.quantification.txt,Primary Tumor
d7b9b72d-690b-4826-8098-5f1f01f9faba.mirbase21.mirnas.quantification.txt,Primary Tumor
71292287-307a-479e-b5a1-b24af24e1851.mirbase21.mirnas.quantification.txt,Primary Tumor
8589761b-f10b-475e-86ed-5415c91c09da.mirbase21.mirnas.quantification.txt,Primary Tumor
b34b3faf-7738-45c9-b93b-5cbf4a49739d.mirbase21.mirnas.quantification.txt,Solid Tissue Normal
67aeadfe-c741-4dc1-9104-5f32547e4d77.mirbase21.mirnas.quantification.txt,Primary Tumor
f06b1053-f2b9-4e70-b00a-cbff22753312.mirbase21.mirnas.quantification.txt,Primary Tumor
d076917b-721d-4e32-a90e-191bb0b4ec40.mirbase21.mirnas.quantification.txt,Primary Tumor
1cef103a-2f6b-4d36-9f60-33afa6d49da4.mirbase21.mirnas.quantification.txt,Primary Tumor
a0100a7e-91d9-4878-b8a0-7ad49c54910c.mirbase21.mirnas.quantification.txt,Primary Tumor
e4c972a2-6a5c-4ece-bb25-7e1f00781fcb.mirbase21.mirnas.quantification.txt,Primary Tumor
63ca1587-a9ce-4834-9a00-1bf294e65de3.mirbase21.mirnas.quantification.txt,Solid Tissue Normal
4ba0bbf7-e139-4655-b4f7-61cb0f41dd39.mirbase21.mirnas.quantification.txt,Primary Tumor
73973f21-67d8-4f0c-9b27-625ced172156.mirbase21.mirnas.quantification.txt,Primary Tumor
0eb2dde0-275a-4999-93c3-8a81f1484eaa.mirbase21.mirnas.quantification.txt,Primary Tumor
c38e3ae0-0caf-480b-8cb8-c1166cbe7e69.mirbase21.mirnas.quantification.txt,Primary Tumor
c3a2ba29-724f-446f-9c67-2fc108be7974.mirbase21.mirnas.quantification.txt,Primary Tumor
9bf2f929-6014-4a78-bc60-793df5ee48b1.mirbase21.mirnas.quantification.txt,Primary Tumor
7dfe2e97-4764-48d3-8476-f801e1ec525d.mirbase21.mirnas.quantification.txt,Solid Tissue Normal
bb5f2384-bd9f-45fe-90f5-ad7364640bc8.mirbase21.mirnas.quantification.txt,Primary Tumor
545ca23f-a226-4ee8-a5c9-d008968bbbc1.mirbase21.mirnas.quantification.txt,Solid Tissue Normal
059da2e5-8ec0-4c4a-b616-5224c87c7277.mirbase21.mirnas.quantification.txt,Primary Tumor
f994b576-7b15-4d40-bd48-7d82c14e7664.mirbase21.mirnas.quantification.txt,Primary Tumor
0d3c3f06-bc95-4330-bc3c-76fd183f6c19.mirbase21.mirnas.quantification.txt,Primary Tumor
dc2c59fb-9b1a-4470-8bfe-69f9f8f6325a.mirbase21.mirnas.quantification.txt,Primary Tumor
eaa85362-d383-4be0-8358-69810dc22b57.mirbase21.mirnas.quantification.txt,Primary Tumor
15ba82ef-2e2e-4163-bbdd-5712356e7771.mirbase21.mirnas.quantification.txt,Primary Tumor
cbd1ba77-fdc7-42d5-ad4a-a9434dce45dc.mirbase21.mirnas.quantification.txt,Primary Tumor
bf64ca29-1819-4f83-8a81-240639286901.mirbase21.mirnas.quantification.txt,Primary Tumor
4248e2f9-d9ce-401a-8487-741bdea28eb7.mirbase21.mirnas.quantification.txt,Primary Tumor
d609547d-7fb6-4e96-b0c6-7f67cfcb8236.mirbase21.mirnas.quantification.txt,Primary Tumor
3620db97-5ed9-48f7-bdf1-7116e4e813bb.mirbase21.mirnas.quantification.txt,Primary Tumor
36fe9631-0250-4a86-9b75-ba62c997ea5b.mirbase21.mirnas.quantification.txt,Primary Tumor
c600e3ef-1926-44c9-a95b-dd1a0bfe5b57.mirbase21.mirnas.quantification.txt,Primary Tumor
9b940448-7177-4da4-8dad-cebc93ba5b30.mirbase21.mirnas.quantification.txt,Primary Tumor
59c95fce-b905-4fb4-a071-7f0d70d656e8.mirbase21.mirnas.quantification.txt,Primary Tumor
6cfd2ace-04af-4159-b24d-1f106c87d5ed.mirbase21.mirnas.quantification.txt,Primary Tumor
83659922-496f-4255-8a7e-83c0a8496679.mirbase21.mirnas.quantification.txt,Primary Tumor
a03bb637-a527-4a23-a91d-96a91eab8e21.mirbase21.mirnas.quantification.txt,Primary Tumor
f57e9e3f-ea62-43d6-a815-ecf69eed7952.mirbase21.mirnas.quantification.txt,Primary Tumor
1e8c422a-a3b1-495a-b9b7-b8346b92f794.mirbase21.mirnas.quantification.txt,Primary Tumor
7a679d30-f03b-4158-bd2d-42289511ba49.mirbase21.mirnas.quantification.txt,Primary Tumor
688bdbbd-88c5-4dc6-b983-6065bcf2b174.mirbase21.mirnas.quantification.txt,Primary Tumor
dd8e1a35-ae0b-434e-944a-4cbec0e2349c.mirbase21.mirnas.quantification.txt,Primary Tumor
ee08cb12-b97d-4d79-9a11-151783d172e4.mirbase21.mirnas.quantification.txt,Primary Tumor
4ec54d97-1db4-4200-a8dd-a7d069ae6664.mirbase21.mirnas.quantification.txt,Primary Tumor
c45d9dcf-5199-4668-acb3-b319cee72cb4.mirbase21.mirnas.quantification.txt,Primary Tumor
c06726d7-bc78-4398-ba8f-46d152554e06.mirbase21.mirnas.quantification.txt,Solid Tissue Normal
2be81dcb-16ca-4ec4-a8c8-fb4036e3b13c.mirbase21.mirnas.quantification.txt,Primary Tumor
a88a2898-1ff8-459a-aa75-62f5c4612da3.mirbase21.mirnas.quantification.txt,Primary Tumor
12d6df23-bae7-4b28-a985-ed0a5b36a7e0.mirbase21.mirnas.quantification.txt,Primary Tumor
cd20ed29-7ce8-4a2b-b1b9-d0b46b7b051e.mirbase21.mirnas.quantification.txt,Primary Tumor
9d52a690-02be-4077-9b1d-d4b105f2e574.mirbase21.mirnas.quantification.txt,Primary Tumor
2ab8c74a-41c9-4d37-b4dc-90481d65e02e.mirbase21.mirnas.quantification.txt,Primary Tumor
a4808d3e-2ddf-4ae4-a48d-e04f14de4ea0.mirbase21.mirnas.quantification.txt,Primary Tumor
1f87de73-7a3d-4f16-af9c-64287c6620bb.mirbase21.mirnas.quantification.txt,Primary Tumor
0f6e7cbf-a0f7-4259-b94d-6ac2b0b2dc8d.mirbase21.mirnas.quantification.txt,Primary Tumor
284e4f48-0640-4bd3-8f61-64cb8961535c.mirbase21.mirnas.quantification.txt,Primary Tumor
9b78b7de-4281-4fd1-bd9d-a726eee2cf9b.mirbase21.mirnas.quantification.txt,Primary Tumor
b4ee6dda-ec0c-4c97-9619-97d7b9871a4a.mirbase21.mirnas.quantification.txt,Primary Tumor
0120e744-70d1-424e-8757-31e0ebebc6ef.mirbase21.mirnas.quantification.txt,Primary Tumor
9e0a8cdb-0b2c-489b-a580-50c908ac313d.mirbase21.mirnas.quantification.txt,Primary Tumor
19e4a7d2-61a3-4556-813a-1520e7bc1ba2.mirbase21.mirnas.quantification.txt,Primary Tumor
6163aa5d-86bf-4ab2-a12a-f97d3e557c49.mirbase21.mirnas.quantification.txt,Primary Tumor
5901cd05-fdce-418c-87ed-fc07eedcd4fa.mirbase21.mirnas.quantification.txt,Primary Tumor
7867b9de-402b-4391-b85e-2699bd19a4e0.mirbase21.mirnas.quantification.txt,Primary Tumor
df18b029-9c32-4919-b456-379efa82dea9.mirbase21.mirnas.quantification.txt,Primary Tumor
253c8930-ff38-40c5-9e61-7da04c4d414e.mirbase21.mirnas.quantification.txt,Primary Tumor
8815d312-9f05-4a09-90c8-2f4211a66a1e.mirbase21.mirnas.quantification.txt,Primary Tumor
ea4fcff2-a9d5-4901-a5ca-76d987a89669.mirbase21.mirnas.quantification.txt,Primary Tumor
57c61012-e0dc-40b4-8ef4-c80723c897df.mirbase21.mirnas.quantification.txt,Primary Tumor
3569c55c-670d-428c-a0f9-2cb549bcbe5f.mirbase21.mirnas.quantification.txt,Primary Tumor
cde3cd0d-4b73-421b-a269-973de8562058.mirbase21.mirnas.quantification.txt,Primary Tumor
1f757bac-e676-4738-81b4-2198af0f63f2.mirbase21.mirnas.quantification.txt,Solid Tissue Normal
18b8195b-56a3-4baf-acee-5a41bb0c8260.mirbase21.mirnas.quantification.txt,Primary Tumor
42a58af3-bda0-4eed-afa4-0fd2003e4ba0.mirbase21.mirnas.quantification.txt,Primary Tumor
4f6f46ef-5542-47af-aa29-a127ff6f060a.mirbase21.mirnas.quantification.txt,Primary Tumor
36907b98-c3a8-42a5-82cd-b3daa2e04901.mirbase21.mirnas.quantification.txt,Primary Tumor
fa959e1d-cb2c-4dc7-a85b-577efbcc4a9a.mirbase21.mirnas.quantification.txt,Primary Tumor
8886c8f1-a2e6-4530-88ca-8bd3317a9543.mirbase21.mirnas.quantification.txt,Primary Tumor
0013ff55-96d6-4f7d-ad1b-82bfdd7fe9a2.mirbase21.mirnas.quantification.txt,Primary Tumor
cc00c014-dbc6-4714-b4fa-a84da2cc575c.mirbase21.mirnas.quantification.txt,Primary Tumor
d878563e-41aa-4ac9-a748-7f902b5c03c7.mirbase21.mirnas.quantification.txt,Primary Tumor
6001c831-ebea-4187-b401-0b77795982eb.mirbase21.mirnas.quantification.txt,Primary Tumor
cffcfc8d-4c9d-4805-8834-bbde18ace15b.mirbase21.mirnas.quantification.txt,Primary Tumor
7b63e2eb-ca6e-467e-bde2-08ded2a099f2.mirbase21.mirnas.quantification.txt,Primary Tumor
e0022da0-04b0-44b3-8b06-2ded62a99061.mirbase21.mirnas.quantification.txt,Primary Tumor
0f57931a-7a66-42c3-b6c9-9800e4cd6227.mirbase21.mirnas.quantification.txt,Primary Tumor
9da5a537-a5e6-4899-90b3-95677e47fdc5.mirbase21.mirnas.quantification.txt,Primary Tumor
e0ef7335-a23d-4d64-a16b-feeb8ae94d3c.mirbase21.mirnas.quantification.txt,Primary Tumor
8d1663db-887e-4c20-996e-4ca1b931bba2.mirbase21.mirnas.quantification.txt,Primary Tumor
16363473-e90a-4a91-95aa-397770108588.mirbase21.mirnas.quantification.txt,Primary Tumor
e43291d0-a362-4bfa-b717-a293e98df87c.mirbase21.mirnas.quantification.txt,Solid Tissue Normal
516e538d-1807-4bac-a567-b2ec13e06a48.mirbase21.mirnas.quantification.txt,Primary Tumor
75f228fd-2fc0-436c-a7d5-90f649c828e2.mirbase21.mirnas.quantification.txt,Primary Tumor
f80436ce-e669-4f09-a48b-40ed98821891.mirbase21.mirnas.quantification.txt,Primary Tumor
b5bc67ec-15c7-47db-b84b-b95787708e10.mirbase21.mirnas.quantification.txt,Primary Tumor
b3cabb94-83c4-44fa-89f3-6c42261bc2df.mirbase21.mirnas.quantification.txt,Primary Tumor
f6f8bb3e-cd9a-4002-b28c-0368af54bbf0.mirbase21.mirnas.quantification.txt,Solid Tissue Normal
b4cfff00-4d6e-4084-9913-0e25c21063ab.mirbase21.mirnas.quantification.txt,Solid Tissue Normal
9f232a46-0c08-4575-a5a0-3f2575c21485.mirbase21.mirnas.quantification.txt,Primary Tumor
2511be7a-ce71-4d81-960c-c1b67bc4d7ae.mirbase21.mirnas.quantification.txt,Primary Tumor
2cec1067-1e6a-43b8-ac07-88d6f04bd9cc.mirbase21.mirnas.quantification.txt,Primary Tumor
9f0c50b0-8094-40df-aef8-93544bdb126d.mirbase21.mirnas.quantification.txt,Primary Tumor
95ea1f66-3ab0-4565-ac6f-23fbc1033486.mirbase21.mirnas.quantification.txt,Primary Tumor
b5cf5b2b-b794-460d-84b2-eef871aec02c.mirbase21.mirnas.quantification.txt,Primary Tumor
65525454-2084-4091-a839-a4ff0054c182.mirbase21.mirnas.quantification.txt,Primary Tumor
0de825c1-612a-483d-92f4-3686408a782e.mirbase21.mirnas.quantification.txt,Primary Tumor
a483543a-ffb9-4801-9ec0-52a25709fc5a.mirbase21.mirnas.quantification.txt,Primary Tumor
2ab2be1d-179c-4040-bed6-e7930cd09986.mirbase21.mirnas.quantification.txt,Primary Tumor
5a494aa5-87ec-4218-aa26-18b37e6e2db5.mirbase21.mirnas.quantification.txt,Primary Tumor
ba24a843-cd9a-4a2f-a75b-7c1de4cfa442.mirbase21.mirnas.quantification.txt,Primary Tumor
aa4c8b3a-23ca-4420-8524-5b2755ce0ae9.mirbase21.mirnas.quantification.txt,Primary Tumor
33537f31-001b-4ceb-a166-f6a6f3b1580a.mirbase21.mirnas.quantification.txt,Primary Tumor
46fe7d5c-78fb-467c-ae4f-a030b2ee8d47.mirbase21.mirnas.quantification.txt,Primary Tumor
cf60a167-949f-43f0-9202-1eabb72ba8d0.mirbase21.mirnas.quantification.txt,Primary Tumor
f9176596-7129-4c78-907e-ede3f89d0f1b.mirbase21.mirnas.quantification.txt,Primary Tumor
88ff2962-4edb-4444-a54b-7220b596fd65.mirbase21.mirnas.quantification.txt,Primary Tumor
ea9513ad-3ada-4609-9457-52055509536e.mirbase21.mirnas.quantification.txt,Primary Tumor
c6fe19bf-db8d-4734-aadd-a15dcf5b3096.mirbase21.mirnas.quantification.txt,Primary Tumor
be919ad8-8766-4488-a882-b62f39689ad1.mirbase21.mirnas.quantification.txt,Primary Tumor
4b578013-95b4-4869-b612-0ca93ce22fc9.mirbase21.mirnas.quantification.txt,Primary Tumor
e0772264-1cbe-4df1-a3b7-ea6c9a9fc9b6.mirbase21.mirnas.quantification.txt,Primary Tumor
69e76292-1c46-4574-b772-22937cf9bde1.mirbase21.mirnas.quantification.txt,Primary Tumor
53ab05a3-045a-4631-8f0f-861e188c701d.mirbase21.mirnas.quantification.txt,Primary Tumor
c7b2cda9-c111-45d9-b0c0-2a9c7126afba.mirbase21.mirnas.quantification.txt,Primary Tumor
004a6a33-1b18-457c-9417-d317dd88b1d4.mirbase21.mirnas.quantification.txt,Primary Tumor
c14c9849-0914-4fd0-a310-625b67e201a2.mirbase21.mirnas.quantification.txt,Primary Tumor
cc0ce50c-8360-4ed0-bc1c-feb6b2406499.mirbase21.mirnas.quantification.txt,Primary Tumor
51ca1864-04eb-4f1c-82e3-17eb7e75c818.mirbase21.mirnas.quantification.txt,Primary Tumor
11409ae3-be94-41b6-aa99-b93aebd56a19.mirbase21.mirnas.quantification.txt,Primary Tumor
52af2f14-2db6-4385-ba41-99cbc999df71.mirbase21.mirnas.quantification.txt,Primary Tumor
4cc964f1-4b4a-4148-a67c-3a75ac1fba65.mirbase21.mirnas.quantification.txt,Primary Tumor
ca06de3a-de17-469f-9aa8-1e8dcf51e42c.mirbase21.mirnas.quantification.txt,Primary Tumor
4ca78337-6b41-4621-89de-719898a901e2.mirbase21.mirnas.quantification.txt,Primary Tumor
c4caa439-d4ec-4b94-ab67-d904b1fed5f8.mirbase21.mirnas.quantification.txt,Primary Tumor
4d1ea7a9-295a-40bc-ad41-21c8177bf278.mirbase21.mirnas.quantification.txt,Primary Tumor
81093aec-6941-4008-8ebf-d748e569f81c.mirbase21.mirnas.quantification.txt,Primary Tumor
3926f5db-1d17-4ca3-aadd-aa915a3da9b8.mirbase21.mirnas.quantification.txt,Solid Tissue Normal
18acfac2-6c4b-408b-8377-1bcd4cba9400.mirbase21.mirnas.quantification.txt,Primary Tumor
db8c592a-7a88-462c-b775-eea759fed2a8.mirbase21.mirnas.quantification.txt,Primary Tumor
ac69c34d-2621-4df8-af23-571b66e7f073.mirbase21.mirnas.quantification.txt,Primary Tumor
2744303a-1986-4c94-8d16-7b398c733fa7.mirbase21.mirnas.quantification.txt,Primary Tumor
0e5afe1e-762f-4371-b5fa-c2bccd4a4600.mirbase21.mirnas.quantification.txt,Primary Tumor
bffe8c08-12e4-4bb4-83c9-465a7f074fca.mirbase21.mirnas.quantification.txt,Primary Tumor
d75eaa28-38ea-48ef-bc49-1af9dbbbe647.mirbase21.mirnas.quantification.txt,Primary Tumor
99b32588-3a84-4344-ae1f-6bcaa5557be6.mirbase21.mirnas.quantification.txt,Primary Tumor
06a24fd9-2dde-478b-b6a3-73e497fc3057.mirbase21.mirnas.quantification.txt,Primary Tumor
50a9622f-1e6b-4874-9e0a-4eab98425979.mirbase21.mirnas.quantification.txt,Primary Tumor
71d8d7c7-e874-4531-93fc-a58055be5a81.mirbase21.mirnas.quantification.txt,Primary Tumor
cc08cd3a-ea8e-4c62-b00e-d581f90f59b7.mirbase21.mirnas.quantification.txt,Solid Tissue Normal
38ead783-4d8e-41f9-98b1-3c6fe2341046.mirbase21.mirnas.quantification.txt,Primary Tumor
fcea0fb9-d06b-478a-ab00-22862a6700af.mirbase21.mirnas.quantification.txt,Primary Tumor
340e8500-3663-40ee-b809-fd6d8abc2895.mirbase21.mirnas.quantification.txt,Primary Tumor
e70249b4-6f0f-43f5-9cce-475abb7bd597.mirbase21.mirnas.quantification.txt,Primary Tumor
d428d1d0-a22d-48e0-8fe1-642af7f98106.mirbase21.mirnas.quantification.txt,Primary Tumor
bed2f521-5ce2-4d34-899d-05609104929a.mirbase21.mirnas.quantification.txt,Primary Tumor
36c345c7-afc3-4d61-8703-1cc20d3d8951.mirbase21.mirnas.quantification.txt,Primary Tumor
d39d22ca-7735-4e25-aa78-bac51412741c.mirbase21.mirnas.quantification.txt,Primary Tumor
083674a8-f099-47d4-8a24-c9ace24fedaa.mirbase21.mirnas.quantification.txt,Primary Tumor
ee8011eb-5aa8-4c5c-8a46-96a4583ed8c3.mirbase21.mirnas.quantification.txt,Primary Tumor
0eb3e7d8-b60f-4cac-866a-84d04bfdd200.mirbase21.mirnas.quantification.txt,Solid Tissue Normal
6f529158-d89a-4a16-98cb-880ee035dbd0.mirbase21.mirnas.quantification.txt,Primary Tumor
97cd9b12-e487-4cb3-beed-840aff195a8e.mirbase21.mirnas.quantification.txt,Primary Tumor
83582b7a-ad6a-4bcf-b0c8-3d385b463e7d.mirbase21.mirnas.quantification.txt,Primary Tumor
58006c06-10a6-4095-ad33-0cb5c86df1f5.mirbase21.mirnas.quantification.txt,Primary Tumor
b365faa4-3d59-4c3d-a9d1-842a2fa7e807.mirbase21.mirnas.quantification.txt,Primary Tumor
4e39c1c1-4623-470d-a146-2e35ba22b85d.mirbase21.mirnas.quantification.txt,Primary Tumor
6f107a7a-4f5d-42bd-97e5-5d47cdd47c39.mirbase21.mirnas.quantification.txt,Primary Tumor
a919ed07-3a68-4735-bded-11fcdc5176f2.mirbase21.mirnas.quantification.txt,Primary Tumor
142ba739-95c9-4ffa-8cb4-1b0d0ddc7e69.mirbase21.mirnas.quantification.txt,Primary Tumor
ce8b6e6e-ca93-4309-a541-4fd22811148f.mirbase21.mirnas.quantification.txt,Solid Tissue Normal
d6819c46-bb77-47f7-88f0-387e5063f28b.mirbase21.mirnas.quantification.txt,Primary Tumor
318e87db-4414-4d65-995e-6b2ab7903681.mirbase21.mirnas.quantification.txt,Primary Tumor
edb3860f-7084-4a5f-837a-acaddc8dd3a6.mirbase21.mirnas.quantification.txt,Primary Tumor
4a6caafc-4cc1-4388-a3ff-eaa3b2d221c0.mirbase21.mirnas.quantification.txt,Primary Tumor
0dbd3202-02fe-4276-b04c-7be826fdbb85.mirbase21.mirnas.quantification.txt,Primary Tumor
b0d15450-f6ff-4a08-a83c-e812c55aa90a.mirbase21.mirnas.quantification.txt,Primary Tumor
3e41d8ca-8899-42d5-b343-c9a3edbda7c2.mirbase21.mirnas.quantification.txt,Primary Tumor
086611e1-2d2a-461b-b181-552ab62e0113.mirbase21.mirnas.quantification.txt,Primary Tumor
c7b3eacd-2264-4ed9-afca-790cebb42938.mirbase21.mirnas.quantification.txt,Primary Tumor
6aea238c-4897-4e9d-b9f2-a94112ee2539.mirbase21.mirnas.quantification.txt,Primary Tumor
669fcc85-1a70-4762-9563-d74e5a9c3e8a.mirbase21.mirnas.quantification.txt,Primary Tumor
c28fbe46-fb2b-4cfb-9cf0-b78657eaabe7.mirbase21.mirnas.quantification.txt,Primary Tumor
f4eb2bc1-677d-4670-a415-bb13148f362d.mirbase21.mirnas.quantification.txt,Primary Tumor
79c50961-13f3-4585-a35d-2364eeb393a2.mirbase21.mirnas.quantification.txt,Primary Tumor
c5146187-906c-41b3-b6c2-e439ed0df6c6.mirbase21.mirnas.quantification.txt,Primary Tumor
11b3d218-99ed-4f10-94cb-5e8018ad6abc.mirbase21.mirnas.quantification.txt,Solid Tissue Normal
65ea55eb-263a-4e99-9b6a-1b32baeeb0ca.mirbase21.mirnas.quantification.txt,Primary Tumor
9f2cc697-c2fc-494c-8dd0-df915a6ad56a.mirbase21.mirnas.quantification.txt,Solid Tissue Normal
3bb6734a-b0aa-40fa-8c33-d5f30459a662.mirbase21.mirnas.quantification.txt,Primary Tumor
12e8fd65-5d57-45b4-995f-33c373d98850.mirbase21.mirnas.quantification.txt,Primary Tumor
bc6271e2-51ad-47f4-a5b2-010c5a5f364f.mirbase21.mirnas.quantification.txt,Primary Tumor
c5fe3ced-dfeb-4090-b213-72b07b65ce1e.mirbase21.mirnas.quantification.txt,Primary Tumor
4310d30d-9e9a-4f08-af57-e851a94ea9b1.mirbase21.mirnas.quantification.txt,Primary Tumor
8ed856ea-6427-4ec2-9f2b-6fe7ba6d0658.mirbase21.mirnas.quantification.txt,Solid Tissue Normal
60f7d193-cad2-47cf-b9e3-b30433a91983.mirbase21.mirnas.quantification.txt,Primary Tumor
4332a6e0-c02c-4cb1-81e9-db4479163740.mirbase21.mirnas.quantification.txt,Primary Tumor
778deae0-2b74-495f-a863-00b4dc4716d1.mirbase21.mirnas.quantification.txt,Primary Tumor
a56a9c72-f443-4aed-a098-18135304fcd8.mirbase21.mirnas.quantification.txt,Primary Tumor
2dc9216c-7568-420c-901f-49bad87745f4.mirbase21.mirnas.quantification.txt,Primary Tumor
54463769-194d-4f85-8615-1200cc0595e1.mirbase21.mirnas.quantification.txt,Primary Tumor
06469c1e-4fc5-45c6-acdd-1493d85782d7.mirbase21.mirnas.quantification.txt,Primary Tumor
a9d6a9b4-8316-4a9d-a7bb-f8538921713d.mirbase21.mirnas.quantification.txt,Primary Tumor
b4b74700-3f1f-4e50-b14a-a226021a35ae.mirbase21.mirnas.quantification.txt,Primary Tumor
5824c642-e9db-4828-9e9a-661e3059ae27.mirbase21.mirnas.quantification.txt,Primary Tumor
360459ad-c6ba-43f8-af33-3e080741f053.mirbase21.mirnas.quantification.txt,Primary Tumor
078a9f92-cd2e-4191-9391-140c87b8b88d.mirbase21.mirnas.quantification.txt,Primary Tumor
28803a8d-9d31-473c-a9e9-4fc30fb3e6a4.mirbase21.mirnas.quantification.txt,Primary Tumor
c4712a69-82cd-462f-bbb4-93c41e253302.mirbase21.mirnas.quantification.txt,Solid Tissue Normal
56fbbe44-a62f-4a0b-b4a4-549205727669.mirbase21.mirnas.quantification.txt,Primary Tumor
ef115176-6642-4b45-9962-0e3279b53384.mirbase21.mirnas.quantification.txt,Primary Tumor
d41c2ee4-a9df-4127-aac6-134a70b47b8d.mirbase21.mirnas.quantification.txt,Solid Tissue Normal
04c124aa-57a0-46d4-af45-9e1b9ad96104.mirbase21.mirnas.quantification.txt,Primary Tumor
eb4555ef-9934-41d3-9898-703e2a17f6c0.mirbase21.mirnas.quantification.txt,Primary Tumor
7ef2e9cd-1d0f-4d52-8d55-ccb6c359cd45.mirbase21.mirnas.quantification.txt,Primary Tumor
d43f08e4-41ff-4638-ad82-eb763344301d.mirbase21.mirnas.quantification.txt,Primary Tumor
65467439-944e-4893-a0e2-f828bd0c4752.mirbase21.mirnas.quantification.txt,Primary Tumor
e14de619-a0e3-4714-80da-d108d5890eaa.mirbase21.mirnas.quantification.txt,Primary Tumor
5cecc05f-fbaf-423e-a713-ca62d710bb3a.mirbase21.mirnas.quantification.txt,Primary Tumor
541ae18e-3362-4039-b39c-204ab9ab007c.mirbase21.mirnas.quantification.txt,Primary Tumor
f9b4e5b6-0860-40bb-87d8-a4dba8cba58c.mirbase21.mirnas.quantification.txt,Primary Tumor
38deba47-a01e-4670-8185-8cf09720916f.mirbase21.mirnas.quantification.txt,Primary Tumor
803d261d-4c18-457d-91bb-3679c673f636.mirbase21.mirnas.quantification.txt,Primary Tumor
8c66c072-5852-4dc4-8ec1-0d40a104f426.mirbase21.mirnas.quantification.txt,Primary Tumor