0f2f720e-ef30-4150-9d30-12c2fb689148.mirbase21.mirnas.quantification.txt,Primary Tumor
84e97e1c-26e2-4d8f-8024-fcf3b1fa76d0.mirbase21.mirnas.quantification.txt,Primary Tumor
321d169d-5c70-4250-81f6-90b19686aa7f.mirbase21.mirnas.quantification.txt,Primary Tumor
b8124c12-8eb5-44d5-a834-d2e49db9ad43.mirbase21.mirnas.quantification.txt,Solid Tissue Normal
fb4cde34-07e4-407c-a60b-25f9af910ad4.mirbase21.mirnas.quantification.txt,Primary Tumor
81dca259-0ca3-4389-93f0-7d1984d375ed.mirbase21.mirnas.quantification.txt,Primary Tumor
b05681f5-9eb5-43f5-abac-fb39ee3a3d1a.mirbase21.mirnas.quantification.txt,Primary Tumor
1f1a5074-1fb3-4629-bb18-eeccf39b4340.mirbase21.mirnas.quantification.txt,Primary Tumor
55c3d393-5e8e-41a4-bf7e-8e2bafa7c043.mirbase21.mirnas.quantification.txt,Primary Tumor
27c4d599-7406-4c3b-a6cd-26e65384c19d.mirbase21.mirnas.quantification.txt,Primary Tumor
7795afc0-2b07-4708-964a-567275edceb4.mirbase21.mirnas.quantification.txt,Primary Tumor
fac418a5-616e-408f-ae2f-96f15a4fc2b9.mirbase21.mirnas.quantification.txt,Primary Tumor
afa149a6-5e0c-487e-8546-4875ef947eab.mirbase21.mirnas.quantification.txt,Primary Tumor
b085d23f-3e65-4c75-99e5-32e925abeca9.mirbase21.mirnas.quantification.txt,Primary Tumor
2fd3a6de-0205-4a31-80ba-af2c2512026a.mirbase21.mirnas.quantification.txt,Solid Tissue Normal
df0064db-68e9-4dc0-93f6-bb819d0d5e82.mirbase21.mirnas.quantification.txt,Primary Tumor
276ad9b4-d486-42fe-9889-63a1bdea4f22.mirbase21.mirnas.quantification.txt,Primary Tumor
819dab28-7e49-496e-bb33-12ec248e45ea.mirbase21.mirnas.quantification.txt,Primary Tumor
738c74b8-069c-49c9-a7ad-c7f631847e5f.mirbase21.mirnas.quantification.txt,Primary Tumor
05c3c1cb-a2b0-41e1-8bf4-11fc1903c0d1.mirbase21.mirnas.quantification.txt,Primary Tumor
22d4155a-7e0f-4b3e-ab2d-aef09d0cd196.mirbase21.mirnas.quantification.txt,Primary Tumor
dc13c410-800d-4c42-b46e-03aea53ce666.mirbase21.mirnas.quantification.txt,Primary Tumor
dc9d042c-795a-4f37-9995-c5b9de6bb537.mirbase21.mirnas.quantification.txt,Primary Tumor
16d9dbd5-ff93-4579-b0af-d9f99c886c64.mirbase21.mirnas.quantification.txt,Primary Tumor
f1640953-14f6-41d3-8b2e-955c18669ce0.mirbase21.mirnas.quantification.txt,Primary Tumor
17fc443a-50aa-4b34-8512-e9c3e99610e6.mirbase21.mirnas.quantification.txt,Primary Tumor
e657e6fb-c774-403e-8e47-2b57e231546e.mirbase21.mirnas.quantification.txt,Primary Tumor
3b4638be-c63e-4078-bb3a-7f42e30d106e.mirbase21.mirnas.quantification.txt,Primary Tumor
2a4d491d-9124-4b8c-b876-65f6d660a6eb.mirbase21.mirnas.quantification.txt,Primary Tumor
bc422089-e271-4e3f-a017-002f9d26f6aa.mirbase21.mirnas.quantification.txt,Primary Tumor
83b918e7-35f7-4b3a-bf97-c95df2caf2ee.mirbase21.mirnas.quantification.txt,Solid Tissue Normal
651902df-363b-4eab-bf19-888ddde860ff.mirbase21.mirnas.quantification.txt,Primary Tumor
2e8c29ad-d8e8-4f6a-a3f3-3cfc6ffbe771.mirbase21.mirnas.quantification.txt,Primary Tumor
699f0c95-75ab-49a9-9876-9239a2e88390.mirbase21.mirnas.quantification.txt,Primary Tumor
0f0b8227-3d39-4103-bd48-c0aa0e0b26a8.mirbase21.mirnas.quantification.txt,Primary Tumor
d8161cce-a789-4ca7-a580-876f3283af04.mirbase21.mirnas.quantification.txt,Primary Tumor
ffa0734e-c2e4-4a2e-9478-65fad85a4094.mirbase21.mirnas.quantification.txt,Primary Tumor
30c9e9ec-16c2-4921-8577-ebbb6676a8b1.mirbase21.mirnas.quantification.txt,Solid Tissue Normal
f2703fe7-f5bd-4e5d-b3be-7577fb1437f9.mirbase21.mirnas.quantification.txt,Primary Tumor
5b6ae774-1f1e-4c37-9a83-589e4c8ef455.mirbase21.mirnas.quantification.txt,Primary Tumor
cb90925e-34da-4603-85d0-72bcd98e100e.mirbase21.mirnas.quantification.txt,Primary Tumor
1e50148d-ecdc-4f44-8950-8d952e83c085.mirbase21.mirnas.quantification.txt,Primary Tumor
3e7fe486-1ce3-48dc-9254-03ac92837611.mirbase21.mirnas.quantification.txt,Solid Tissue Normal
7ec14284-1ab0-4b78-853b-05e4a9e40f18.mirbase21.mirnas.quantification.txt,Primary Tumor
c65ae4d2-ece9-41d9-b062-aed64b4061c8.mirbase21.mirnas.quantification.txt,Primary Tumor
94153c2c-d2e2-4325-a8b0-05eaf052f9e9.mirbase21.mirnas.quantification.txt,Primary Tumor
dc1f3b78-bb60-41c8-90d0-0acfc03a9965.mirbase21.mirnas.quantification.txt,Primary Tumor
046ed2e9-19a7-40dd-b92e-fa951f67db91.mirbase21.mirnas.quantification.txt,Primary Tumor
8726c7ae-4323-4430-ade7-da6443a2db32.mirbase21.mirnas.quantification.txt,Primary Tumor
9772eab6-e436-40de-be9c-da4215f7ab57.mirbase21.mirnas.quantification.txt,Primary Tumor
c3118ef1-48f0-4aeb-b1c5-69ce4a1d263a.mirbase21.mirnas.quantification.txt,Solid Tissue Normal
92231ae5-73cf-4e4b-ba64-f3f99be8458e.mirbase21.mirnas.quantification.txt,Solid Tissue Normal
242fde93-d9db-4103-ba81-3d739bffd7d7.mirbase21.mirnas.quantification.txt,Primary Tumor
9c1606ea-7862-4b92-a7fd-3d39f5d79982.mirbase21.mirnas.quantification.txt,Solid Tissue Normal
570c1537-cf5b-4206-940f-4b1c964fbd5c.mirbase21.mirnas.quantification.txt,Primary Tumor
1b444678-b323-41aa-92b3-e1d2266d4f23.mirbase21.mirnas.quantification.txt,Primary Tumor
8b8fe064-5152-451d-bd85-7ae25db1646c.mirbase21.mirnas.quantification.txt,Primary Tumor
65c1c95c-2bbf-45d0-a9c1-1cd5548641b8.mirbase21.mirnas.quantification.txt,Primary Tumor
7423c035-671c-4e7b-993b-b40224cb3bed.mirbase21.mirnas.quantification.txt,Primary Tumor
8da34e65-311f-4e90-9eca-9291592355db.mirbase21.mirnas.quantification.txt,Solid Tissue Normal
5efce95f-59ad-4af9-b6f3-fd9cd70d6231.mirbase21.mirnas.quantification.txt,Primary Tumor
5d2797fd-0167-48b0-8f2c-7a899288cc66.mirbase21.mirnas.quantification.txt,Primary Tumor
89886de0-435e-4fbe-8070-e0e1d6d30c25.mirbase21.mirnas.quantification.txt,Primary Tumor
e8ab2a9a-c878-4685-8fb9-d8230a775c75.mirbase21.mirnas.quantification.txt,Primary Tumor
ca398fdc-a0bb-475e-82c5-61f406922270.mirbase21.mirnas.quantification.txt,Primary Tumor
11f572d5-aef7-4eee-9d2c-d8ec6570da0c.mirbase21.mirnas.quantification.txt,Primary Tumor
a98db4c5-d116-4c37-93ad-4325cd2740d1.mirbase21.mirnas.quantification.txt,Solid Tissue Normal
7afe782d-7ef6-4ce9-bf17-986d94dd5457.mirbase21.mirnas.quantification.txt,Primary Tumor
77fec431-d4c0-4c50-b0ec-377bad3b05db.mirbase21.mirnas.quantification.txt,Primary Tumor
be2d19a3-5c13-449a-8c92-9a4c98bdcc6b.mirbase21.mirnas.quantification.txt,Primary Tumor
503d7596-c990-431a-b54c-64fb42b64fa4.mirbase21.mirnas.quantification.txt,Primary Tumor
122a9292-5ec7-4649-acf1-43c0e0344178.mirbase21.mirnas.quantification.txt,Primary Tumor
3571e256-4527-42bf-b6ce-6faebd6bd25e.mirbase21.mirnas.quantification.txt,Primary Tumor
5a15e4cd-e43d-4108-93eb-7f2b8c6c44c9.mirbase21.mirnas.quantification.txt,Primary Tumor
fada92c2-e75b-4859-bc4c-6c76642870ca.mirbase21.mirnas.quantification.txt,Primary Tumor
a229a3d5-37b3-4b49-bf23-89874be40260.mirbase21.mirnas.quantification.txt,Primary Tumor
afdaf8f8-eb5e-42d1-86a3-577623ae64d7.mirbase21.mirnas.quantification.txt,Primary Tumor
cd24fa8b-2799-4c05-bb20-bd6035dbf3d1.mirbase21.mirnas.quantification.txt,Primary Tumor
27736022-3581-4a39-a342-6a3ffa18ebf0.mirbase21.mirnas.quantification.txt,Primary Tumor
e481f8c5-c8ec-4467-82d6-250965d5ad2b.mirbase21.mirnas.quantification.txt,Primary Tumor
5c9bb17f-f050-4aa1-a1ff-a3645fb0133a.mirbase21.mirnas.quantification.txt,Solid Tissue Normal
c24fa09e-e606-4c62-b911-5beab4e5fd86.mirbase21.mirnas.quantification.txt,Primary Tumor
04d8d7fb-43a6-478e-ad0a-97b537622993.mirbase21.mirnas.quantification.txt,Primary Tumor
efbfce80-e3a0-4aef-8810-a331fcd5c8f9.mirbase21.mirnas.quantification.txt,Solid Tissue Normal
600cb2ec-f69e-4a7d-8a75-decc539a49fc.mirbase21.mirnas.quantification.txt,Primary Tumor
327e3517-4609-4849-bfde-42033b6c27e7.mirbase21.mirnas.quantification.txt,Primary Tumor
e4fb39f0-a875-494b-a4c6-befbf9f6b0a7.mirbase21.mirnas.quantification.txt,Primary Tumor
d556c173-ed54-4d30-ba17-079513191c3a.mirbase21.mirnas.quantification.txt,Primary Tumor
4baf7544-9583-4f1d-b8ec-f8432aba985c.mirbase21.mirnas.quantification.txt,Primary Tumor
41e99387-4f23-4dde-8c7b-5524f6e2d63c.mirbase21.mirnas.quantification.txt,Primary Tumor
3582760c-9f34-48a2-a1c1-9deab7bae936.mirbase21.mirnas.quantification.txt,Primary Tumor
efcb0c33-2f6f-47da-8e85-e68bdef491c0.mirbase21.mirnas.quantification.txt,Primary Tumor
63d41d09-aa58-41cf-a678-ffd15a07d806.mirbase21.mirnas.quantification.txt,Primary Tumor
bc9a2564-7d47-4a33-ba7d-0b81c2c07c63.mirbase21.mirnas.quantification.txt,Primary Tumor
05a50bf2-514a-40fb-a258-3f8ed174c223.mirbase21.mirnas.quantification.txt,Solid Tissue Normal
73574fa5-f3ea-4d10-9227-f1890702f4bc.mirbase21.mirnas.quantification.txt,Solid Tissue Normal
8c1e10a9-cb27-4cf8-a9b1-57f08b6ee55e.mirbase21.mirnas.quantification.txt,Primary Tumor
30727b75-660a-48ba-b8ac-735093ad8c68.mirbase21.mirnas.quantification.txt,Primary Tumor
8381e7ca-fb51-4eb1-8da9-875e37c91b70.mirbase21.mirnas.quantification.txt,Primary Tumor
2cb5f696-e982-4cc4-9da6-73d5d366e673.mirbase21.mirnas.quantification.txt,Primary Tumor
09b9d6e1-3fac-445d-ad60-15c85cd50f67.mirbase21.mirnas.quantification.txt,Primary Tumor
07f38669-2fee-4d27-856a-3923505b80a3.mirbase21.mirnas.quantification.txt,Primary Tumor
9815be85-9450-4a1c-b19b-db8cb7b87f01.mirbase21.mirnas.quantification.txt,Primary Tumor
2a1aa470-2e0f-47f8-a16d-8afa7069de2d.mirbase21.mirnas.quantification.txt,Primary Tumor
d9d4ebf2-5038-456c-8b6a-02e96990401e.mirbase21.mirnas.quantification.txt,Primary Tumor
bb4f2f8f-6349-4cc0-893c-08f83f4412d6.mirbase21.mirnas.quantification.txt,Primary Tumor
b71f608b-d5dd-49b7-a21a-731d32f16646.mirbase21.mirnas.quantification.txt,Primary Tumor
075c61db-06b2-49e0-b0e3-75c1ad573286.mirbase21.mirnas.quantification.txt,Primary Tumor
19cd1bf0-cbc9-4eb3-aa8a-741c4f893a54.mirbase21.mirnas.quantification.txt,Primary Tumor
c20d8fd1-3df8-4f27-a4bc-a1f1dab09f44.mirbase21.mirnas.quantification.txt,Metastatic
26970803-7d41-4008-bace-23fb8d362115.mirbase21.mirnas.quantification.txt,Primary Tumor
7d4502d5-86e4-4ec6-a0e5-eb7cef43b7cb.mirbase21.mirnas.quantification.txt,Primary Tumor
5debbfdf-6dd3-40c3-91c3-7efb3bb14ad6.mirbase21.mirnas.quantification.txt,Primary Tumor
82cd2679-e9c6-4983-8e7c-46077126cf6e.mirbase21.mirnas.quantification.txt,Primary Tumor
2fce76b7-08a0-45c6-a62d-d8e42b1f5af1.mirbase21.mirnas.quantification.txt,Primary Tumor
d5336c2d-ea39-4c87-92ee-966d54ea08f8.mirbase21.mirnas.quantification.txt,Primary Tumor
40dba517-12f2-49aa-ad4e-cea7f1c5025e.mirbase21.mirnas.quantification.txt,Primary Tumor
98758cd9-71da-4416-a4eb-b250b4992439.mirbase21.mirnas.quantification.txt,Primary Tumor
a587d43e-f723-4cb2-a7f7-ae87661f60a4.mirbase21.mirnas.quantification.txt,Primary Tumor
d088c283-adad-429d-866f-dafc824e7d7c.mirbase21.mirnas.quantification.txt,Primary Tumor
a0bcd6af-c0cd-4fd2-9a42-6a20b1ce26ef.mirbase21.mirnas.quantification.txt,Primary Tumor
647c88cc-9317-4f8b-9a15-5afa9447ca41.mirbase21.mirnas.quantification.txt,Primary Tumor
94f7a01d-d18d-4cc9-92eb-62224085b278.mirbase21.mirnas.quantification.txt,Primary Tumor
700a6455-a8e2-46c8-b49f-409f83ac853f.mirbase21.mirnas.quantification.txt,Solid Tissue Normal
3435c6f0-6855-4735-8d94-793bf2a4870e.mirbase21.mirnas.quantification.txt,Primary Tumor
2998a09c-fb4a-49c0-a1e0-d3137944c04a.mirbase21.mirnas.quantification.txt,Primary Tumor
a2321e85-6cf1-4b72-9f5c-14ab8d290797.mirbase21.mirnas.quantification.txt,Primary Tumor
45671f8c-9b60-4fea-8ef0-e9f5ce0ce12d.mirbase21.mirnas.quantification.txt,Primary Tumor
c237fd53-86a0-49c3-b5f1-7af887c45ab9.mirbase21.mirnas.quantification.txt,Metastatic
d37c2063-241e-4ea3-851d-1c8020b861bf.mirbase21.mirnas.quantification.txt,Primary Tumor
f5460f92-defd-4acd-95dc-97c8c5ae0275.mirbase21.mirnas.quantification.txt,Primary Tumor
6ad0da76-6b8d-4abe-8d83-718fbb38df28.mirbase21.mirnas.quantification.txt,Primary Tumor
8cb8e90d-d316-4f1c-8410-5531347b8dd3.mirbase21.mirnas.quantification.txt,Primary Tumor
70a87c93-1fea-483c-a51a-4cd66ddc708f.mirbase21.mirnas.quantification.txt,Primary Tumor
96c400e0-b7ee-4d1b-9480-b309d9e0a4e0.mirbase21.mirnas.quantification.txt,Primary Tumor
f84da636-f742-4567-b98f-ae06af9ac87c.mirbase21.mirnas.quantification.txt,Primary Tumor
652dcd92-d67e-44cc-912b-ecc2cc454e2a.mirbase21.mirnas.quantification.txt,Primary Tumor
16d32930-6d03-459e-8575-1fb7900e54d9.mirbase21.mirnas.quantification.txt,Primary Tumor
ec07067f-354e-44c5-9bdb-7a26e7ef6fa1.mirbase21.mirnas.quantification.txt,Primary Tumor
7d829643-9547-416d-98e0-53b5d7dd1674.mirbase21.mirnas.quantification.txt,Primary Tumor
af12a80b-b054-4cde-872c-5b2debfaa6f3.mirbase21.mirnas.quantification.txt,Primary Tumor
6757ab52-44e4-4904-9c0d-5aefbf4687f3.mirbase21.mirnas.quantification.txt,Primary Tumor
02740d39-6e79-4693-b7ca-fbd2cb9cec92.mirbase21.mirnas.quantification.txt,Primary Tumor
d4802451-5ae8-40a8-868c-c7bc3744408f.mirbase21.mirnas.quantification.txt,Primary Tumor
8f8821bb-c45a-47d1-a67d-d002da9d565a.mirbase21.mirnas.quantification.txt,Primary Tumor
33b22506-38ed-4afd-b043-d74028691ce1.mirbase21.mirnas.quantification.txt,Primary Tumor
95c16165-69c0-49da-9451-cece5aa92807.mirbase21.mirnas.quantification.txt,Primary Tumor
835d4992-3d3f-46f6-9ba1-af17dfb4aa13.mirbase21.mirnas.quantification.txt,Primary Tumor
2c5bac9f-78db-4d60-b6bb-9a7c6700ddcc.mirbase21.mirnas.quantification.txt,Solid Tissue Normal
ce8586dd-5408-435b-a28b-048570563ad3.mirbase21.mirnas.quantification.txt,Solid Tissue Normal
388623aa-af75-4d4c-a117-4dd84a2fe052.mirbase21.mirnas.quantification.txt,Primary Tumor
c867bebd-92c1-4a12-9f19-37569e00ee2f.mirbase21.mirnas.quantification.txt,Solid Tissue Normal
2a5de2f0-d67e-48e0-9166-557e8be5e01c.mirbase21.mirnas.quantification.txt,Primary Tumor
9671a0e9-92dd-4162-8193-88e75651c870.mirbase21.mirnas.quantification.txt,Solid Tissue Normal
f5e40292-a2da-4b27-8099-e09a6e5721ec.mirbase21.mirnas.quantification.txt,Primary Tumor
fceeb4b4-ec50-4a70-8b8e-0c75d4933979.mirbase21.mirnas.quantification.txt,Primary Tumor
7b37a543-ac7a-4be1-98ea-f4e9396bef5d.mirbase21.mirnas.quantification.txt,Primary Tumor
61018bcc-bd77-42fb-84c1-0cdd4bd2d2c3.mirbase21.mirnas.quantification.txt,Primary Tumor
3ed95d28-e70a-432d-94ae-5f94b8068345.mirbase21.mirnas.quantification.txt,Primary Tumor
a4dc8e07-e2e2-434e-9708-2377212a9851.mirbase21.mirnas.quantification.txt,Primary Tumor
33e727ac-a2c4-42b4-9c10-ac3e707006b3.mirbase21.mirnas.quantification.txt,Solid Tissue Normal
e8863b75-f534-4a3b-8d04-0b3299349674.mirbase21.mirnas.quantification.txt,Primary Tumor
385c7ef7-762b-450e-b1ec-9315f536d6e5.mirbase21.mirnas.quantification.txt,Primary Tumor
ed03e4cd-b25c-4849-be4b-3eb1da01d8ad.mirbase21.mirnas.quantification.txt,Primary Tumor
276f87e5-9db3-416f-a8c6-7956d1cf4296.mirbase21.mirnas.quantification.txt,Primary Tumor
7bd412c2-1393-4539-9bdc-b0d549ca4783.mirbase21.mirnas.quantification.txt,Primary Tumor
065b90bc-0b2e-45ba-a86c-d133c2ea4dca.mirbase21.mirnas.quantification.txt,Primary Tumor
f5f55a15-0134-42cf-bd57-4d5a08d96e86.mirbase21.mirnas.quantification.txt,Solid Tissue Normal
3c9f5700-fe30-4190-94fd-6b15c77b86de.mirbase21.mirnas.quantification.txt,Primary Tumor
1fd09fef-7250-4bab-9e2d-74381b9820a6.mirbase21.mirnas.quantification.txt,Primary Tumor
bb889ba7-9ef9-4a5d-afeb-207f7bbbd8cf.mirbase21.mirnas.quantification.txt,Primary Tumor
a37b0071-e22b-41e3-b953-7f793693ab88.mirbase21.mirnas.quantification.txt,Primary Tumor
e19de37a-fb22-4a39-8a62-43f0cc88b074.mirbase21.mirnas.quantification.txt,Primary Tumor
6fb89fbe-3f29-474d-beb4-97c2c681c0cd.mirbase21.mirnas.quantification.txt,Primary Tumor
ae221bce-f145-4d62-a8a1-fe86b926a04c.mirbase21.mirnas.quantification.txt,Solid Tissue Normal
b53d68d1-4ca9-4fb0-85cd-6cddd83641e5.mirbase21.mirnas.quantification.txt,Primary Tumor
f09e24fe-88f5-4616-8cb2-8b17847e94bf.mirbase21.mirnas.quantification.txt,Primary Tumor
7bbe1eb2-398d-4ea3-8ce1-d467c73cac6c.mirbase21.mirnas.quantification.txt,Primary Tumor
152535fb-cb4a-4922-8bc4-203563e32f1b.mirbase21.mirnas.quantification.txt,Primary Tumor
e13802a4-398a-4ba5-b1ee-fb3da5561a3d.mirbase21.mirnas.quantification.txt,Solid Tissue Normal
452b2e1d-f5dd-420e-9593-6a5f1ccda289.mirbase21.mirnas.quantification.txt,Primary Tumor
a3320695-d971-4d7e-8d65-76d9045db303.mirbase21.mirnas.quantification.txt,Primary Tumor
0589ad50-1f9d-4692-80a7-6b6aa10f60e5.mirbase21.mirnas.quantification.txt,Primary Tumor
16a19432-8aee-4879-a1f6-f74f31259568.mirbase21.mirnas.quantification.txt,Primary Tumor
b5e08ba6-0400-4ade-a131-6cef69a2ed3a.mirbase21.mirnas.quantification.txt,Primary Tumor
7711b716-ec7c-4a04-8cd6-1259080bf544.mirbase21.mirnas.quantification.txt,Primary Tumor
57284d31-1678-42c9-a49a-77e6adb185fd.mirbase21.mirnas.quantification.txt,Primary Tumor
3e12e02b-c99f-4f0a-98a8-fd2b3c966c3d.mirbase21.mirnas.quantification.txt,Primary Tumor
66c33c3f-82a1-48d8-8f45-9cb192e5bfaf.mirbase21.mirnas.quantification.txt,Solid Tissue Normal
7de7d84e-5f55-40af-b38a-1190b0335620.mirbase21.mirnas.quantification.txt,Primary Tumor
26165d45-d69e-4bd9-9b80-b8a1304f5eb9.mirbase21.mirnas.quantification.txt,Primary Tumor
2c3ef778-2579-468d-8b96-c643415ea891.mirbase21.mirnas.quantification.txt,Primary Tumor
790380d2-d59f-43b9-8825-3a58bf336ae8.mirbase21.mirnas.quantification.txt,Primary Tumor
5da697bb-b907-41bb-bb2c-daa897b5eb7a.mirbase21.mirnas.quantification.txt,Primary Tumor
036be5f9-cdcc-4c37-9134-193085456e8a.mirbase21.mirnas.quantification.txt,Primary Tumor
e5d10f2c-f206-4744-82a9-adf8ed49b1d4.mirbase21.mirnas.quantification.txt,Primary Tumor
aca62e6b-6fd9-4a44-94ae-836765951553.mirbase21.mirnas.quantification.txt,Primary Tumor
221847ac-499f-40d9-804d-41d532876547.mirbase21.mirnas.quantification.txt,Primary Tumor
7714f19d-27e5-43d0-ad93-9974f0ff918a.mirbase21.mirnas.quantification.txt,Primary Tumor
c989aa25-9ed6-49e9-b943-14d5c8037022.mirbase21.mirnas.quantification.txt,Primary Tumor
7a4a91fa-f6cb-405f-b06f-7b8543845e6c.mirbase21.mirnas.quantification.txt,Primary Tumor
1f334cbb-ac1d-41c2-a183-4ab674bd17cc.mirbase21.mirnas.quantification.txt,Primary Tumor
3e95363e-5a2f-40e5-9afd-148646082f7e.mirbase21.mirnas.quantification.txt,Primary Tumor
041cb0ad-0e59-461f-aa09-fa66ffa0d926.mirbase21.mirnas.quantification.txt,Solid Tissue Normal
e9a63073-20d9-4bd3-8684-8833561862ac.mirbase21.mirnas.quantification.txt,Primary Tumor
ffd9a181-73b5-4274-83c4-9230d90bb69a.mirbase21.mirnas.quantification.txt,Primary Tumor
c5308103-75cf-4024-a27d-69cae826b5c0.mirbase21.mirnas.quantification.txt,Primary Tumor
098b85f3-b2de-42db-9a42-9e47bf831b44.mirbase21.mirnas.quantification.txt,Primary Tumor
d48aca0c-6a04-4d10-9c94-ef4542732c3f.mirbase21.mirnas.quantification.txt,Primary Tumor
68bd8884-ba20-4078-8bab-a8c2162a1a09.mirbase21.mirnas.quantification.txt,Primary Tumor
fbb43a39-6914-42e4-93b3-eb2fdfd528d4.mirbase21.mirnas.quantification.txt,Primary Tumor
b2636ae4-2bc4-4859-aa73-d009a6091ee4.mirbase21.mirnas.quantification.txt,Primary Tumor
f4859d21-76de-463d-b32d-1e48f9d5a5c1.mirbase21.mirnas.quantification.txt,Primary Tumor
22d46b88-40ec-431d-b290-9b10b29a3dd7.mirbase21.mirnas.quantification.txt,Primary Tumor
9ca0426f-8a36-4f82-bb2f-a42926fc77b1.mirbase21.mirnas.quantification.txt,Primary Tumor
27238c19-8b46-480b-bdad-f365174ae46d.mirbase21.mirnas.quantification.txt,Primary Tumor
94908a15-881e-4d1a-99e9-5df73ac874ab.mirbase21.mirnas.quantification.txt,Primary Tumor
4280f797-d25f-4f4e-9eb9-44fbab368d3c.mirbase21.mirnas.quantification.txt,Primary Tumor
e15b65c8-dc73-44e5-a040-0a021933c67d.mirbase21.mirnas.quantification.txt,Solid Tissue Normal
e9b27f32-7f18-48a4-b0f1-45d600b27ca2.mirbase21.mirnas.quantification.txt,Primary Tumor
f620144e-37e8-477a-b8fd-a597a31dbbe5.mirbase21.mirnas.quantification.txt,Primary Tumor
5f7ba3ff-1262-485c-90fa-8ff4ecd5273e.mirbase21.mirnas.quantification.txt,Primary Tumor
7541f79d-bc52-4dee-87cf-3d37a684a94d.mirbase21.mirnas.quantification.txt,Primary Tumor
1e6c953c-adfd-4910-b72d-4b563fe53161.mirbase21.mirnas.quantification.txt,Primary Tumor
dba76e99-bf9e-4e97-96a2-d0e005a4edd1.mirbase21.mirnas.quantification.txt,Primary Tumor
bf125523-4b5a-4340-9f15-26c8754934b7.mirbase21.mirnas.quantification.txt,Primary Tumor
1c3d4316-212f-425c-85b9-36a1c4862752.mirbase21.mirnas.quantification.txt,Primary Tumor
11a7f71e-90d6-4fa4-abbc-92fea282cb04.mirbase21.mirnas.quantification.txt,Primary Tumor
f8db654e-c901-4286-9aa7-3aa645136426.mirbase21.mirnas.quantification.txt,Primary Tumor
6a4e7c31-18a5-40b5-83d3-30effc23791b.mirbase21.mirnas.quantification.txt,Primary Tumor
3ae7d093-8dee-486c-8c23-4c5df362b53e.mirbase21.mirnas.quantification.txt,Primary Tumor
499c55bd-a269-4a41-aa1d-413f0497e77d.mirbase21.mirnas.quantification.txt,Primary Tumor
4ea7417e-3f41-486b-baf2-9569c955ee50.mirbase21.mirnas.quantification.txt,Primary Tumor
4409b281-02bd-465a-9b43-6a5e9a6e5fb2.mirbase21.mirnas.quantification.txt,Primary Tumor
36b09f2b-adcd-43e3-bad8-7aad1c191736.mirbase21.mirnas.quantification.txt,Primary Tumor
3126711a-850c-4c20-a18a-40fb8fff6799.mirbase21.mirnas.quantification.txt,Primary Tumor
4a7454b5-1268-461b-afcb-d3b06c7323e2.mirbase21.mirnas.quantification.txt,Primary Tumor
988f21a6-9575-43ac-8561-fc56a8c5b408.mirbase21.mirnas.quantification.txt,Primary Tumor
55257105-a6de-4156-94d2-7f3d16752c66.mirbase21.mirnas.quantification.txt,Primary Tumor
32633f16-38b9-4329-a16d-254ffe911256.mirbase21.mirnas.quantification.txt,Primary Tumor
0eee81e3-1f0c-474d-ba00-f98c8d3fc89a.mirbase21.mirnas.quantification.txt,Primary Tumor
6f3afc55-1d66-429d-a0ff-539b1b2ffc85.mirbase21.mirnas.quantification.txt,Primary Tumor
4bdb5cee-20e5-42a4-8772-2e3a7c99b306.mirbase21.mirnas.quantification.txt,Primary Tumor
573b8129-67b9-4ae5-84bb-09e82b2f9271.mirbase21.mirnas.quantification.txt,Primary Tumor
7e024aa1-ee52-4806-bc9b-1566f16f6e0c.mirbase21.mirnas.quantification.txt,Primary Tumor
ef177ed7-06d0-4849-b443-653020ae0f17.mirbase21.mirnas.quantification.txt,Primary Tumor
6f0c1d40-b62f-43c9-a369-70c68237af78.mirbase21.mirnas.quantification.txt,Primary Tumor
cf1034c1-a807-4a07-a06f-50ac121bb4a9.mirbase21.mirnas.quantification.txt,Primary Tumor
02e58b7f-e334-4f23-a2d5-53a594a8b6ca.mirbase21.mirnas.quantification.txt,Primary Tumor
b9404ed1-bc6f-4b0a-b2e3-d720c6950473.mirbase21.mirnas.quantification.txt,Primary Tumor
67789ac1-c913-465c-8826-a091942e2500.mirbase21.mirnas.quantification.txt,Primary Tumor
2d79e5a9-edd4-4bda-bfd9-0118146e83c7.mirbase21.mirnas.quantification.txt,Primary Tumor
787e639f-885f-4fcd-8592-39e3cf6d9e3f.mirbase21.mirnas.quantification.txt,Primary Tumor
0dbdbfc8-1201-4ca8-ae92-1dd67e29b774.mirbase21.mirnas.quantification.txt,Primary Tumor
b94543ee-a239-4974-b4a6-e1bba95df4b9.mirbase21.mirnas.quantification.txt,Primary Tumor
19c0296c-c4aa-475d-99ed-650a57ce9dd2.mirbase21.mirnas.quantification.txt,Primary Tumor
b4030a6a-d30d-4481-ab98-9997e75d5a97.mirbase21.mirnas.quantification.txt,Primary Tumor
c37b66b2-9760-418e-b5bf-5baa3cb8244a.mirbase21.mirnas.quantification.txt,Primary Tumor
b4af551c-38fc-4bda-aa05-a4ef8cf178cc.mirbase21.mirnas.quantification.txt,Metastatic
9bb94173-a2f2-474d-9539-25e6da1e419a.mirbase21.mirnas.quantification.txt,Solid Tissue Normal
07ef29b7-6102-4ccc-a826-40865bbf26ae.mirbase21.mirnas.quantification.txt,Primary Tumor
47106f4c-8d46-441f-b3a7-7dc186b1d076.mirbase21.mirnas.quantification.txt,Primary Tumor
8044dc9f-0b6a-41db-9167-6fbb4d8a3d02.mirbase21.mirnas.quantification.txt,Primary Tumor
02943785-c4f2-42b5-89f5-40e27fd0e604.mirbase21.mirnas.quantification.txt,Primary Tumor
c3e91806-22fa-4357-99fb-ae246f07a5f1.mirbase21.mirnas.quantification.txt,Primary Tumor
c3b4d28c-6a15-4f33-9a27-ed356fbed68c.mirbase21.mirnas.quantification.txt,Primary Tumor
171f24e7-97a1-43fc-b8a1-4850440ae57c.mirbase21.mirnas.quantification.txt,Solid Tissue Normal
a10c4e6c-90c3-4ee8-9770-0f86656ebb13.mirbase21.mirnas.quantification.txt,Primary Tumor
277fd0fa-e036-4fe3-9f31-a2c10f88e7b1.mirbase21.mirnas.quantification.txt,Primary Tumor
67d07137-6f62-4608-bdb1-e515e91921b9.mirbase21.mirnas.quantification.txt,Primary Tumor
da589abf-f00b-4374-a122-da0903accbf4.mirbase21.mirnas.quantification.txt,Primary Tumor
2e7085e9-ce85-4e5e-9e54-8f7cb2678995.mirbase21.mirnas.quantification.txt,Solid Tissue Normal
7c238dbb-5e5e-4a2b-b4ed-c3bde82386cd.mirbase21.mirnas.quantification.txt,Solid Tissue Normal
eb7ec9bf-b081-4a44-9597-081554acdb91.mirbase21.mirnas.quantification.txt,Primary Tumor
1d50d5f6-8688-4b8a-9eba-5c2c199bd429.mirbase21.mirnas.quantification.txt,Primary Tumor
7df866d6-5f0d-4c37-b088-bb43c3f59af5.mirbase21.mirnas.quantification.txt,Solid Tissue Normal
9c8833e3-4a8a-4a57-bd37-5c5c7115701c.mirbase21.mirnas.quantification.txt,Primary Tumor
6330e0db-2cc6-4907-b1cf-664721657d92.mirbase21.mirnas.quantification.txt,Primary Tumor
fe4a6e5c-e083-4238-b4c9-2ae1448e4f0e.mirbase21.mirnas.quantification.txt,Primary Tumor
33c137ba-59ec-4fd0-a758-c69830a658c0.mirbase21.mirnas.quantification.txt,Primary Tumor
5bf89e42-d3aa-497a-82fe-c5b4a69ad137.mirbase21.mirnas.quantification.txt,Primary Tumor
d62cdfa2-0771-4d83-a70a-dea1ae4bd106.mirbase21.mirnas.quantification.txt,Primary Tumor
be18c3df-4d80-4e08-9243-39c455348b69.mirbase21.mirnas.quantification.txt,Primary Tumor
ea09ecb2-0d40-4e50-a542-b94996cd5bb4.mirbase21.mirnas.quantification.txt,Primary Tumor
eb9862b7-12ce-4ad3-bd20-2d9ad7d3636c.mirbase21.mirnas.quantification.txt,Primary Tumor
8494e1a8-4ddf-4a7a-be43-f123e958a69c.mirbase21.mirnas.quantification.txt,Primary Tumor
1d026d7a-c963-4c32-b821-b0d15fb2d2df.mirbase21.mirnas.quantification.txt,Primary Tumor
82a6f9f8-d16a-48a6-95ac-483c66594574.mirbase21.mirnas.quantification.txt,Primary Tumor
aa30375f-0af7-44a5-99eb-f764de59a448.mirbase21.mirnas.quantification.txt,Primary Tumor
223ddb18-a31f-4c89-a0bd-2e4e4f2dbdef.mirbase21.mirnas.quantification.txt,Primary Tumor
a2a5097e-3245-4253-bf30-94fe2d0fac07.mirbase21.mirnas.quantification.txt,Primary Tumor
7dca8588-06f9-488d-9638-90865e2b4cde.mirbase21.mirnas.quantification.txt,Primary Tumor
66e628ab-37e7-4101-b833-4ab2d40d5f7c.mirbase21.mirnas.quantification.txt,Primary Tumor
5327bab9-52e3-458a-b583-5fc304ed5ff2.mirbase21.mirnas.quantification.txt,Primary Tumor
f588990e-1468-4e64-9285-33f70009c913.mirbase21.mirnas.quantification.txt,Primary Tumor
bec0907b-ad26-45bb-a751-5110ba053c4f.mirbase21.mirnas.quantification.txt,Primary Tumor
9c252100-1376-4a1b-9c7d-8dfdd60da231.mirbase21.mirnas.quantification.txt,Primary Tumor
4eaf3244-365e-4cdd-a05a-69e88d79becc.mirbase21.mirnas.quantification.txt,Primary Tumor
040094f0-9cb5-43a4-9096-b951240a7b7d.mirbase21.mirnas.quantification.txt,Solid Tissue Normal
aaf22d35-b0cd-4749-b9e4-9c613095ad26.mirbase21.mirnas.quantification.txt,Primary Tumor
f33c76fc-4e24-4de3-b35f-3af1192d4efd.mirbase21.mirnas.quantification.txt,Primary Tumor
545eef4a-fb16-4b21-bb95-43745835c175.mirbase21.mirnas.quantification.txt,Primary Tumor
ce1fdb0f-383b-40fd-bc47-d56c31015d1d.mirbase21.mirnas.quantification.txt,Primary Tumor
20d94b73-8562-43be-9720-ff530178b455.mirbase21.mirnas.quantification.txt,Primary Tumor
7b87a393-8539-4aa6-bb73-c830c9166658.mirbase21.mirnas.quantification.txt,Primary Tumor
dca4157c-c7b5-44eb-ad15-b0fa0ab98249.mirbase21.mirnas.quantification.txt,Primary Tumor
d4f97dfe-dc81-4696-b781-e658ac291194.mirbase21.mirnas.quantification.txt,Primary Tumor
66e5c0e7-7c5f-42fb-9cce-c07b9a5ac4ca.mirbase21.mirnas.quantification.txt,Primary Tumor
b84626ac-eef2-4caa-9ee3-4f033f3917c7.mirbase21.mirnas.quantification.txt,Primary Tumor
0a6da6e1-dee2-4589-a75e-7a2b8f87181a.mirbase21.mirnas.quantification.txt,Solid Tissue Normal
181af063-0ede-4408-b32a-315026a5b976.mirbase21.mirnas.quantification.txt,Solid Tissue Normal
f50b255e-de09-42f2-86f5-1e26a0ebb011.mirbase21.mirnas.quantification.txt,Primary Tumor
c4fdeefb-64a9-47b5-a6be-0343d7af01fb.mirbase21.mirnas.quantification.txt,Solid Tissue Normal
fcdb3767-38f1-42b1-ab25-3e4ebc3dfff2.mirbase21.mirnas.quantification.txt,Primary Tumor
953c0b07-9369-4061-9a76-fa2ff1561615.mirbase21.mirnas.quantification.txt,Primary Tumor
0288b600-17a2-4739-ad45-33f9fd04775f.mirbase21.mirnas.quantification.txt,Primary Tumor
e7755791-a8c9-4cb8-9959-b63a4ddb9ac3.mirbase21.mirnas.quantification.txt,Primary Tumor
f3b7c565-5fc5-4bb8-847c-04a9e8595400.mirbase21.mirnas.quantification.txt,Primary Tumor
16b031ee-800d-45d8-8219-42e760eed842.mirbase21.mirnas.quantification.txt,Primary Tumor
dd61385e-445d-46c8-a316-2ea625d506c7.mirbase21.mirnas.quantification.txt,Primary Tumor
4547ea31-e3b9-4a64-8ae3-09836a60b3fa.mirbase21.mirnas.quantification.txt,Primary Tumor
4e31fddf-fc22-4080-a9cd-3bae46a501ee.mirbase21.mirnas.quantification.txt,Primary Tumor
a94490aa-ea42-4858-a017-0e76fc67f2e8.mirbase21.mirnas.quantification.txt,Primary Tumor
1853013d-8990-4be0-89a2-2a1852f722ad.mirbase21.mirnas.quantification.txt,Metastatic
5639f12b-9e07-4a69-a7ce-4acb34abab54.mirbase21.mirnas.quantification.txt,Primary Tumor
9f40264d-9fd0-4860-b83b-44520be46aeb.mirbase21.mirnas.quantification.txt,Primary Tumor
c5123b70-75b6-48f9-bc9e-dad708d591f9.mirbase21.mirnas.quantification.txt,Primary Tumor
94d24b5e-f6ba-4f32-bc38-8978ea4b9530.mirbase21.mirnas.quantification.txt,Primary Tumor
a302cc44-e1a0-47a8-a85b-760cc0f12973.mirbase21.mirnas.quantification.txt,Primary Tumor
008165f1-54c6-4b5d-9bc3-cea44f4c4baa.mirbase21.mirnas.quantification.txt,Primary Tumor
3debb08d-edf9-48a0-a39d-e65f608efaab.mirbase21.mirnas.quantification.txt,Primary Tumor
99f2310d-de0c-4db2-b93f-4b9a7ca541ae.mirbase21.mirnas.quantification.txt,Primary Tumor
cc7ed990-9479-4177-8950-84692ee77dd0.mirbase21.mirnas.quantification.txt,Primary Tumor
bdda7532-066f-4c97-9c3d-eac2d473fa3a.mirbase21.mirnas.quantification.txt,Primary Tumor
309f8c2c-3303-406f-ada7-26307ecfa89f.mirbase21.mirnas.quantification.txt,Primary Tumor
d8b407c5-2e4e-4a37-becd-90e641103ebe.mirbase21.mirnas.quantification.txt,Primary Tumor
6fb0a2c5-5d77-4864-806c-07666b2aa372.mirbase21.mirnas.quantification.txt,Primary Tumor
d48446cb-4ae2-418b-bc76-5b943cc7d394.mirbase21.mirnas.quantification.txt,Primary Tumor
997f3ec5-b8ee-4b50-b631-a9c607599892.mirbase21.mirnas.quantification.txt,Primary Tumor
29486046-f79a-42c4-85a4-53f547ddd4c7.mirbase21.mirnas.quantification.txt,Solid Tissue Normal
36528412-b28d-4fd1-bc6c-f7d706ae92c6.mirbase21.mirnas.quantification.txt,Primary Tumor
c1cc4bcc-2cd3-4da5-9d71-53f1183ac0d9.mirbase21.mirnas.quantification.txt,Primary Tumor
846c1199-8f1a-4c92-aeda-18b06620dcf8.mirbase21.mirnas.quantification.txt,Primary Tumor
625adf42-b74f-4635-816d-fa980ab69694.mirbase21.mirnas.quantification.txt,Primary Tumor
de869611-3dd1-4bb3-97c0-f66d459fb3b6.mirbase21.mirnas.quantification.txt,Solid Tissue Normal
014be557-4669-4f40-911e-bf48e0faeecf.mirbase21.mirnas.quantification.txt,Primary Tumor
d7822ea9-4e8b-4fab-9b1e-9861573e82cd.mirbase21.mirnas.quantification.txt,Solid Tissue Normal
53c22805-25bf-4e1d-8445-58b6f3c1de97.mirbase21.mirnas.quantification.txt,Primary Tumor
a23c8f97-7331-4e09-b71f-17cc89f0a30b.mirbase21.mirnas.quantification.txt,Primary Tumor
a2200ef3-3d26-4fe9-9b6a-f598ce4294c3.mirbase21.mirnas.quantification.txt,Primary Tumor
a1341a01-9519-400c-b1b1-765284475abe.mirbase21.mirnas.quantification.txt,Primary Tumor
1ca7ec1f-3f58-4c0e-a086-de5fc2f4dfac.mirbase21.mirnas.quantification.txt,Primary Tumor
a992d0a7-db0f-4662-aae1-d19af809ed46.mirbase21.mirnas.quantification.txt,Primary Tumor
6ed8af5c-a590-4de1-9110-59d0d383860f.mirbase21.mirnas.quantification.txt,Primary Tumor
9098809f-e004-4eb0-b200-84a6b941ed00.mirbase21.mirnas.quantification.txt,Primary Tumor
757969e4-f47d-41cb-8f83-774d6b91374c.mirbase21.mirnas.quantification.txt,Primary Tumor
d6fb7b59-4565-4dd3-bf48-ab4c72b8e3b1.mirbase21.mirnas.quantification.txt,Primary Tumor
4f462274-6537-43f9-9b43-4135627ea1fe.mirbase21.mirnas.quantification.txt,Primary Tumor
f0737190-9125-42d1-b7c6-bbf2c901aad8.mirbase21.mirnas.quantification.txt,Primary Tumor
fd095daa-1cbe-4545-8fef-94191d33b040.mirbase21.mirnas.quantification.txt,Primary Tumor
d6038325-777e-40ae-851c-f10c8c05c741.mirbase21.mirnas.quantification.txt,Metastatic
2d224f34-79ed-4ef1-a750-467fba466b76.mirbase21.mirnas.quantification.txt,Primary Tumor
2ff2b382-eac0-4bcf-b79d-4a3458982e78.mirbase21.mirnas.quantification.txt,Primary Tumor
59930502-cc3f-435d-809b-80a7956411a5.mirbase21.mirnas.quantification.txt,Primary Tumor
bdf033ac-a3e9-4795-a1d4-8161c2d52d11.mirbase21.mirnas.quantification.txt,Solid Tissue Normal
cd68e5ab-dc90-4795-8cf1-517fe63bb3e9.mirbase21.mirnas.quantification.txt,Primary Tumor
5c5be883-8f18-40dd-88ab-60e7f19f590e.mirbase21.mirnas.quantification.txt,Primary Tumor
ec53f20c-5e81-4f42-b9e4-2af70644c491.mirbase21.mirnas.quantification.txt,Primary Tumor
5298417a-68d5-4ca1-a640-b42067034938.mirbase21.mirnas.quantification.txt,Primary Tumor
1287b3b0-ce43-48b3-8ba7-6de02238f49c.mirbase21.mirnas.quantification.txt,Metastatic
5c9ccdf1-c077-46a3-b743-30e3c822a53d.mirbase21.mirnas.quantification.txt,Primary Tumor
e109aa52-5b63-4619-b5e6-1a3f594f6249.mirbase21.mirnas.quantification.txt,Primary Tumor
4b460180-47bd-432e-a17c-7274dfb060f6.mirbase21.mirnas.quantification.txt,Primary Tumor
c4bb6356-987e-49fa-ae36-8d0c3a9efac7.mirbase21.mirnas.quantification.txt,Primary Tumor
d586f2c4-adf3-4e38-b107-0be32546d75f.mirbase21.mirnas.quantification.txt,Primary Tumor
77d4326f-7a88-441c-a437-5f714b234b26.mirbase21.mirnas.quantification.txt,Primary Tumor
387f330c-c3f2-4e97-93bc-3d81095ba9da.mirbase21.mirnas.quantification.txt,Primary Tumor
83d5fe66-6e21-4771-8f97-688a89606582.mirbase21.mirnas.quantification.txt,Primary Tumor
4516707c-fe35-4143-81d7-a73c52d9e212.mirbase21.mirnas.quantification.txt,Primary Tumor
bd1bfa2a-ce3d-4ab4-928b-5bb996e42eff.mirbase21.mirnas.quantification.txt,Primary Tumor
aa594af4-30e6-416d-9ca9-12d1adda4dec.mirbase21.mirnas.quantification.txt,Primary Tumor
be4375db-524d-40c7-a8a7-e0a1e1e2a2ad.mirbase21.mirnas.quantification.txt,Primary Tumor
e125454c-465c-469d-8be2-8d5879e63695.mirbase21.mirnas.quantification.txt,Primary Tumor
7d9249ae-6fe2-442c-a8e2-7c72eeb8b62c.mirbase21.mirnas.quantification.txt,Primary Tumor
407d8d38-7ffe-4d10-9d91-902461eb0181.mirbase21.mirnas.quantification.txt,Primary Tumor
1e0a97f8-cf9f-4f77-b52d-40e3ffaaa2d0.mirbase21.mirnas.quantification.txt,Primary Tumor
7e23ecda-07b7-46fe-ab62-a4b648902e18.mirbase21.mirnas.quantification.txt,Solid Tissue Normal
1b740152-e1d1-4f59-94e0-580dd42a073f.mirbase21.mirnas.quantification.txt,Primary Tumor
63905449-33f5-4140-bf0e-43bffb1ff079.mirbase21.mirnas.quantification.txt,Primary Tumor
28609f31-3810-41a5-833c-798bc8d036e5.mirbase21.mirnas.quantification.txt,Primary Tumor
71172b80-3f67-4471-9109-fe09337324aa.mirbase21.mirnas.quantification.txt,Primary Tumor
96601c9b-6089-425f-a038-bcf85c9d3470.mirbase21.mirnas.quantification.txt,Primary Tumor
f640b82f-3e8e-467e-a4cc-00a5e6d3657b.mirbase21.mirnas.quantification.txt,Primary Tumor
0ae7e9ec-421a-4509-bc2f-2a50ac2f7489.mirbase21.mirnas.quantification.txt,Primary Tumor
70328876-52d9-446a-8c3c-6436c85533d5.mirbase21.mirnas.quantification.txt,Primary Tumor
71adffbf-aee3-47a2-9cbb-2ea2f6b7d7d4.mirbase21.mirnas.quantification.txt,Primary Tumor
98de810a-6828-44c5-802c-f04d43aee5a5.mirbase21.mirnas.quantification.txt,Primary Tumor
4816c377-d51d-43d4-9245-633b2f5e7e4c.mirbase21.mirnas.quantification.txt,Primary Tumor
261a54d4-430c-4c7e-9fb9-db9573680ae3.mirbase21.mirnas.quantification.txt,Primary Tumor
c9d246bd-6aa0-4efa-b401-c93071708acf.mirbase21.mirnas.quantification.txt,Primary Tumor
e568e38a-f885-4295-bbc5-c24c7378de24.mirbase21.mirnas.quantification.txt,Solid Tissue Normal
8c0dc494-158d-46ae-b443-e84d31fe2ba6.mirbase21.mirnas.quantification.txt,Primary Tumor
b9d24f24-41d8-44a2-a81c-7bde901a4ded.mirbase21.mirnas.quantification.txt,Primary Tumor
c8b8b42f-dbde-46df-8ebd-21af8946a386.mirbase21.mirnas.quantification.txt,Primary Tumor
2be2b6f0-d375-4d39-a129-fe94fe047be7.mirbase21.mirnas.quantification.txt,Primary Tumor
61170e85-ee65-4ebc-aac6-ab82d0ec2a73.mirbase21.mirnas.quantification.txt,Solid Tissue Normal
caee5ca0-32b3-42cd-a498-3e4a096c3f28.mirbase21.mirnas.quantification.txt,Solid Tissue Normal
bc1e2482-7693-4548-b20a-c061b6922230.mirbase21.mirnas.quantification.txt,Primary Tumor
94265eda-f666-485b-b1cb-0c39f4cbe4ef.mirbase21.mirnas.quantification.txt,Primary Tumor
0c6124e6-7300-4f48-9e41-f782469f0d1e.mirbase21.mirnas.quantification.txt,Primary Tumor
f826601b-fb35-4472-a691-ffd7a8ae4fb2.mirbase21.mirnas.quantification.txt,Primary Tumor
6c599655-ea64-4771-977a-0d398b365a96.mirbase21.mirnas.quantification.txt,Primary Tumor
2c3afc04-faee-4de7-a889-50d48ee7894d.mirbase21.mirnas.quantification.txt,Primary Tumor
d0659063-8ffb-444a-ab7c-c53d350336d5.mirbase21.mirnas.quantification.txt,Primary Tumor
ec0ab975-0200-468c-833c-0cf78d7dcd16.mirbase21.mirnas.quantification.txt,Primary Tumor
642fb32c-fb1e-4402-9fd3-2c8e227190e6.mirbase21.mirnas.quantification.txt,Solid Tissue Normal
c957e3d5-aba5-4261-868f-7e9a86265779.mirbase21.mirnas.quantification.txt,Primary Tumor
0f17cfe4-c5b7-4608-82d1-4c50b2baf945.mirbase21.mirnas.quantification.txt,Primary Tumor
21f7c21e-60fe-42ad-a90a-2a10024311ae.mirbase21.mirnas.quantification.txt,Primary Tumor
403a34de-a25d-4f22-afec-b9ba5fb1fdc6.mirbase21.mirnas.quantification.txt,Primary Tumor
8dbf863f-9a19-49cc-98aa-7553e64587f9.mirbase21.mirnas.quantification.txt,Primary Tumor
82bc0cc0-1bee-40f3-b335-0dc8c61ef37a.mirbase21.mirnas.quantification.txt,Primary Tumor
38ef0b9b-bc2e-4606-9e94-9f2dbdf4b8a9.mirbase21.mirnas.quantification.txt,Primary Tumor
09570219-9482-4c33-bdcd-562a3f5c0633.mirbase21.mirnas.quantification.txt,Primary Tumor
966e84d5-ce27-406f-852b-f63699d9f4cb.mirbase21.mirnas.quantification.txt,Primary Tumor
88cbaa66-ef96-4ee8-9705-0769168e862c.mirbase21.mirnas.quantification.txt,Primary Tumor
411f9ca0-8a51-449d-b661-8f9419cfae31.mirbase21.mirnas.quantification.txt,Solid Tissue Normal
60f5bfe0-c71e-4fbc-bb40-5a8e01009e5b.mirbase21.mirnas.quantification.txt,Primary Tumor
7def1d74-cf41-479c-a49b-7608ae73d5dd.mirbase21.mirnas.quantification.txt,Primary Tumor
20363575-083b-44d9-a6b7-e11fd1b93964.mirbase21.mirnas.quantification.txt,Primary Tumor
3d8cbf88-82f5-4b23-875c-899b5e56f577.mirbase21.mirnas.quantification.txt,Primary Tumor
05dbed73-8431-4dc4-aea9-489e2ce50a32.mirbase21.mirnas.quantification.txt,Primary Tumor
2e259d72-ea27-4f0a-a77e-739a40474685.mirbase21.mirnas.quantification.txt,Primary Tumor
5ce46b54-091d-4224-a7c8-65db24728f18.mirbase21.mirnas.quantification.txt,Primary Tumor
a7a10ae1-8132-49a8-af1d-042e370e79a5.mirbase21.mirnas.quantification.txt,Primary Tumor
7675a3ba-667b-405d-b02d-c52bfa85197a.mirbase21.mirnas.quantification.txt,Primary Tumor
dedae84b-816b-45c8-a1f7-9beb08afac2c.mirbase21.mirnas.quantification.txt,Primary Tumor
53a0d137-bdb8-43fe-b75f-1d92467b1705.mirbase21.mirnas.quantification.txt,Primary Tumor
ca41e048-73ba-40b1-aa5d-2b892908614a.mirbase21.mirnas.quantification.txt,Primary Tumor
9355403b-697f-4c94-aa4a-c10443191bd1.mirbase21.mirnas.quantification.txt,Primary Tumor
df90db2e-8a9a-4ea4-89d1-c8804979e071.mirbase21.mirnas.quantification.txt,Primary Tumor
874db5eb-d4a9-48a9-be06-5a9ea2baf36f.mirbase21.mirnas.quantification.txt,Primary Tumor
b630d993-ccfb-43d2-a82b-3244f3005b3d.mirbase21.mirnas.quantification.txt,Solid Tissue Normal
8ab499e2-12c6-411b-b39c-f3e19a775795.mirbase21.mirnas.quantification.txt,Primary Tumor
22903516-b77c-4a36-bcbc-cb434603fd0b.mirbase21.mirnas.quantification.txt,Primary Tumor
708ca007-4e60-47ea-8303-82229996231c.mirbase21.mirnas.quantification.txt,Primary Tumor
d08ef5f8-c266-44fb-933a-805acc1421f4.mirbase21.mirnas.quantification.txt,Primary Tumor
68cd1263-e834-4747-a179-b7df5a83ed16.mirbase21.mirnas.quantification.txt,Primary Tumor
c604d0d3-a866-4a8f-a20b-0ded4b933155.mirbase21.mirnas.quantification.txt,Primary Tumor
57efb19c-922c-48bb-8d63-6cfbb30a7830.mirbase21.mirnas.quantification.txt,Primary Tumor
6185840f-1f80-44d8-bad5-dca46963d1bb.mirbase21.mirnas.quantification.txt,Primary Tumor
cf82d2b6-6b01-4d8d-a4e7-331e85b6defc.mirbase21.mirnas.quantification.txt,Primary Tumor
a205a04c-5a37-400b-a828-0a45b13098c4.mirbase21.mirnas.quantification.txt,Primary Tumor
04b9888b-ace3-4eee-b5b3-13a13b69fadb.mirbase21.mirnas.quantification.txt,Primary Tumor
c097d8ea-0931-409c-895c-745265ef74a4.mirbase21.mirnas.quantification.txt,Primary Tumor
61064c0c-49d6-4f5d-b0db-031b8ca494b4.mirbase21.mirnas.quantification.txt,Primary Tumor
e001944b-d7a6-426c-9109-17b5be6de8e5.mirbase21.mirnas.quantification.txt,Primary Tumor
dd5f64ed-1fed-413f-8e8c-9dbb37bb4ea1.mirbase21.mirnas.quantification.txt,Primary Tumor
c849f966-4a46-4d97-b9f7-e127caf84261.mirbase21.mirnas.quantification.txt,Primary Tumor
74d77147-c1e9-4929-af0e-6183a5b76eaf.mirbase21.mirnas.quantification.txt,Primary Tumor
068fed27-6db6-4296-b649-2dedd6d0e735.mirbase21.mirnas.quantification.txt,Primary Tumor
e14a3eaf-acf9-471d-be81-debc8f4b83d1.mirbase21.mirnas.quantification.txt,Primary Tumor
78a94931-0a24-4d78-92a0-7f3aae19c461.mirbase21.mirnas.quantification.txt,Primary Tumor
16a0f24c-5ed0-4a3b-8e75-fbcfb65f06d9.mirbase21.mirnas.quantification.txt,Primary Tumor
5dea69a4-829b-4346-8ef5-08cb963acdcd.mirbase21.mirnas.quantification.txt,Solid Tissue Normal
37f75ad8-a700-4c13-8d16-d1f91c5b7bb5.mirbase21.mirnas.quantification.txt,Primary Tumor
83267adc-aa05-4a49-bd9c-7602568fc6f6.mirbase21.mirnas.quantification.txt,Solid Tissue Normal
8bb2eb27-3bf9-46c7-bb2a-4915cbf09407.mirbase21.mirnas.quantification.txt,Primary Tumor
bbde728c-0e91-4c39-8c61-a40f0448edd3.mirbase21.mirnas.quantification.txt,Primary Tumor
b3a914b8-48df-4acb-84c1-50711d493671.mirbase21.mirnas.quantification.txt,Primary Tumor
28def1e0-b2c0-4a47-88b2-b9214bba843a.mirbase21.mirnas.quantification.txt,Solid Tissue Normal
5522fb46-a653-4edb-b898-d0f2a3c72d5c.mirbase21.mirnas.quantification.txt,Primary Tumor
e8e7654f-e024-4b6a-b8a3-b30e5d5842e5.mirbase21.mirnas.quantification.txt,Solid Tissue Normal
3e344f7d-88d3-4cf6-9dc2-a0f4ce5b0946.mirbase21.mirnas.quantification.txt,Primary Tumor
69cd9640-33fd-43d9-b15a-2cbf4bd1c99b.mirbase21.mirnas.quantification.txt,Primary Tumor
d0e11cbb-44c2-4959-a5fa-4ec0503b59ba.mirbase21.mirnas.quantification.txt,Primary Tumor
9024042a-12e8-46c7-936d-b548e21742be.mirbase21.mirnas.quantification.txt,Primary Tumor
f8d6a3ef-9436-4bee-8cac-ce10cd8bd459.mirbase21.mirnas.quantification.txt,Primary Tumor
2f64c159-2d0c-456f-adfe-fe77ea45d5fe.mirbase21.mirnas.quantification.txt,Primary Tumor
623af592-a0df-4e45-a829-f1461ea17f36.mirbase21.mirnas.quantification.txt,Primary Tumor
176c3dd0-6391-46f1-8117-8dbaa8cac0d4.mirbase21.mirnas.quantification.txt,Solid Tissue Normal
df6f48a5-7c2a-47ed-8053-fbe0c6280209.mirbase21.mirnas.quantification.txt,Primary Tumor
9c6b2beb-0405-4a81-85a1-b2fc8602ecd4.mirbase21.mirnas.quantification.txt,Primary Tumor
91c6e716-9f0f-4df2-a0d9-2b25f2ca556e.mirbase21.mirnas.quantification.txt,Primary Tumor
f19e8460-b068-4c39-b5db-c76735f713ec.mirbase21.mirnas.quantification.txt,Primary Tumor
9fcfa1c7-ce96-48be-b8d3-1d5de9158528.mirbase21.mirnas.quantification.txt,Primary Tumor
7f7a29d3-599a-40b5-8139-9d33c590c50f.mirbase21.mirnas.quantification.txt,Primary Tumor
073515a2-ab2f-47f1-b4cd-798fcba303ab.mirbase21.mirnas.quantification.txt,Primary Tumor
7e00c831-60dd-45d0-8271-c293c6685658.mirbase21.mirnas.quantification.txt,Solid Tissue Normal
d41b628e-9a5f-487d-bb4f-e15eb6e65339.mirbase21.mirnas.quantification.txt,Primary Tumor
d26a797e-6bd6-4ce8-bb0e-8f7144a13a66.mirbase21.mirnas.quantification.txt,Primary Tumor
bf334c03-8d8c-4055-8bcf-e19684c29e2a.mirbase21.mirnas.quantification.txt,Primary Tumor
a8760a8e-caff-408b-953c-adbefeda5a87.mirbase21.mirnas.quantification.txt,Primary Tumor
fcb36beb-95d0-4028-9c91-90d7be88e738.mirbase21.mirnas.quantification.txt,Primary Tumor
e6d314df-13ad-40f0-834e-1d8e91d069f8.mirbase21.mirnas.quantification.txt,Primary Tumor
39e97ad8-068d-4846-8fc6-80458fe9e5f5.mirbase21.mirnas.quantification.txt,Primary Tumor
308604a0-ea23-4f64-aac4-6bc1e5bf2b75.mirbase21.mirnas.quantification.txt,Primary Tumor
9b4485c9-c3f7-458e-80f9-23ebe777198c.mirbase21.mirnas.quantification.txt,Solid Tissue Normal
1951c2c8-5c2d-4c95-a11e-611f59a2dfe9.mirbase21.mirnas.quantification.txt,Primary Tumor
1945c32a-0d47-40ee-9a4e-11091e706fdb.mirbase21.mirnas.quantification.txt,Primary Tumor
3dea96e0-f8da-4e14-9e64-3094312c97e0.mirbase21.mirnas.quantification.txt,Primary Tumor
1e70ecd6-6d08-4f21-a189-136849896399.mirbase21.mirnas.quantification.txt,Primary Tumor
7115028a-bcdf-4a3c-a384-055042893221.mirbase21.mirnas.quantification.txt,Primary Tumor
9cc492ea-e693-4cf5-a914-178f9a141602.mirbase21.mirnas.quantification.txt,Primary Tumor
9f129ebe-a7e9-4227-92a1-f2e763c34269.mirbase21.mirnas.quantification.txt,Primary Tumor
fd87d0bd-4c9e-4072-ad58-e7156a86635f.mirbase21.mirnas.quantification.txt,Primary Tumor
6a83da9c-2564-4da1-95fe-a2e02a1c4063.mirbase21.mirnas.quantification.txt,Primary Tumor
36951f8c-0c80-44d0-ad7d-631fcd4c0540.mirbase21.mirnas.quantification.txt,Primary Tumor
ffabf8d3-168e-40d3-b0ae-ec4fa6657c4f.mirbase21.mirnas.quantification.txt,Primary Tumor
e4545871-07ba-4446-8397-abdb29ac04ab.mirbase21.mirnas.quantification.txt,Solid Tissue Normal
442332ef-7aa2-421e-995d-fca1068c4ddc.mirbase21.mirnas.quantification.txt,Primary Tumor
094fcb74-4bc2-4024-830d-3b3bca698298.mirbase21.mirnas.quantification.txt,Primary Tumor
cbfaa7d4-eaad-43ea-90d6-d0dcf6231831.mirbase21.mirnas.quantification.txt,Primary Tumor
5cc7ba62-ca46-47b0-84ec-2976817c802a.mirbase21.mirnas.quantification.txt,Primary Tumor
d5afb245-8ebb-485f-8f0c-4c86050cd81f.mirbase21.mirnas.quantification.txt,Primary Tumor
c6edba80-3863-4619-97e8-c244d3d441e5.mirbase21.mirnas.quantification.txt,Solid Tissue Normal
08c8d63e-3436-4e2f-8ca9-71f2bd92cd52.mirbase21.mirnas.quantification.txt,Primary Tumor
1aa67adb-dbf8-4460-9665-23122e604db5.mirbase21.mirnas.quantification.txt,Solid Tissue Normal
f01bbf69-96eb-48ae-bbd7-4e78f7d3b945.mirbase21.mirnas.quantification.txt,Primary Tumor
f3152f32-283d-4f8b-9491-505e1cca4a7e.mirbase21.mirnas.quantification.txt,Primary Tumor
5008cdca-b302-4e22-8039-26ea9ab1b9fe.mirbase21.mirnas.quantification.txt,Primary Tumor
f5c8e44f-86c7-4784-9054-6623b94197a8.mirbase21.mirnas.quantification.txt,Primary Tumor
8b6428e6-f231-446c-aea1-3c7fe9790c02.mirbase21.mirnas.quantification.txt,Primary Tumor
358efb62-748e-4658-b111-de5e8b256f8e.mirbase21.mirnas.quantification.txt,Primary Tumor
74671e16-9de3-4041-ad77-01aa72b03499.mirbase21.mirnas.quantification.txt,Primary Tumor
efa9c96c-dc65-49f1-af14-1e0fc77b70f3.mirbase21.mirnas.quantification.txt,Solid Tissue Normal
00d2e264-6926-4db1-b8f1-07a92e15e511.mirbase21.mirnas.quantification.txt,Primary Tumor
23dec2b1-8d05-4d16-98df-eee8f05c3974.mirbase21.mirnas.quantification.txt,Primary Tumor
b91e7d71-7fdd-4984-8428-c9d8210b7a51.mirbase21.mirnas.quantification.txt,Primary Tumor
636d5647-2514-4061-b3af-5ae14e9be23c.mirbase21.mirnas.quantification.txt,Primary Tumor
8f4820da-16a0-4a44-81b5-29c6c7a3828c.mirbase21.mirnas.quantification.txt,Primary Tumor
58f8c6bd-b20b-4228-97ef-8f0e2a73c92f.mirbase21.mirnas.quantification.txt,Primary Tumor
19541d7a-f911-4eff-902e-ca83e90c855b.mirbase21.mirnas.quantification.txt,Primary Tumor
3636a656-2ffe-4eb9-9779-aadaaf7346f8.mirbase21.mirnas.quantification.txt,Primary Tumor
5574ad0d-e3f5-4778-95b2-86655993a532.mirbase21.mirnas.quantification.txt,Primary Tumor
dbffdee8-547d-4d2c-86fc-43ee2263a10e.mirbase21.mirnas.quantification.txt,Primary Tumor
49eaa69c-64c0-455d-966d-7d749897fd37.mirbase21.mirnas.quantification.txt,Primary Tumor
a1392ee5-2e19-48fd-9f14-350d8f23976c.mirbase21.mirnas.quantification.txt,Primary Tumor
3cb94a44-774b-4681-a629-5a47d86251a5.mirbase21.mirnas.quantification.txt,Primary Tumor
2f888eb4-6e84-4564-88d6-377fb346e818.mirbase21.mirnas.quantification.txt,Primary Tumor
638c3b9c-9de2-4159-8348-f7b6878de0e9.mirbase21.mirnas.quantification.txt,Solid Tissue Normal
fe6998cb-3739-4874-9c3a-be68396abb94.mirbase21.mirnas.quantification.txt,Primary Tumor
d8318df1-f261-40d1-a92a-17e5a2bc46e5.mirbase21.mirnas.quantification.txt,Primary Tumor
a41b2c7a-fa51-41bc-8d41-b3fe563b3e0c.mirbase21.mirnas.quantification.txt,Primary Tumor
be0c28b0-5331-4a5c-bc92-9ddcd3a98bdb.mirbase21.mirnas.quantification.txt,Primary Tumor
c3048df7-b491-43a0-b594-f26c6afcc5d8.mirbase21.mirnas.quantification.txt,Primary Tumor
8e2a1a04-36bb-4bd3-a1db-158d960349cd.mirbase21.mirnas.quantification.txt,Primary Tumor
44a2e508-1694-4a27-b51d-bcf5b74bf4a7.mirbase21.mirnas.quantification.txt,Primary Tumor
dfcfd99f-c492-4309-a805-1adf8552b2b8.mirbase21.mirnas.quantification.txt,Primary Tumor
06c8c506-3840-4b93-b98f-4f7735b38403.mirbase21.mirnas.quantification.txt,Primary Tumor
52049a8c-88bb-43b5-8094-e981d10aec29.mirbase21.mirnas.quantification.txt,Solid Tissue Normal
6814a814-7ad7-44eb-a3c4-38f75ceb39e7.mirbase21.mirnas.quantification.txt,Primary Tumor
f9ca284c-b4ff-4314-ac4c-3f8bd0573c4e.mirbase21.mirnas.quantification.txt,Primary Tumor
b3716d6f-00f0-4525-948f-e313a48dc06a.mirbase21.mirnas.quantification.txt,Primary Tumor
0481637f-55b5-4f44-b3a5-e47360e58742.mirbase21.mirnas.quantification.txt,Primary Tumor
2d13c06b-ffd7-44b7-8ff2-0ff9589f20b6.mirbase21.mirnas.quantification.txt,Primary Tumor
2a232491-4243-4337-b04e-cf358a5d1669.mirbase21.mirnas.quantification.txt,Primary Tumor
a50fe71d-d011-486b-987d-cb625af4b7af.mirbase21.mirnas.quantification.txt,Primary Tumor
343390d9-e38c-47d9-92ee-1064963a0a0d.mirbase21.mirnas.quantification.txt,Primary Tumor
b98bbb76-609f-434d-94a9-adc9c731e0e8.mirbase21.mirnas.quantification.txt,Primary Tumor
c5ed9468-e696-49fe-ab40-9ba3e3fe7b9f.mirbase21.mirnas.quantification.txt,Primary Tumor
d5ee3648-0adc-43ed-a110-bbaf84de9a99.mirbase21.mirnas.quantification.txt,Primary Tumor
f3617bfc-dcd3-4582-8b97-fbe3289546db.mirbase21.mirnas.quantification.txt,Primary Tumor
f753a28b-6708-471f-89ae-bd7e7df46e0d.mirbase21.mirnas.quantification.txt,Primary Tumor
2d7e4ca8-8d18-4124-83b0-48e93d1604fa.mirbase21.mirnas.quantification.txt,Primary Tumor
c0b2b62c-0f12-4d49-9157-f28bab4d2d99.mirbase21.mirnas.quantification.txt,Primary Tumor
1ec0188c-67d6-48bb-b60c-2dff733fa66e.mirbase21.mirnas.quantification.txt,Primary Tumor
0438896d-a123-4c1a-b6e3-321a8d253aad.mirbase21.mirnas.quantification.txt,Primary Tumor
01c96208-efcb-4bf6-9601-bdcebff26035.mirbase21.mirnas.quantification.txt,Primary Tumor
af8e54ab-b9d2-4dd0-886e-97f3d870dbc9.mirbase21.mirnas.quantification.txt,Primary Tumor
a2e1aad7-6f76-40d1-a72a-1582f78cf03f.mirbase21.mirnas.quantification.txt,Metastatic
45553090-5747-4f06-bbd9-aea5bec7fd53.mirbase21.mirnas.quantification.txt,Metastatic
1dae7999-9d46-4dc4-a259-5e1c7b8d9c8d.mirbase21.mirnas.quantification.txt,Primary Tumor